dataset,path,point_count,min_x,min_y,min_z,max_x,max_y,max_z,span_x,span_y,span_z,density_points_per_m2_proxy,intensity_q,return_number_q,number_of_returns_q,intensity_hist_sum,return_number_hist_sum,number_of_returns_hist_sum,class_hist_sum
ECLAIR,/csehome/m23csa510/lidar_experiments/datasets/eclair/pointclouds/pointcloud_0.laz,1097,360392.138,6671863.251,56.097,360399.999,6671899.992,64.211,7.861000000033528,36.74099999945611,8.113999999999997,3.7982002562603148,"[11971.0, 12514.76, 39471.0, 52580.03999999999, 54349.0]","[1.0, 1.0, 2.0, 4.0, 5.0]","[1.0, 1.0, 2.0, 4.0, 5.0]",global_ECLAIR_intensity,global_ECLAIR_return_number,global_ECLAIR_number_of_returns,global_ECLAIR_class
ECLAIR,/csehome/m23csa510/lidar_experiments/datasets/eclair/pointclouds/pointcloud_1.laz,14593,360382.166,6671900.024,57.479,360399.998,6671999.99,72.164,17.831999999994878,99.9660000000149,14.685000000000002,8.186385883538906,"[9545.0, 12483.12, 42441.0, 53245.4, 58584.0]","[1.0, 1.0, 1.0, 4.0, 7.0]","[1.0, 1.0, 2.0, 5.0, 7.0]",global_ECLAIR_intensity,global_ECLAIR_return_number,global_ECLAIR_number_of_returns,global_ECLAIR_class
ECLAIR,/csehome/m23csa510/lidar_experiments/datasets/eclair/pointclouds/pointcloud_10.laz,710166,360500.0,6671800.0,33.44,360599.999,6671899.999,96.07300000000001,99.99900000001071,99.99899999983609,62.63300000000001,71.01802035341406,"[588.0, 6550.0, 35726.0, 53708.0, 57953.0]","[1.0, 1.0, 1.0, 4.0, 8.0]","[1.0, 1.0, 2.0, 5.0, 8.0]",global_ECLAIR_intensity,global_ECLAIR_return_number,global_ECLAIR_number_of_returns,global_ECLAIR_class
ECLAIR,/csehome/m23csa510/lidar_experiments/datasets/eclair/pointclouds/pointcloud_100.laz,419583,361600.0,6671300.0,44.55,361699.999,6671399.974,108.095,99.99900000001071,99.97400000039488,63.545,41.96963169126538,"[2128.0, 9826.0, 34572.0, 52297.0, 58018.0]","[1.0, 1.0, 2.0, 4.0, 8.0]","[1.0, 1.0, 2.0, 5.0, 8.0]",global_ECLAIR_intensity,global_ECLAIR_return_number,global_ECLAIR_number_of_returns,global_ECLAIR_class
ECLAIR,/csehome/m23csa510/lidar_experiments/datasets/eclair/pointclouds/pointcloud_1000.laz,645800,366400.0,6676700.0,43.97,366499.999,6676799.999,117.656,99.99900000001071,99.99899999983609,73.686,64.5812916194732,"[551.0, 9816.0, 38044.0, 53764.01000000001, 59216.0]","[1.0, 1.0, 1.0, 5.0, 8.0]","[1.0, 1.0, 2.0, 5.0, 8.0]",global_ECLAIR_intensity,global_ECLAIR_return_number,global_ECLAIR_number_of_returns,global_ECLAIR_class
ECLAIR,/csehome/m23csa510/lidar_experiments/datasets/eclair/pointclouds/pointcloud_1001.laz,616958,366400.0,6676800.0,50.902,366499.999,6676899.999,121.159,99.99900000001071,99.99899999983609,70.257,61.69703393460351,"[720.0, 11843.0, 46407.0, 54010.0, 60969.0]","[1.0, 1.0, 1.0, 4.0, 8.0]","[1.0, 1.0, 1.0, 5.0, 8.0]",global_ECLAIR_intensity,global_ECLAIR_return_number,global_ECLAIR_number_of_returns,global_ECLAIR_class
ECLAIR,/csehome/m23csa510/lidar_experiments/datasets/eclair/pointclouds/pointcloud_1002.laz,160984,366400.002,6676900.0,51.876000000000005,366499.999,6676954.807,79.701,99.99700000003213,54.8070000000298,27.82499999999999,29.373771537349366,"[9020.0, 13375.83, 34534.0, 50066.17000000001, 55873.0]","[1.0, 1.0, 2.0, 4.0, 7.0]","[1.0, 1.0, 2.0, 5.0, 7.0]",global_ECLAIR_intensity,global_ECLAIR_return_number,global_ECLAIR_number_of_returns,global_ECLAIR_class
ECLAIR,/csehome/m23csa510/lidar_experiments/datasets/eclair/pointclouds/pointcloud_1003.laz,540382,366500.0,6674313.373,23.277,366599.999,6674399.999,50.004,99.99900000001071,86.62600000016391,26.726999999999997,62.381664150827504,"[6351.0, 14441.99, 44522.0, 53104.0, 65535.0]","[1.0, 1.0, 1.0, 3.0, 7.0]","[1.0, 1.0, 1.0, 4.0, 7.0]",global_ECLAIR_intensity,global_ECLAIR_return_number,global_ECLAIR_number_of_returns,global_ECLAIR_class
ECLAIR,/csehome/m23csa510/lidar_experiments/datasets/eclair/pointclouds/pointcloud_1004.laz,789510,366500.0,6674400.0,19.113,366599.999,6674499.999,101.017,99.99900000001071,99.99899999983609,81.904,78.95257904380658,"[1176.0, 12350.99, 45164.0, 52704.0, 65535.0]","[1.0, 1.0, 1.0, 3.0, 8.0]","[1.0, 1.0, 1.0, 4.0, 8.0]",global_ECLAIR_intensity,global_ECLAIR_return_number,global_ECLAIR_number_of_returns,global_ECLAIR_class
ECLAIR,/csehome/m23csa510/lidar_experiments/datasets/eclair/pointclouds/pointcloud_1005.laz,354239,366500.0,6674500.0,19.234,366599.999,6674585.975,46.266999999999996,99.99900000001071,85.97499999962747,27.032999999999994,41.20297091327959,"[9457.0, 14346.380000000001, 40013.0, 53367.619999999995, 65535.0]","[1.0, 1.0, 1.0, 4.0, 7.0]","[1.0, 1.0, 2.0, 5.0, 7.0]",global_ECLAIR_intensity,global_ECLAIR_return_number,global_ECLAIR_number_of_returns,global_ECLAIR_class
ECLAIR,/csehome/m23csa510/lidar_experiments/datasets/eclair/pointclouds/pointcloud_1006.laz,381716,366500.0,6676713.29,43.31,366599.998,6676799.999,81.85900000000001,99.99800000002142,86.70899999979883,38.54900000000001,44.02353094528749,"[6517.0, 11701.0, 38881.0, 52700.0, 58311.0]","[1.0, 1.0, 1.0, 4.0, 7.0]","[1.0, 1.0, 2.0, 5.0, 7.0]",global_ECLAIR_intensity,global_ECLAIR_return_number,global_ECLAIR_number_of_returns,global_ECLAIR_class
ECLAIR,/csehome/m23csa510/lidar_experiments/datasets/eclair/pointclouds/pointcloud_1007.laz,589850,366500.0,6676800.0,47.509,366599.999,6676899.999,120.58,99.99900000001071,99.99899999983609,73.071,58.9861797177861,"[1636.0, 10262.0, 47338.0, 54178.0, 59002.0]","[1.0, 1.0, 1.0, 4.0, 8.0]","[1.0, 1.0, 1.0, 5.0, 8.0]",global_ECLAIR_intensity,global_ECLAIR_return_number,global_ECLAIR_number_of_returns,global_ECLAIR_class
ECLAIR,/csehome/m23csa510/lidar_experiments/datasets/eclair/pointclouds/pointcloud_1008.laz,318790,366500.0,6676900.0,55.451,366599.999,6676981.027,86.463,99.99900000001071,81.02699999976903,31.011999999999993,39.34406900573314,"[4960.0, 10753.0, 38325.0, 52130.0, 56631.0]","[1.0, 1.0, 1.0, 4.0, 7.0]","[1.0, 1.0, 2.0, 5.0, 7.0]",global_ECLAIR_intensity,global_ECLAIR_return_number,global_ECLAIR_number_of_returns,global_ECLAIR_class
ECLAIR,/csehome/m23csa510/lidar_experiments/datasets/eclair/pointclouds/pointcloud_1009.laz,6021,366662.691,6674288.616,34.235,366699.994,6674299.999,39.552,37.303000000014435,11.382999999448657,5.317,14.17973554114799,"[14130.0, 18816.4, 43162.0, 49621.6, 56693.0]","[1.0, 1.0, 1.0, 3.0, 4.0]","[1.0, 1.0, 1.0, 3.0, 4.0]",global_ECLAIR_intensity,global_ECLAIR_return_number,global_ECLAIR_number_of_returns,global_ECLAIR_class
ECLAIR,/csehome/m23csa510/lidar_experiments/datasets/eclair/pointclouds/pointcloud_101.laz,188,361600.003,6671400.01,47.903999999999996,361614.028,6671404.389,52.119,14.024999999965075,4.379000000655651,4.215000000000003,3.0611177390115376,"[14222.0, 14344.58, 24525.0, 50390.7, 53224.0]","[1.0, 1.87, 3.0, 5.0, 6.0]","[1.0, 1.87, 3.0, 5.0, 6.0]",global_ECLAIR_intensity,global_ECLAIR_return_number,global_ECLAIR_number_of_returns,global_ECLAIR_class
ECLAIR,/csehome/m23csa510/lidar_experiments/datasets/eclair/pointclouds/pointcloud_1010.laz,742198,366600.0,6674300.0,28.146,366699.999,6674399.999,101.717,99.99900000001071,99.99899999983609,73.571,74.22128441837995,"[2535.0, 10263.99, 43237.0, 53397.01000000001, 65535.0]","[1.0, 1.0, 1.0, 4.0, 7.0]","[1.0, 1.0, 1.0, 5.0, 7.0]",global_ECLAIR_intensity,global_ECLAIR_return_number,global_ECLAIR_number_of_returns,global_ECLAIR_class
ECLAIR,/csehome/m23csa510/lidar_experiments/datasets/eclair/pointclouds/pointcloud_1011.laz,745987,366600.0,6674400.0,20.351,366699.999,6674499.999,83.839,99.99900000001071,99.99899999983609,63.488,74.6001919964942,"[0.0, 24670.949999999997, 46246.0, 52930.0, 65535.0]","[1.0, 1.0, 1.0, 2.0, 5.0]","[1.0, 1.0, 1.0, 2.0, 6.0]",global_ECLAIR_intensity,global_ECLAIR_return_number,global_ECLAIR_number_of_returns,global_ECLAIR_class
ECLAIR,/csehome/m23csa510/lidar_experiments/datasets/eclair/pointclouds/pointcloud_1012.laz,187624,366600.0,6674500.0,19.723,366699.999,6674577.764,37.958,99.99900000001071,77.76400000043213,18.235,24.12760097959208,"[13074.0, 19366.0, 42849.0, 51597.0, 65535.0]","[1.0, 1.0, 1.0, 3.0, 6.0]","[1.0, 1.0, 1.0, 3.0, 6.0]",global_ECLAIR_intensity,global_ECLAIR_return_number,global_ECLAIR_number_of_returns,global_ECLAIR_class
ECLAIR,/csehome/m23csa510/lidar_experiments/datasets/eclair/pointclouds/pointcloud_1013.laz,155692,366600.0,6676729.33,29.705,366699.999,6676799.999,66.5,99.99900000001071,70.66899999976158,36.795,22.03137966238067,"[10613.0, 15211.0, 41575.0, 51184.09, 65535.0]","[1.0, 1.0, 1.0, 4.0, 8.0]","[1.0, 1.0, 2.0, 5.0, 8.0]",global_ECLAIR_intensity,global_ECLAIR_return_number,global_ECLAIR_number_of_returns,global_ECLAIR_class
ECLAIR,/csehome/m23csa510/lidar_experiments/datasets/eclair/pointclouds/pointcloud_1014.laz,569013,366600.0,6676800.0,35.263,366699.999,6676899.999,121.917,99.99900000001071,99.99899999983609,86.654,56.902438043157794,"[678.0, 9968.99, 44527.0, 54278.0, 59697.0]","[1.0, 1.0, 1.0, 4.0, 8.0]","[1.0, 1.0, 2.0, 5.0, 8.0]",global_ECLAIR_intensity,global_ECLAIR_return_number,global_ECLAIR_number_of_returns,global_ECLAIR_class
ECLAIR,/csehome/m23csa510/lidar_experiments/datasets/eclair/pointclouds/pointcloud_1015.laz,504822,366600.0,6676900.0,48.804,366699.999,6676999.999,129.87900000000002,99.99900000001071,99.99899999983609,81.07500000000002,50.483209659222204,"[130.0, 10403.0, 39415.0, 52915.0, 65535.0]","[1.0, 1.0, 1.0, 4.0, 7.0]","[1.0, 1.0, 2.0, 5.0, 7.0]",global_ECLAIR_intensity,global_ECLAIR_return_number,global_ECLAIR_number_of_returns,global_ECLAIR_class
ECLAIR,/csehome/m23csa510/lidar_experiments/datasets/eclair/pointclouds/pointcloud_1016.laz,4886,366660.46,6677000.0,54.168,366699.997,6677017.673,68.429,39.53699999995297,17.673000000417233,14.261000000000003,6.992612665212781,"[13953.0, 15107.95, 34119.5, 49735.049999999996, 52587.0]","[1.0, 1.0, 2.0, 5.0, 7.0]","[1.0, 1.0, 2.0, 5.0, 7.0]",global_ECLAIR_intensity,global_ECLAIR_return_number,global_ECLAIR_number_of_returns,global_ECLAIR_class
ECLAIR,/csehome/m23csa510/lidar_experiments/datasets/eclair/pointclouds/pointcloud_1017.laz,106982,366700.001,6674261.384,31.83,366799.999,6674299.999,45.466,99.99800000002142,38.61500000022352,13.636000000000003,27.70533204250977,"[12611.0, 18304.239999999998, 43764.0, 51113.0, 65535.0]","[1.0, 1.0, 1.0, 3.0, 6.0]","[1.0, 1.0, 1.0, 3.0, 6.0]",global_ECLAIR_intensity,global_ECLAIR_return_number,global_ECLAIR_number_of_returns,global_ECLAIR_class
ECLAIR,/csehome/m23csa510/lidar_experiments/datasets/eclair/pointclouds/pointcloud_1018.laz,775757,366700.0,6674300.0,28.397,366799.999,6674399.999,71.16499999999999,99.99900000001071,99.99899999983609,42.767999999999994,77.57725153739187,"[254.0, 17099.989999999998, 45446.0, 52843.0, 65535.0]","[1.0, 1.0, 1.0, 3.0, 7.0]","[1.0, 1.0, 1.0, 3.0, 7.0]",global_ECLAIR_intensity,global_ECLAIR_return_number,global_ECLAIR_number_of_returns,global_ECLAIR_class
ECLAIR,/csehome/m23csa510/lidar_experiments/datasets/eclair/pointclouds/pointcloud_1019.laz,690988,366700.0,6674400.0,11.966000000000001,366799.999,6674499.999,107.986,99.99900000001071,99.99899999983609,96.02000000000001,69.10018199683579,"[0.0, 20517.98, 44566.0, 52653.0, 65535.0]","[1.0, 1.0, 1.0, 2.0, 5.0]","[1.0, 1.0, 1.0, 2.0, 6.0]",global_ECLAIR_intensity,global_ECLAIR_return_number,global_ECLAIR_number_of_returns,global_ECLAIR_class
ECLAIR,/csehome/m23csa510/lidar_experiments/datasets/eclair/pointclouds/pointcloud_102.laz,58895,361600.0,6672329.284,31.454,361680.775,6672399.998,59.179,80.77500000002328,70.71399999968708,27.725,10.310887662777136,"[10602.0, 14191.0, 39491.0, 52808.0, 58007.0]","[1.0, 1.0, 1.0, 4.0, 6.0]","[1.0, 1.0, 2.0, 5.0, 6.0]",global_ECLAIR_intensity,global_ECLAIR_return_number,global_ECLAIR_number_of_returns,global_ECLAIR_class
ECLAIR,/csehome/m23csa510/lidar_experiments/datasets/eclair/pointclouds/pointcloud_1020.laz,93288,366700.001,6674500.0,19.902,366799.995,6674556.155,47.647,99.99400000000605,56.15500000026077,27.744999999999997,16.61358696739704,"[13651.0, 25939.35, 41475.0, 50535.0, 65535.0]","[1.0, 1.0, 1.0, 2.0, 3.0]","[1.0, 1.0, 1.0, 2.0, 3.0]",global_ECLAIR_intensity,global_ECLAIR_return_number,global_ECLAIR_number_of_returns,global_ECLAIR_class
ECLAIR,/csehome/m23csa510/lidar_experiments/datasets/eclair/pointclouds/pointcloud_1021.laz,59011,366700.0,6676742.453,27.566,366799.999,6676799.999,34.745,99.99900000001071,57.54600000008941,7.1789999999999985,10.254681492337113,"[16310.0, 43681.1, 46817.0, 51038.9, 53778.0]","[1.0, 1.0, 1.0, 1.0, 6.0]","[1.0, 1.0, 1.0, 1.0, 6.0]",global_ECLAIR_intensity,global_ECLAIR_return_number,global_ECLAIR_number_of_returns,global_ECLAIR_class
ECLAIR,/csehome/m23csa510/lidar_experiments/datasets/eclair/pointclouds/pointcloud_1022.laz,344882,366700.0,6676800.0,28.215,366799.999,6676899.999,107.565,99.99900000001071,99.99899999983609,79.35,34.48888977439944,"[1460.0, 11501.0, 46967.0, 53519.0, 58635.0]","[1.0, 1.0, 1.0, 4.0, 7.0]","[1.0, 1.0, 1.0, 5.0, 7.0]",global_ECLAIR_intensity,global_ECLAIR_return_number,global_ECLAIR_number_of_returns,global_ECLAIR_class
ECLAIR,/csehome/m23csa510/lidar_experiments/datasets/eclair/pointclouds/pointcloud_1023.laz,511773,366700.0,6676900.0,33.057,366799.999,6676999.999,102.179,99.99900000001071,99.99899999983609,69.122,51.1783235614318,"[3498.0, 11432.99, 46649.0, 53612.0, 65535.0]","[1.0, 1.0, 1.0, 4.0, 8.0]","[1.0, 1.0, 1.0, 5.0, 8.0]",global_ECLAIR_intensity,global_ECLAIR_return_number,global_ECLAIR_number_of_returns,global_ECLAIR_class
ECLAIR,/csehome/m23csa510/lidar_experiments/datasets/eclair/pointclouds/pointcloud_1024.laz,130345,366700.0,6677000.0,41.224000000000004,366799.999,6677053.318,73.71600000000001,99.99900000001071,53.3179999999702,32.492000000000004,24.446960400445164,"[10144.0, 13621.32, 37461.0, 50118.0, 54640.0]","[1.0, 1.0, 1.0, 4.0, 7.0]","[1.0, 1.0, 2.0, 5.0, 7.0]",global_ECLAIR_intensity,global_ECLAIR_return_number,global_ECLAIR_number_of_returns,global_ECLAIR_class
ECLAIR,/csehome/m23csa510/lidar_experiments/datasets/eclair/pointclouds/pointcloud_1025.laz,312708,366800.0,6674238.225,32.905,366899.999,6674299.999,57.483000000000004,99.99900000001071,61.774000000208616,24.578000000000003,50.621803203642564,"[9826.0, 14329.07, 43134.0, 52116.92999999999, 65535.0]","[1.0, 1.0, 1.0, 4.0, 7.0]","[1.0, 1.0, 1.0, 4.0, 7.0]",global_ECLAIR_intensity,global_ECLAIR_return_number,global_ECLAIR_number_of_returns,global_ECLAIR_class
ECLAIR,/csehome/m23csa510/lidar_experiments/datasets/eclair/pointclouds/pointcloud_1026.laz,817381,366800.0,6674300.0,6.687000000000001,366899.999,6674399.999,108.87,99.99900000001071,99.99899999983609,102.183,81.73973478664698,"[0.0, 16034.97, 46298.0, 53034.0, 65535.0]","[1.0, 1.0, 1.0, 3.0, 6.0]","[1.0, 1.0, 1.0, 3.0, 7.0]",global_ECLAIR_intensity,global_ECLAIR_return_number,global_ECLAIR_number_of_returns,global_ECLAIR_class
ECLAIR,/csehome/m23csa510/lidar_experiments/datasets/eclair/pointclouds/pointcloud_1027.laz,666578,366800.0,6674400.0,27.874,366899.999,6674499.999,107.388,99.99900000001071,99.99899999983609,79.51400000000001,66.65913317609973,"[897.0, 12195.0, 43792.0, 53548.0, 65535.0]","[1.0, 1.0, 1.0, 4.0, 7.0]","[1.0, 1.0, 1.0, 5.0, 7.0]",global_ECLAIR_intensity,global_ECLAIR_return_number,global_ECLAIR_number_of_returns,global_ECLAIR_class
ECLAIR,/csehome/m23csa510/lidar_experiments/datasets/eclair/pointclouds/pointcloud_1028.laz,29072,366800.0,6674500.0,28.187,366899.981,6674520.969,43.507,99.98100000002887,20.968999999575317,15.319999999999997,13.866910549038653,"[14648.0, 16968.0, 39975.0, 49024.29, 52761.0]","[1.0, 1.0, 1.0, 4.0, 6.0]","[1.0, 1.0, 1.0, 5.0, 6.0]",global_ECLAIR_intensity,global_ECLAIR_return_number,global_ECLAIR_number_of_returns,global_ECLAIR_class
ECLAIR,/csehome/m23csa510/lidar_experiments/datasets/eclair/pointclouds/pointcloud_1029.laz,7724,366800.009,6676777.484,27.539,366848.758,6676799.999,32.253,48.7489999999525,22.514999999664724,4.713999999999999,7.037276295026862,"[19295.0, 38373.090000000004, 47107.0, 49723.85, 50975.0]","[1.0, 1.0, 1.0, 2.0, 4.0]","[1.0, 1.0, 1.0, 2.0, 4.0]",global_ECLAIR_intensity,global_ECLAIR_return_number,global_ECLAIR_number_of_returns,global_ECLAIR_class
ECLAIR,/csehome/m23csa510/lidar_experiments/datasets/eclair/pointclouds/pointcloud_103.laz,417117,361600.0,6672400.0,30.249,361699.999,6672499.999,101.605,99.99900000001071,99.99899999983609,71.35600000000001,41.71253424657758,"[647.0, 11427.16, 41774.0, 54793.0, 59366.0]","[1.0, 1.0, 1.0, 4.0, 7.0]","[1.0, 1.0, 2.0, 5.0, 7.0]",global_ECLAIR_intensity,global_ECLAIR_return_number,global_ECLAIR_number_of_returns,global_ECLAIR_class
ECLAIR,/csehome/m23csa510/lidar_experiments/datasets/eclair/pointclouds/pointcloud_1030.laz,232819,366800.0,6676800.0,26.634999999999998,366899.999,6676899.998,39.626,99.99900000001071,99.99799999967217,12.991,23.28259847337151,"[11110.0, 21152.36, 48045.0, 53505.0, 56183.0]","[1.0, 1.0, 1.0, 2.0, 5.0]","[1.0, 1.0, 1.0, 3.0, 5.0]",global_ECLAIR_intensity,global_ECLAIR_return_number,global_ECLAIR_number_of_returns,global_ECLAIR_class
ECLAIR,/csehome/m23csa510/lidar_experiments/datasets/eclair/pointclouds/pointcloud_1031.laz,411102,366800.0,6676900.0,29.154,366899.999,6676999.999,115.026,99.99900000001071,99.99899999983609,85.872,41.11102221639621,"[2349.0, 23302.04, 49238.0, 53312.0, 56464.0]","[1.0, 1.0, 1.0, 2.0, 4.0]","[1.0, 1.0, 1.0, 2.0, 4.0]",global_ECLAIR_intensity,global_ECLAIR_return_number,global_ECLAIR_number_of_returns,global_ECLAIR_class
ECLAIR,/csehome/m23csa510/lidar_experiments/datasets/eclair/pointclouds/pointcloud_1032.laz,239935,366800.001,6677000.001,37.86,366899.999,6677087.113,65.979,99.99800000002142,87.11199999973178,28.119,27.54382849626496,"[11211.0, 15651.0, 46632.0, 53276.66, 55556.0]","[1.0, 1.0, 1.0, 3.0, 7.0]","[1.0, 1.0, 1.0, 4.0, 7.0]",global_ECLAIR_intensity,global_ECLAIR_return_number,global_ECLAIR_number_of_returns,global_ECLAIR_class
ECLAIR,/csehome/m23csa510/lidar_experiments/datasets/eclair/pointclouds/pointcloud_1033.laz,617535,366900.0,6674205.439,36.543,366999.999,6674299.999,70.001,99.99900000001071,94.55999999959022,33.458000000000006,65.30680789068994,"[493.0, 15045.0, 45913.0, 52596.01000000001, 65535.0]","[1.0, 1.0, 1.0, 3.0, 6.0]","[1.0, 1.0, 1.0, 4.0, 6.0]",global_ECLAIR_intensity,global_ECLAIR_return_number,global_ECLAIR_number_of_returns,global_ECLAIR_class
ECLAIR,/csehome/m23csa510/lidar_experiments/datasets/eclair/pointclouds/pointcloud_1034.laz,994506,366900.0,6674300.0,33.051,366999.999,6674399.999,100.982,99.99900000001071,99.99899999983609,67.931,99.45258904198793,"[0.0, 18155.97, 46188.5, 53567.0, 65535.0]","[1.0, 1.0, 1.0, 2.0, 6.0]","[1.0, 1.0, 1.0, 3.0, 6.0]",global_ECLAIR_intensity,global_ECLAIR_return_number,global_ECLAIR_number_of_returns,global_ECLAIR_class
ECLAIR,/csehome/m23csa510/lidar_experiments/datasets/eclair/pointclouds/pointcloud_1035.laz,454674,366900.0,6674400.0,30.799,366999.998,6674499.997,53.825,99.99800000002142,99.99700000043958,23.026000000000003,45.4696734561814,"[7457.0, 14044.0, 42292.0, 52502.0, 65535.0]","[1.0, 1.0, 1.0, 4.0, 7.0]","[1.0, 1.0, 1.0, 4.0, 7.0]",global_ECLAIR_intensity,global_ECLAIR_return_number,global_ECLAIR_number_of_returns,global_ECLAIR_class
ECLAIR,/csehome/m23csa510/lidar_experiments/datasets/eclair/pointclouds/pointcloud_1036.laz,112,366900.018,6674500.009,30.792,366903.447,6674502.028,31.192,3.4290000000037253,2.019000000320375,0.3999999999999986,16.17760467482309,"[18306.0, 19511.46, 45526.5, 49880.83, 50150.0]","[1.0, 1.0, 1.0, 2.0, 2.0]","[1.0, 1.0, 1.0, 2.0, 2.0]",global_ECLAIR_intensity,global_ECLAIR_return_number,global_ECLAIR_number_of_returns,global_ECLAIR_class
ECLAIR,/csehome/m23csa510/lidar_experiments/datasets/eclair/pointclouds/pointcloud_1037.laz,128341,366900.001,6676821.584,27.086,366999.999,6676899.999,40.367,99.99800000002142,78.41500000003725,13.280999999999999,16.3672214335585,"[11895.0, 16745.8, 46240.0, 51663.0, 56674.0]","[1.0, 1.0, 1.0, 3.0, 5.0]","[1.0, 1.0, 1.0, 4.0, 5.0]",global_ECLAIR_intensity,global_ECLAIR_return_number,global_ECLAIR_number_of_returns,global_ECLAIR_class
ECLAIR,/csehome/m23csa510/lidar_experiments/datasets/eclair/pointclouds/pointcloud_1038.laz,388496,366900.0,6676900.0,27.614,366999.999,6676999.999,101.45100000000001,99.99900000001071,99.99899999983609,73.837,38.850377003714556,"[361.0, 20179.0, 49301.0, 53367.0, 57626.0]","[1.0, 1.0, 1.0, 2.0, 5.0]","[1.0, 1.0, 1.0, 3.0, 5.0]",global_ECLAIR_intensity,global_ECLAIR_return_number,global_ECLAIR_number_of_returns,global_ECLAIR_class
ECLAIR,/csehome/m23csa510/lidar_experiments/datasets/eclair/pointclouds/pointcloud_1039.laz,351687,366900.0,6677000.0,29.253999999999998,366999.999,6677099.999,107.71600000000001,99.99900000001071,99.99899999983609,78.46200000000002,35.16940338460463,"[1096.0, 14676.720000000001, 47514.0, 52263.0, 59385.0]","[1.0, 1.0, 1.0, 3.0, 7.0]","[1.0, 1.0, 1.0, 3.0, 7.0]",global_ECLAIR_intensity,global_ECLAIR_return_number,global_ECLAIR_number_of_returns,global_ECLAIR_class
ECLAIR,/csehome/m23csa510/lidar_experiments/datasets/eclair/pointclouds/pointcloud_104.laz,451741,361600.0,6672500.0,30.268,361699.999,6672599.999,103.462,99.99900000001071,99.99899999983609,73.194,45.17500349562162,"[1088.0, 10473.0, 42395.0, 54627.0, 65535.0]","[1.0, 1.0, 1.0, 4.0, 8.0]","[1.0, 1.0, 1.0, 5.0, 8.0]",global_ECLAIR_intensity,global_ECLAIR_return_number,global_ECLAIR_number_of_returns,global_ECLAIR_class
ECLAIR,/csehome/m23csa510/lidar_experiments/datasets/eclair/pointclouds/pointcloud_1040.laz,19955,366938.425,6677100.001,32.329,366999.999,6677127.802,40.393,61.57400000002235,27.80099999997765,8.064,11.657191931234655,"[36988.0, 43724.54, 45655.0, 48687.92, 50834.0]","[1.0, 1.0, 1.0, 1.0, 1.0]","[1.0, 1.0, 1.0, 1.0, 1.0]",global_ECLAIR_intensity,global_ECLAIR_return_number,global_ECLAIR_number_of_returns,global_ECLAIR_class
ECLAIR,/csehome/m23csa510/lidar_experiments/datasets/eclair/pointclouds/pointcloud_1041.laz,180453,367025.637,6674160.635,42.445,367099.999,6674199.999,64.556,74.36200000002282,39.364000000059605,22.110999999999997,61.64726611217638,"[7363.0, 12792.04, 42433.0, 51793.0, 65535.0]","[1.0, 1.0, 1.0, 4.0, 7.0]","[1.0, 1.0, 1.0, 4.0, 7.0]",global_ECLAIR_intensity,global_ECLAIR_return_number,global_ECLAIR_number_of_returns,global_ECLAIR_class
ECLAIR,/csehome/m23csa510/lidar_experiments/datasets/eclair/pointclouds/pointcloud_1042.laz,1428578,367000.0,6674200.0,-211.406,367099.999,6674299.999,87.065,99.99900000001071,99.99899999983609,298.471,142.86065719907677,"[0.0, 8787.0, 44152.5, 52481.0, 65535.0]","[1.0, 1.0, 1.0, 4.0, 8.0]","[1.0, 1.0, 1.0, 5.0, 8.0]",global_ECLAIR_intensity,global_ECLAIR_return_number,global_ECLAIR_number_of_returns,global_ECLAIR_class
ECLAIR,/csehome/m23csa510/lidar_experiments/datasets/eclair/pointclouds/pointcloud_1043.laz,1108301,367000.0,6674300.0,-211.398,367099.999,6674399.999,108.277,99.99900000001071,99.99899999983609,319.675,110.83231663541928,"[0.0, 13181.99, 47256.0, 53465.0, 65535.0]","[1.0, 1.0, 1.0, 3.0, 7.0]","[1.0, 1.0, 1.0, 4.0, 7.0]",global_ECLAIR_intensity,global_ECLAIR_return_number,global_ECLAIR_number_of_returns,global_ECLAIR_class
ECLAIR,/csehome/m23csa510/lidar_experiments/datasets/eclair/pointclouds/pointcloud_1044.laz,175278,367000.0,6674400.0,35.853,367099.999,6674483.516,51.024,99.99900000001071,83.51599999982864,15.171,20.98756559196667,"[10586.0, 18463.54, 43988.0, 52010.0, 65535.0]","[1.0, 1.0, 1.0, 3.0, 5.0]","[1.0, 1.0, 1.0, 3.0, 5.0]",global_ECLAIR_intensity,global_ECLAIR_return_number,global_ECLAIR_number_of_returns,global_ECLAIR_class
ECLAIR,/csehome/m23csa510/lidar_experiments/datasets/eclair/pointclouds/pointcloud_1045.laz,38724,367000.0,6676861.969,26.808999999999997,367099.978,6676899.999,27.7,99.9780000000028,38.03000000026077,0.8910000000000018,10.184728149983528,"[15543.0, 44571.69, 46924.0, 49499.77, 52912.0]","[1.0, 1.0, 1.0, 1.0, 3.0]","[1.0, 1.0, 1.0, 1.0, 3.0]",global_ECLAIR_intensity,global_ECLAIR_return_number,global_ECLAIR_number_of_returns,global_ECLAIR_class
ECLAIR,/csehome/m23csa510/lidar_experiments/datasets/eclair/pointclouds/pointcloud_1046.laz,340605,367000.0,6676900.0,26.85,367099.999,6676999.999,74.269,99.99900000001071,99.99899999983609,47.419000000000004,34.06118122027047,"[2722.0, 19874.04, 49184.0, 54474.0, 57448.0]","[1.0, 1.0, 1.0, 2.0, 5.0]","[1.0, 1.0, 1.0, 3.0, 5.0]",global_ECLAIR_intensity,global_ECLAIR_return_number,global_ECLAIR_number_of_returns,global_ECLAIR_class
ECLAIR,/csehome/m23csa510/lidar_experiments/datasets/eclair/pointclouds/pointcloud_1047.laz,448660,367000.0,6677000.001,28.562,367099.999,6677099.999,103.99,99.99900000001071,99.99799999967217,75.428,44.86734601154915,"[2816.0, 15205.59, 48501.0, 53809.0, 56954.0]","[1.0, 1.0, 1.0, 3.0, 6.0]","[1.0, 1.0, 1.0, 3.0, 6.0]",global_ECLAIR_intensity,global_ECLAIR_return_number,global_ECLAIR_number_of_returns,global_ECLAIR_class
ECLAIR,/csehome/m23csa510/lidar_experiments/datasets/eclair/pointclouds/pointcloud_1048.laz,115155,367000.0,6677100.0,29.776,367099.999,6677160.023,33.043,99.99900000001071,60.0230000000447,3.2669999999999995,19.185337547509707,"[14840.0, 44524.0, 47212.0, 51073.0, 53620.0]","[1.0, 1.0, 1.0, 1.0, 2.0]","[1.0, 1.0, 1.0, 1.0, 2.0]",global_ECLAIR_intensity,global_ECLAIR_return_number,global_ECLAIR_number_of_returns,global_ECLAIR_class
ECLAIR,/csehome/m23csa510/lidar_experiments/datasets/eclair/pointclouds/pointcloud_1049.laz,112183,367148.088,6674042.541,29.774,367199.999,6674099.999,47.576,51.911000000021886,57.45799999963492,17.802,37.61119650880333,"[12145.0, 22594.82, 44304.0, 52503.17999999999, 65535.0]","[1.0, 1.0, 1.0, 2.0, 3.0]","[1.0, 1.0, 1.0, 2.0, 3.0]",global_ECLAIR_intensity,global_ECLAIR_return_number,global_ECLAIR_number_of_returns,global_ECLAIR_class
ECLAIR,/csehome/m23csa510/lidar_experiments/datasets/eclair/pointclouds/pointcloud_105.laz,279878,361600.0,6672600.0,30.786,361699.999,6672699.991,58.706,99.99900000001071,99.99100000038743,27.92,27.990599034600482,"[6173.0, 11538.0, 34209.0, 49630.45999999996, 57155.0]","[1.0, 1.0, 2.0, 4.0, 7.0]","[1.0, 1.0, 2.0, 5.0, 7.0]",global_ECLAIR_intensity,global_ECLAIR_return_number,global_ECLAIR_number_of_returns,global_ECLAIR_class
ECLAIR,/csehome/m23csa510/lidar_experiments/datasets/eclair/pointclouds/pointcloud_1050.laz,1308596,367100.0,6674100.0,-50.04600000000001,367199.999,6674199.999,68.132,99.99900000001071,99.99899999983609,118.17800000000001,130.86221723145889,"[2375.0, 9925.0, 44965.0, 53248.01000000001, 65535.0]","[1.0, 1.0, 1.0, 3.0, 8.0]","[1.0, 1.0, 1.0, 4.0, 8.0]",global_ECLAIR_intensity,global_ECLAIR_return_number,global_ECLAIR_number_of_returns,global_ECLAIR_class
ECLAIR,/csehome/m23csa510/lidar_experiments/datasets/eclair/pointclouds/pointcloud_1051.laz,2161093,367100.0,6674200.0,33.359,367199.999,6674299.999,88.689,99.99900000001071,99.99899999983609,55.32999999999999,216.11362225116474,"[0.0, 8202.0, 44723.0, 53163.0, 65535.0]","[1.0, 1.0, 1.0, 4.0, 7.0]","[1.0, 1.0, 1.0, 4.0, 8.0]",global_ECLAIR_intensity,global_ECLAIR_return_number,global_ECLAIR_number_of_returns,global_ECLAIR_class
ECLAIR,/csehome/m23csa510/lidar_experiments/datasets/eclair/pointclouds/pointcloud_1052.laz,1041048,367100.0,6674300.0,33.038,367199.999,6674399.999,66.726,99.99900000001071,99.99899999983609,33.688,104.10688212739134,"[81.0, 13302.0, 45258.0, 52856.0, 65535.0]","[1.0, 1.0, 1.0, 3.0, 7.0]","[1.0, 1.0, 1.0, 4.0, 7.0]",global_ECLAIR_intensity,global_ECLAIR_return_number,global_ECLAIR_number_of_returns,global_ECLAIR_class
ECLAIR,/csehome/m23csa510/lidar_experiments/datasets/eclair/pointclouds/pointcloud_1053.laz,344419,367100.0,6674400.0,35.154,367199.999,6674499.999,68.328,99.99900000001071,99.99899999983609,33.174,34.442588848385476,"[3898.0, 21910.0, 43798.0, 52509.0, 65535.0]","[1.0, 1.0, 1.0, 2.0, 4.0]","[1.0, 1.0, 1.0, 2.0, 4.0]",global_ECLAIR_intensity,global_ECLAIR_return_number,global_ECLAIR_number_of_returns,global_ECLAIR_class
ECLAIR,/csehome/m23csa510/lidar_experiments/datasets/eclair/pointclouds/pointcloud_1054.laz,53199,367108.335,6674500.0,33.97,367199.998,6674580.696,48.75,91.66300000000047,80.69600000046194,14.780000000000001,7.1921277672634885,"[7514.0, 19799.7, 42809.0, 49266.0, 65535.0]","[1.0, 1.0, 1.0, 2.0, 6.0]","[1.0, 1.0, 1.0, 3.0, 6.0]",global_ECLAIR_intensity,global_ECLAIR_return_number,global_ECLAIR_number_of_returns,global_ECLAIR_class
ECLAIR,/csehome/m23csa510/lidar_experiments/datasets/eclair/pointclouds/pointcloud_1055.laz,5512,367090.0,6676895.133,26.808999999999997,367129.939,6676909.996,27.124,39.93900000001304,14.862999999895692,0.3150000000000013,9.285505346263433,"[43285.0, 44930.99, 46989.0, 49856.78, 51805.0]","[1.0, 1.0, 1.0, 1.0, 1.0]","[1.0, 1.0, 1.0, 1.0, 1.0]",global_ECLAIR_intensity,global_ECLAIR_return_number,global_ECLAIR_number_of_returns,global_ECLAIR_class
ECLAIR,/csehome/m23csa510/lidar_experiments/datasets/eclair/pointclouds/pointcloud_1056.laz,246314,367100.0,6676900.018,25.865000000000002,367199.998,6676999.999,49.308,99.99800000002142,99.98099999967963,23.442999999999998,24.63657358690792,"[10639.0, 18583.65, 49052.0, 54126.0, 56978.0]","[1.0, 1.0, 1.0, 3.0, 6.0]","[1.0, 1.0, 1.0, 3.0, 6.0]",global_ECLAIR_intensity,global_ECLAIR_return_number,global_ECLAIR_number_of_returns,global_ECLAIR_class
ECLAIR,/csehome/m23csa510/lidar_experiments/datasets/eclair/pointclouds/pointcloud_1057.laz,561458,367100.0,6677000.0,29.011,367199.999,6677099.999,99.746,99.99900000001071,99.99899999983609,70.735,56.14692293292998,"[227.0, 11491.98, 47203.0, 53517.01000000001, 57014.0]","[1.0, 1.0, 1.0, 3.0, 8.0]","[1.0, 1.0, 1.0, 4.0, 8.0]",global_ECLAIR_intensity,global_ECLAIR_return_number,global_ECLAIR_number_of_returns,global_ECLAIR_class
ECLAIR,/csehome/m23csa510/lidar_experiments/datasets/eclair/pointclouds/pointcloud_1058.laz,243116,367100.0,6677100.0,27.978,367199.999,6677191.687,45.685,99.99900000001071,91.68699999991804,17.707,26.51612891516825,"[12145.0, 33186.45, 47964.0, 52380.0, 55893.0]","[1.0, 1.0, 1.0, 1.0, 6.0]","[1.0, 1.0, 1.0, 2.0, 6.0]",global_ECLAIR_intensity,global_ECLAIR_return_number,global_ECLAIR_number_of_returns,global_ECLAIR_class
ECLAIR,/csehome/m23csa510/lidar_experiments/datasets/eclair/pointclouds/pointcloud_1059.laz,12522,367281.071,6673022.433,30.740000000000002,367299.999,6673099.989,41.230000000000004,18.928000000014435,77.55599999986589,10.490000000000002,8.530089151742501,"[16888.0, 23051.35, 45052.5, 52468.47999999999, 65535.0]","[1.0, 1.0, 1.0, 2.0, 3.0]","[1.0, 1.0, 1.0, 2.0, 3.0]",global_ECLAIR_intensity,global_ECLAIR_return_number,global_ECLAIR_number_of_returns,global_ECLAIR_class
ECLAIR,/csehome/m23csa510/lidar_experiments/datasets/eclair/pointclouds/pointcloud_106.laz,1300,361667.747,6672700.009,30.953,361699.995,6672724.181,46.905,32.24800000002142,24.17200000025332,15.952000000000002,1.6677386034973647,"[15259.0, 16578.86, 28490.5, 48449.12, 50402.0]","[1.0, 1.0, 2.0, 5.0, 6.0]","[1.0, 1.0, 3.0, 5.0, 6.0]",global_ECLAIR_intensity,global_ECLAIR_return_number,global_ECLAIR_number_of_returns,global_ECLAIR_class
ECLAIR,/csehome/m23csa510/lidar_experiments/datasets/eclair/pointclouds/pointcloud_1060.laz,13303,367280.23,6673100.001,27.756999999999998,367299.999,6673199.937,37.888,19.769000000029337,99.93599999975413,10.131,6.73353198058138,"[16850.0, 23365.3, 45863.0, 54839.979999999996, 65535.0]","[1.0, 1.0, 1.0, 2.0, 3.0]","[1.0, 1.0, 1.0, 2.0, 3.0]",global_ECLAIR_intensity,global_ECLAIR_return_number,global_ECLAIR_number_of_returns,global_ECLAIR_class
ECLAIR,/csehome/m23csa510/lidar_experiments/datasets/eclair/pointclouds/pointcloud_1061.laz,2619,367294.687,6673190.011,27.942999999999998,367309.999,6673221.525,34.226,15.312000000034459,31.514000000432134,6.283000000000001,5.427502689169448,"[17609.0, 29584.3, 48288.0, 51818.240000000005, 65535.0]","[1.0, 1.0, 1.0, 2.0, 2.0]","[1.0, 1.0, 1.0, 2.0, 2.0]",global_ECLAIR_intensity,global_ECLAIR_return_number,global_ECLAIR_number_of_returns,global_ECLAIR_class
ECLAIR,/csehome/m23csa510/lidar_experiments/datasets/eclair/pointclouds/pointcloud_1062.laz,3243,367289.751,6673773.466,32.866,367299.999,6673799.994,39.653,10.24800000002142,26.527999999932945,6.786999999999999,11.928980346519035,"[13017.0, 15144.48, 43580.0, 51221.45999999999, 53538.0]","[1.0, 1.0, 1.0, 4.0, 5.0]","[1.0, 1.0, 1.0, 4.0, 5.0]",global_ECLAIR_intensity,global_ECLAIR_return_number,global_ECLAIR_number_of_returns,global_ECLAIR_class
ECLAIR,/csehome/m23csa510/lidar_experiments/datasets/eclair/pointclouds/pointcloud_1063.laz,85378,367264.101,6673800.002,29.522,367299.999,6673899.999,51.129000000000005,35.897999999986496,99.99699999950826,21.607000000000006,23.784211214355807,"[11061.0, 14310.77, 43339.5, 52082.919999999984, 57678.0]","[1.0, 1.0, 1.0, 4.0, 6.0]","[1.0, 1.0, 1.0, 4.0, 6.0]",global_ECLAIR_intensity,global_ECLAIR_return_number,global_ECLAIR_number_of_returns,global_ECLAIR_class
ECLAIR,/csehome/m23csa510/lidar_experiments/datasets/eclair/pointclouds/pointcloud_1064.laz,333786,367224.665,6673900.0,21.137999999999998,367299.999,6673999.999,52.224000000000004,75.33400000003166,99.99899999983609,31.086000000000006,44.30792708389117,"[10009.0, 17712.0, 43747.0, 52481.0, 65535.0]","[1.0, 1.0, 1.0, 2.0, 7.0]","[1.0, 1.0, 1.0, 3.0, 7.0]",global_ECLAIR_intensity,global_ECLAIR_return_number,global_ECLAIR_number_of_returns,global_ECLAIR_class
ECLAIR,/csehome/m23csa510/lidar_experiments/datasets/eclair/pointclouds/pointcloud_1065.laz,1430561,367200.0,6674000.0,28.289,367299.999,6674099.999,92.18700000000001,99.99900000001071,99.99899999983609,63.89800000000001,143.05896116513657,"[0.0, 9758.99, 42844.0, 52945.0, 65535.0]","[1.0, 1.0, 1.0, 4.0, 7.0]","[1.0, 1.0, 1.0, 5.0, 8.0]",global_ECLAIR_intensity,global_ECLAIR_return_number,global_ECLAIR_number_of_returns,global_ECLAIR_class
ECLAIR,/csehome/m23csa510/lidar_experiments/datasets/eclair/pointclouds/pointcloud_1066.laz,2648961,367200.0,6674100.0,28.495,367299.999,6674199.999,97.773,99.99900000001071,99.99899999983609,69.27799999999999,264.90139800187575,"[0.0, 8192.0, 43084.0, 52895.0, 65535.0]","[1.0, 1.0, 1.0, 4.0, 8.0]","[1.0, 1.0, 1.0, 5.0, 8.0]",global_ECLAIR_intensity,global_ECLAIR_return_number,global_ECLAIR_number_of_returns,global_ECLAIR_class
ECLAIR,/csehome/m23csa510/lidar_experiments/datasets/eclair/pointclouds/pointcloud_1067.laz,1904324,367200.0,6674200.0,29.35,367299.999,6674299.999,78.378,99.99900000001071,99.99899999983609,49.028,190.43620870542225,"[0.0, 8247.0, 40273.0, 52961.01000000001, 65535.0]","[1.0, 1.0, 1.0, 4.0, 7.0]","[1.0, 1.0, 2.0, 5.0, 8.0]",global_ECLAIR_intensity,global_ECLAIR_return_number,global_ECLAIR_number_of_returns,global_ECLAIR_class
ECLAIR,/csehome/m23csa510/lidar_experiments/datasets/eclair/pointclouds/pointcloud_1068.laz,262237,367200.0,6674300.0,27.908,367299.999,6674399.999,51.363,99.99900000001071,99.99899999983609,23.455,26.22422448190739,"[4222.0, 13205.0, 43107.0, 51524.639999999985, 65535.0]","[1.0, 1.0, 1.0, 2.0, 5.0]","[1.0, 1.0, 1.0, 3.0, 5.0]",global_ECLAIR_intensity,global_ECLAIR_return_number,global_ECLAIR_number_of_returns,global_ECLAIR_class
ECLAIR,/csehome/m23csa510/lidar_experiments/datasets/eclair/pointclouds/pointcloud_1069.laz,579332,367200.0,6674400.0,30.231,367299.999,6674499.999,100.81700000000001,99.99900000001071,99.99899999983609,70.58600000000001,57.93435868146895,"[2626.0, 8278.0, 42672.0, 53052.01000000001, 65535.0]","[1.0, 1.0, 1.0, 4.0, 8.0]","[1.0, 1.0, 1.0, 5.0, 8.0]",global_ECLAIR_intensity,global_ECLAIR_return_number,global_ECLAIR_number_of_returns,global_ECLAIR_class
ECLAIR,/csehome/m23csa510/lidar_experiments/datasets/eclair/pointclouds/pointcloud_107.laz,118983,361700.041,6671015.3,43.695,361799.999,6671099.999,78.13,99.95799999998417,84.69900000002235,34.434999999999995,14.053648078183635,"[7634.0, 11105.82, 34496.0, 51526.359999999986, 56190.0]","[1.0, 1.0, 2.0, 5.0, 8.0]","[1.0, 1.0, 2.0, 5.0, 8.0]",global_ECLAIR_intensity,global_ECLAIR_return_number,global_ECLAIR_number_of_returns,global_ECLAIR_class
ECLAIR,/csehome/m23csa510/lidar_experiments/datasets/eclair/pointclouds/pointcloud_1070.laz,226341,367200.0,6674500.0,26.909,367299.999,6674598.127,64.611,99.99900000001071,98.12700000032783,37.702000000000005,23.06635925197488,"[3688.0, 9120.4, 35782.0, 50571.0, 65535.0]","[1.0, 1.0, 1.0, 5.0, 8.0]","[1.0, 1.0, 2.0, 5.0, 8.0]",global_ECLAIR_intensity,global_ECLAIR_return_number,global_ECLAIR_number_of_returns,global_ECLAIR_class
ECLAIR,/csehome/m23csa510/lidar_experiments/datasets/eclair/pointclouds/pointcloud_1071.laz,113633,367200.0,6676938.921,25.229,367299.998,6676999.999,50.886,99.99800000002142,61.07799999974668,25.657000000000004,18.604943302973425,"[10631.0, 16190.32, 47756.0, 53381.0, 65535.0]","[1.0, 1.0, 1.0, 3.0, 6.0]","[1.0, 1.0, 1.0, 4.0, 6.0]",global_ECLAIR_intensity,global_ECLAIR_return_number,global_ECLAIR_number_of_returns,global_ECLAIR_class
ECLAIR,/csehome/m23csa510/lidar_experiments/datasets/eclair/pointclouds/pointcloud_1072.laz,432926,367200.0,6677000.0,25.92,367299.999,6677099.999,99.08800000000001,99.99900000001071,99.99899999983609,73.168,43.29346586505428,"[374.0, 15822.75, 49779.0, 54275.0, 59580.0]","[1.0, 1.0, 1.0, 3.0, 8.0]","[1.0, 1.0, 1.0, 4.0, 8.0]",global_ECLAIR_intensity,global_ECLAIR_return_number,global_ECLAIR_number_of_returns,global_ECLAIR_class
ECLAIR,/csehome/m23csa510/lidar_experiments/datasets/eclair/pointclouds/pointcloud_1073.laz,352840,367200.0,6677100.0,27.422,367299.999,6677199.999,82.506,99.99900000001071,99.99899999983609,55.084,35.2847056906394,"[2077.0, 32750.0, 49261.5, 53341.0, 55600.0]","[1.0, 1.0, 1.0, 2.0, 5.0]","[1.0, 1.0, 1.0, 2.0, 5.0]",global_ECLAIR_intensity,global_ECLAIR_return_number,global_ECLAIR_number_of_returns,global_ECLAIR_class
ECLAIR,/csehome/m23csa510/lidar_experiments/datasets/eclair/pointclouds/pointcloud_1074.laz,19046,367226.826,6677200.0,30.101,367299.986,6677219.727,41.504,73.15999999997439,19.726999999955297,11.402999999999999,13.19681226658724,"[14447.0, 26653.15, 45558.0, 50684.2, 52761.0]","[1.0, 1.0, 1.0, 2.0, 4.0]","[1.0, 1.0, 1.0, 2.0, 4.0]",global_ECLAIR_intensity,global_ECLAIR_return_number,global_ECLAIR_number_of_returns,global_ECLAIR_class
ECLAIR,/csehome/m23csa510/lidar_experiments/datasets/eclair/pointclouds/pointcloud_1075.laz,1551,367386.626,6672800.533,43.851,367399.993,6672827.613,46.194,13.367000000027474,27.080000000074506,2.3430000000000035,4.284786526997207,"[16167.0, 22619.0, 45158.0, 54514.5, 55747.0]","[1.0, 1.0, 1.0, 1.0, 2.0]","[1.0, 1.0, 1.0, 2.0, 2.0]",global_ECLAIR_intensity,global_ECLAIR_return_number,global_ECLAIR_number_of_returns,global_ECLAIR_class
ECLAIR,/csehome/m23csa510/lidar_experiments/datasets/eclair/pointclouds/pointcloud_1076.laz,122229,367300.002,6673025.533,27.461,367399.998,6673099.999,92.955,99.99600000004284,74.4660000000149,65.494,16.414724754317056,"[11025.0, 21608.12, 45291.0, 53445.0, 65535.0]","[1.0, 1.0, 1.0, 2.0, 3.0]","[1.0, 1.0, 1.0, 2.0, 3.0]",global_ECLAIR_intensity,global_ECLAIR_return_number,global_ECLAIR_number_of_returns,global_ECLAIR_class
ECLAIR,/csehome/m23csa510/lidar_experiments/datasets/eclair/pointclouds/pointcloud_1077.laz,203265,367300.0,6673100.001,25.341,367399.999,6673199.999,106.228,99.99900000001071,99.99799999967217,80.887,20.327109809293315,"[6939.0, 22954.64, 45246.0, 52833.0, 65535.0]","[1.0, 1.0, 1.0, 2.0, 4.0]","[1.0, 1.0, 1.0, 2.0, 4.0]",global_ECLAIR_intensity,global_ECLAIR_return_number,global_ECLAIR_number_of_returns,global_ECLAIR_class
ECLAIR,/csehome/m23csa510/lidar_experiments/datasets/eclair/pointclouds/pointcloud_1078.laz,115089,367300.001,6673200.0,25.948999999999998,367399.997,6673299.997,40.272999999999996,99.99599999998463,99.99700000043958,14.323999999999998,11.509705665536115,"[9635.0, 19964.64, 45974.0, 52969.119999999995, 65535.0]","[1.0, 1.0, 1.0, 2.0, 4.0]","[1.0, 1.0, 1.0, 2.0, 4.0]",global_ECLAIR_intensity,global_ECLAIR_return_number,global_ECLAIR_number_of_returns,global_ECLAIR_class
ECLAIR,/csehome/m23csa510/lidar_experiments/datasets/eclair/pointclouds/pointcloud_1079.laz,5721,367363.237,6673300.0,26.296,367399.998,6673330.286,27.823,36.7609999999986,30.286000000312924,1.527000000000001,5.138575156462614,"[30770.0, 43375.8, 47389.0, 52539.60000000001, 55195.0]","[1.0, 1.0, 1.0, 1.0, 2.0]","[1.0, 1.0, 1.0, 1.0, 2.0]",global_ECLAIR_intensity,global_ECLAIR_return_number,global_ECLAIR_number_of_returns,global_ECLAIR_class
ECLAIR,/csehome/m23csa510/lidar_experiments/datasets/eclair/pointclouds/pointcloud_108.laz,550763,361700.0,6671100.0,40.869,361799.999,6671199.999,77.892,99.99900000001071,99.99899999983609,37.022999999999996,55.07740154260749,"[4248.0, 9952.0, 41496.0, 54081.0, 58443.0]","[1.0, 1.0, 1.0, 4.0, 8.0]","[1.0, 1.0, 2.0, 5.0, 8.0]",global_ECLAIR_intensity,global_ECLAIR_return_number,global_ECLAIR_number_of_returns,global_ECLAIR_class
ECLAIR,/csehome/m23csa510/lidar_experiments/datasets/eclair/pointclouds/pointcloud_1080.laz,16122,367370.504,6673421.564,27.625999999999998,367399.999,6673499.99,39.865,29.494999999995343,78.42599999997765,12.239000000000004,6.969641685588232,"[15004.0, 20436.97, 43358.5, 51329.79, 65535.0]","[1.0, 1.0, 1.0, 2.0, 3.0]","[1.0, 1.0, 1.0, 2.0, 3.0]",global_ECLAIR_intensity,global_ECLAIR_return_number,global_ECLAIR_number_of_returns,global_ECLAIR_class
ECLAIR,/csehome/m23csa510/lidar_experiments/datasets/eclair/pointclouds/pointcloud_1081.laz,103246,367341.938,6673500.001,29.345,367399.999,6673599.999,60.373000000000005,58.06099999998696,99.99799999967217,31.028000000000006,17.78268802839443,"[8862.0, 14819.25, 43367.5, 53587.55, 65535.0]","[1.0, 1.0, 1.0, 4.0, 7.0]","[1.0, 1.0, 1.0, 4.0, 7.0]",global_ECLAIR_intensity,global_ECLAIR_return_number,global_ECLAIR_number_of_returns,global_ECLAIR_class
ECLAIR,/csehome/m23csa510/lidar_experiments/datasets/eclair/pointclouds/pointcloud_1082.laz,399678,367323.281,6673600.0,31.075,367399.999,6673699.999,66.539,76.71799999999348,99.99899999983609,35.464,52.09755165940943,"[3989.0, 10350.77, 39545.0, 52661.0, 65535.0]","[1.0, 1.0, 1.0, 4.0, 7.0]","[1.0, 1.0, 2.0, 5.0, 7.0]",global_ECLAIR_intensity,global_ECLAIR_return_number,global_ECLAIR_number_of_returns,global_ECLAIR_class
ECLAIR,/csehome/m23csa510/lidar_experiments/datasets/eclair/pointclouds/pointcloud_1083.laz,724196,367300.0,6673700.0,31.881,367399.999,6673799.999,85.75800000000001,99.99900000001071,99.99899999983609,53.87700000000001,72.42104841383713,"[2035.0, 11268.0, 44132.0, 53794.0, 65535.0]","[1.0, 1.0, 1.0, 4.0, 8.0]","[1.0, 1.0, 1.0, 4.0, 8.0]",global_ECLAIR_intensity,global_ECLAIR_return_number,global_ECLAIR_number_of_returns,global_ECLAIR_class
ECLAIR,/csehome/m23csa510/lidar_experiments/datasets/eclair/pointclouds/pointcloud_1084.laz,1496223,367300.0,6673800.0,29.491,367399.999,6673899.999,104.194,99.99900000001071,99.99899999983609,74.703,149.6252924911165,"[0.0, 6745.0, 40602.0, 52674.0, 65535.0]","[1.0, 1.0, 1.0, 4.0, 8.0]","[1.0, 1.0, 2.0, 5.0, 8.0]",global_ECLAIR_intensity,global_ECLAIR_return_number,global_ECLAIR_number_of_returns,global_ECLAIR_class
ECLAIR,/csehome/m23csa510/lidar_experiments/datasets/eclair/pointclouds/pointcloud_1085.laz,1908011,367300.0,6673900.0,30.725,367399.999,6673999.999,101.324,99.99900000001071,99.99899999983609,70.59899999999999,190.8049160795334,"[0.0, 9095.99, 43395.0, 52774.0, 65535.0]","[1.0, 1.0, 1.0, 4.0, 8.0]","[1.0, 1.0, 1.0, 5.0, 8.0]",global_ECLAIR_intensity,global_ECLAIR_return_number,global_ECLAIR_number_of_returns,global_ECLAIR_class
ECLAIR,/csehome/m23csa510/lidar_experiments/datasets/eclair/pointclouds/pointcloud_1086.laz,2875137,367300.0,6674000.0,28.118,367399.999,6674099.999,99.897,99.99900000001071,99.99899999983609,71.77900000000001,287.51945036069577,"[0.0, 7731.0, 43189.0, 53022.0, 65535.0]","[1.0, 1.0, 1.0, 4.0, 8.0]","[1.0, 1.0, 1.0, 5.0, 8.0]",global_ECLAIR_intensity,global_ECLAIR_return_number,global_ECLAIR_number_of_returns,global_ECLAIR_class
ECLAIR,/csehome/m23csa510/lidar_experiments/datasets/eclair/pointclouds/pointcloud_1087.laz,2575450,367300.0,6674100.0,27.679000000000002,367399.999,6674199.999,103.768,99.99900000001071,99.99899999983609,76.089,257.5501509776591,"[0.0, 8932.0, 36169.0, 53063.0, 65535.0]","[1.0, 1.0, 1.0, 4.0, 8.0]","[1.0, 1.0, 2.0, 5.0, 8.0]",global_ECLAIR_intensity,global_ECLAIR_return_number,global_ECLAIR_number_of_returns,global_ECLAIR_class
ECLAIR,/csehome/m23csa510/lidar_experiments/datasets/eclair/pointclouds/pointcloud_1088.laz,375680,367300.0,6674200.0,27.356,367399.999,6674299.999,54.257000000000005,99.99900000001071,99.99899999983609,26.901000000000003,37.568751371328105,"[9157.0, 16447.58, 41824.0, 50920.0, 65535.0]","[1.0, 1.0, 1.0, 3.0, 7.0]","[1.0, 1.0, 1.0, 3.0, 7.0]",global_ECLAIR_intensity,global_ECLAIR_return_number,global_ECLAIR_number_of_returns,global_ECLAIR_class
ECLAIR,/csehome/m23csa510/lidar_experiments/datasets/eclair/pointclouds/pointcloud_1089.laz,224350,367300.0,6674300.0,26.500999999999998,367399.999,6674399.999,98.195,99.99900000001071,99.99899999983609,71.69399999999999,22.435448706764962,"[639.0, 18562.98, 40662.0, 54108.02000000002, 65535.0]","[1.0, 1.0, 1.0, 2.0, 6.0]","[1.0, 1.0, 1.0, 3.0, 6.0]",global_ECLAIR_intensity,global_ECLAIR_return_number,global_ECLAIR_number_of_returns,global_ECLAIR_class
ECLAIR,/csehome/m23csa510/lidar_experiments/datasets/eclair/pointclouds/pointcloud_109.laz,601615,361700.0,6671200.0,39.566,361799.999,6671299.999,88.084,99.99900000001071,99.99899999983609,48.518,60.162703248140865,"[0.0, 9444.99, 37308.0, 53918.0, 59654.0]","[1.0, 1.0, 1.0, 4.0, 8.0]","[1.0, 1.0, 2.0, 5.0, 8.0]",global_ECLAIR_intensity,global_ECLAIR_return_number,global_ECLAIR_number_of_returns,global_ECLAIR_class
ECLAIR,/csehome/m23csa510/lidar_experiments/datasets/eclair/pointclouds/pointcloud_1090.laz,249855,367300.0,6674400.0,25.272,367399.998,6674499.998,93.146,99.99800000002142,99.99799999967217,67.874,24.98649945005996,"[5635.0, 15747.08, 46761.0, 55296.45999999999, 65535.0]","[1.0, 1.0, 1.0, 3.0, 7.0]","[1.0, 1.0, 1.0, 4.0, 7.0]",global_ECLAIR_intensity,global_ECLAIR_return_number,global_ECLAIR_number_of_returns,global_ECLAIR_class
ECLAIR,/csehome/m23csa510/lidar_experiments/datasets/eclair/pointclouds/pointcloud_1091.laz,99747,367300.0,6674500.0,24.615000000000002,367399.998,6674590.529,80.37,99.99800000002142,90.52900000009686,55.755,11.018457619080241,"[10328.0, 15726.46, 44267.0, 51454.53999999999, 65535.0]","[1.0, 1.0, 1.0, 4.0, 7.0]","[1.0, 1.0, 1.0, 5.0, 7.0]",global_ECLAIR_intensity,global_ECLAIR_return_number,global_ECLAIR_number_of_returns,global_ECLAIR_class
ECLAIR,/csehome/m23csa510/lidar_experiments/datasets/eclair/pointclouds/pointcloud_1092.laz,14833,367300.004,6676976.368,25.137999999999998,367366.793,6676999.999,28.794,66.78899999998976,23.631000000052154,3.6560000000000024,9.398140979773324,"[17728.0, 43012.12, 47949.0, 51381.68, 53389.0]","[1.0, 1.0, 1.0, 1.0, 3.0]","[1.0, 1.0, 1.0, 1.0, 3.0]",global_ECLAIR_intensity,global_ECLAIR_return_number,global_ECLAIR_number_of_returns,global_ECLAIR_class
ECLAIR,/csehome/m23csa510/lidar_experiments/datasets/eclair/pointclouds/pointcloud_1093.laz,343469,367300.0,6677000.002,26.58,367399.999,6677099.999,93.326,99.99900000001071,99.99699999950826,66.746,34.34827392081757,"[0.0, 11867.36, 49278.0, 54145.32000000001, 59512.0]","[1.0, 1.0, 1.0, 3.0, 7.0]","[1.0, 1.0, 1.0, 4.0, 7.0]",global_ECLAIR_intensity,global_ECLAIR_return_number,global_ECLAIR_number_of_returns,global_ECLAIR_class
ECLAIR,/csehome/m23csa510/lidar_experiments/datasets/eclair/pointclouds/pointcloud_1094.laz,564484,367300.0,6677100.0,28.425,367399.999,6677199.999,93.39699999999999,99.99900000001071,99.99899999983609,64.972,56.449528985021225,"[0.0, 10394.0, 48113.0, 54681.0, 58934.0]","[1.0, 1.0, 1.0, 4.0, 7.0]","[1.0, 1.0, 1.0, 5.0, 8.0]",global_ECLAIR_intensity,global_ECLAIR_return_number,global_ECLAIR_number_of_returns,global_ECLAIR_class
ECLAIR,/csehome/m23csa510/lidar_experiments/datasets/eclair/pointclouds/pointcloud_1095.laz,124924,367300.013,6677200.0,31.819,367399.999,6677244.191,68.48400000000001,99.98600000003353,44.19099999964237,36.665000000000006,28.273062797814593,"[6064.0, 9468.0, 31472.0, 49012.0, 55975.0]","[1.0, 1.0, 2.0, 5.0, 8.0]","[1.0, 1.0, 3.0, 5.0, 8.0]",global_ECLAIR_intensity,global_ECLAIR_return_number,global_ECLAIR_number_of_returns,global_ECLAIR_class
ECLAIR,/csehome/m23csa510/lidar_experiments/datasets/eclair/pointclouds/pointcloud_1096.laz,25229,367400.419,6672754.756,42.719,367499.999,6672799.999,63.49,99.5800000000163,45.24299999978393,20.771,5.599851627152622,"[11999.0, 14780.28, 41751.0, 52716.72, 57853.0]","[1.0, 1.0, 1.0, 4.0, 6.0]","[1.0, 1.0, 2.0, 4.0, 6.0]",global_ECLAIR_intensity,global_ECLAIR_return_number,global_ECLAIR_number_of_returns,global_ECLAIR_class
ECLAIR,/csehome/m23csa510/lidar_experiments/datasets/eclair/pointclouds/pointcloud_1097.laz,282463,367400.0,6672800.0,44.131,367499.999,6672899.999,92.73400000000001,99.99900000001071,99.99899999983609,48.60300000000001,28.246864934517276,"[1995.0, 7692.62, 41156.0, 52796.0, 57988.0]","[1.0, 1.0, 1.0, 4.0, 7.0]","[1.0, 1.0, 2.0, 5.0, 7.0]",global_ECLAIR_intensity,global_ECLAIR_return_number,global_ECLAIR_number_of_returns,global_ECLAIR_class
ECLAIR,/csehome/m23csa510/lidar_experiments/datasets/eclair/pointclouds/pointcloud_1098.laz,94662,367462.561,6672900.0,47.924,367499.999,6672943.92,74.09,37.43800000002375,43.919999999925494,26.166000000000004,57.57059321691191,"[2569.0, 6657.61, 36521.0, 52049.39, 56453.0]","[1.0, 1.0, 1.0, 4.0, 7.0]","[1.0, 1.0, 2.0, 5.0, 7.0]",global_ECLAIR_intensity,global_ECLAIR_return_number,global_ECLAIR_number_of_returns,global_ECLAIR_class
ECLAIR,/csehome/m23csa510/lidar_experiments/datasets/eclair/pointclouds/pointcloud_1099.laz,147132,367400.0,6673041.314,29.06,367499.999,6673099.999,104.672,99.99900000001071,58.68499999959022,75.612,25.0717340607864,"[2242.0, 13886.31, 40941.0, 53147.0, 65535.0]","[1.0, 1.0, 1.0, 2.0, 5.0]","[1.0, 1.0, 1.0, 3.0, 5.0]",global_ECLAIR_intensity,global_ECLAIR_return_number,global_ECLAIR_number_of_returns,global_ECLAIR_class
ECLAIR,/csehome/m23csa510/lidar_experiments/datasets/eclair/pointclouds/pointcloud_11.laz,209222,360500.0,6671900.0,44.815,360556.879,6671999.999,92.439,56.87900000001537,99.99899999983609,47.623999999999995,36.78406656959665,"[490.0, 5437.21, 35242.0, 53285.79000000001, 58029.0]","[1.0, 1.0, 1.0, 4.0, 7.0]","[1.0, 1.0, 2.0, 5.0, 7.0]",global_ECLAIR_intensity,global_ECLAIR_return_number,global_ECLAIR_number_of_returns,global_ECLAIR_class
ECLAIR,/csehome/m23csa510/lidar_experiments/datasets/eclair/pointclouds/pointcloud_110.laz,105800,361700.0,6671300.0,40.715,361799.553,6671361.878,62.043,99.55300000001444,61.877999999560416,21.327999999999996,17.17493284719538,"[8746.0, 12181.0, 33304.0, 47480.009999999995, 56408.0]","[1.0, 1.0, 2.0, 5.0, 7.0]","[1.0, 1.0, 2.0, 5.0, 7.0]",global_ECLAIR_intensity,global_ECLAIR_return_number,global_ECLAIR_number_of_returns,global_ECLAIR_class
ECLAIR,/csehome/m23csa510/lidar_experiments/datasets/eclair/pointclouds/pointcloud_1100.laz,597866,367400.0,6673100.0,5.73,367499.999,6673199.999,85.479,99.99900000001071,99.99899999983609,79.749,59.78779575002782,"[0.0, 10241.0, 41806.0, 52355.01000000001, 65535.0]","[1.0, 1.0, 1.0, 4.0, 7.0]","[1.0, 1.0, 1.0, 5.0, 7.0]",global_ECLAIR_intensity,global_ECLAIR_return_number,global_ECLAIR_number_of_returns,global_ECLAIR_class
ECLAIR,/csehome/m23csa510/lidar_experiments/datasets/eclair/pointclouds/pointcloud_1101.laz,577077,367400.0,6673200.0,-98.11000000000001,367499.999,6673299.999,93.45,99.99900000001071,99.99899999983609,191.56,57.70885417140095,"[4962.0, 15280.99, 46679.0, 53299.0, 65535.0]","[1.0, 1.0, 1.0, 3.0, 6.0]","[1.0, 1.0, 1.0, 3.0, 6.0]",global_ECLAIR_intensity,global_ECLAIR_return_number,global_ECLAIR_number_of_returns,global_ECLAIR_class
ECLAIR,/csehome/m23csa510/lidar_experiments/datasets/eclair/pointclouds/pointcloud_1102.laz,411246,367400.004,6673300.0,26.765,367499.999,6673399.999,61.066,99.99499999999534,99.99899999983609,34.301,41.127067603562,"[8530.0, 19303.8, 47172.0, 52627.0, 56784.0]","[1.0, 1.0, 1.0, 3.0, 7.0]","[1.0, 1.0, 1.0, 3.0, 7.0]",global_ECLAIR_intensity,global_ECLAIR_return_number,global_ECLAIR_number_of_returns,global_ECLAIR_class
ECLAIR,/csehome/m23csa510/lidar_experiments/datasets/eclair/pointclouds/pointcloud_1103.laz,602208,367400.0,6673400.0,26.927,367499.999,6673499.999,52.363,99.99900000001071,99.99899999983609,25.436,60.22200443415874,"[7335.0, 14560.99, 47250.0, 56999.0, 65535.0]","[1.0, 1.0, 1.0, 3.0, 7.0]","[1.0, 1.0, 1.0, 4.0, 7.0]",global_ECLAIR_intensity,global_ECLAIR_return_number,global_ECLAIR_number_of_returns,global_ECLAIR_class
ECLAIR,/csehome/m23csa510/lidar_experiments/datasets/eclair/pointclouds/pointcloud_1104.laz,1148818,367400.0,6673500.0,29.616,367499.999,6673599.999,108.37,99.99900000001071,99.99899999983609,78.754,114.884097670641,"[1540.0, 9529.0, 42815.0, 53788.01000000001, 65535.0]","[1.0, 1.0, 1.0, 4.0, 8.0]","[1.0, 1.0, 2.0, 5.0, 8.0]",global_ECLAIR_intensity,global_ECLAIR_return_number,global_ECLAIR_number_of_returns,global_ECLAIR_class
ECLAIR,/csehome/m23csa510/lidar_experiments/datasets/eclair/pointclouds/pointcloud_1105.laz,1276673,367400.0,6673600.0,32.471000000000004,367499.999,6673699.999,101.065,99.99900000001071,99.99899999983609,68.594,127.66985338449629,"[0.0, 9032.0, 45350.0, 53596.0, 65535.0]","[1.0, 1.0, 1.0, 3.0, 7.0]","[1.0, 1.0, 1.0, 4.0, 7.0]",global_ECLAIR_intensity,global_ECLAIR_return_number,global_ECLAIR_number_of_returns,global_ECLAIR_class
ECLAIR,/csehome/m23csa510/lidar_experiments/datasets/eclair/pointclouds/pointcloud_1106.laz,1352130,367400.0,6673700.0,33.45,367499.999,6673799.999,96.714,99.99900000001071,99.99899999983609,63.263999999999996,135.2157043007716,"[0.0, 9945.0, 43907.0, 53186.0, 65535.0]","[1.0, 1.0, 1.0, 3.0, 7.0]","[1.0, 1.0, 1.0, 4.0, 7.0]",global_ECLAIR_intensity,global_ECLAIR_return_number,global_ECLAIR_number_of_returns,global_ECLAIR_class
ECLAIR,/csehome/m23csa510/lidar_experiments/datasets/eclair/pointclouds/pointcloud_1107.laz,2063376,367400.0,6673800.0,33.486,367499.999,6673899.999,100.311,99.99900000001071,99.99899999983609,66.82500000000002,206.34172681421822,"[0.0, 8652.0, 40252.5, 53053.0, 65535.0]","[1.0, 1.0, 1.0, 4.0, 8.0]","[1.0, 1.0, 2.0, 5.0, 8.0]",global_ECLAIR_intensity,global_ECLAIR_return_number,global_ECLAIR_number_of_returns,global_ECLAIR_class
ECLAIR,/csehome/m23csa510/lidar_experiments/datasets/eclair/pointclouds/pointcloud_1108.laz,2352175,367400.0,6673900.0,33.621,367499.999,6673999.999,93.78800000000001,99.99900000001071,99.99899999983609,60.16700000000001,235.22220442092654,"[0.0, 6591.99, 39616.0, 53271.01000000001, 65535.0]","[1.0, 1.0, 1.0, 4.0, 8.0]","[1.0, 1.0, 2.0, 5.0, 8.0]",global_ECLAIR_intensity,global_ECLAIR_return_number,global_ECLAIR_number_of_returns,global_ECLAIR_class
ECLAIR,/csehome/m23csa510/lidar_experiments/datasets/eclair/pointclouds/pointcloud_1109.laz,1606250,367400.0,6674000.0,32.84,367499.999,6674099.999,106.501,99.99900000001071,99.99899999983609,73.661,160.62821254843422,"[0.0, 7975.99, 41569.0, 52662.01000000001, 65535.0]","[1.0, 1.0, 1.0, 4.0, 8.0]","[1.0, 1.0, 1.0, 5.0, 8.0]",global_ECLAIR_intensity,global_ECLAIR_return_number,global_ECLAIR_number_of_returns,global_ECLAIR_class
ECLAIR,/csehome/m23csa510/lidar_experiments/datasets/eclair/pointclouds/pointcloud_111.laz,108389,361700.0,6672411.12,31.819,361799.998,6672499.999,50.735,99.99800000002142,88.87899999972433,18.916,12.195363114309279,"[9763.0, 15858.880000000001, 46598.0, 53758.119999999995, 56485.0]","[1.0, 1.0, 1.0, 4.0, 7.0]","[1.0, 1.0, 1.0, 4.0, 7.0]",global_ECLAIR_intensity,global_ECLAIR_return_number,global_ECLAIR_number_of_returns,global_ECLAIR_class
ECLAIR,/csehome/m23csa510/lidar_experiments/datasets/eclair/pointclouds/pointcloud_1110.laz,1008748,367400.0,6674100.0,-114.977,367499.999,6674199.999,99.443,99.99900000001071,99.99899999983609,214.42000000000002,100.87681752641738,"[1247.0, 13889.0, 43006.0, 52006.0, 65535.0]","[1.0, 1.0, 1.0, 2.0, 5.0]","[1.0, 1.0, 1.0, 2.0, 6.0]",global_ECLAIR_intensity,global_ECLAIR_return_number,global_ECLAIR_number_of_returns,global_ECLAIR_class
ECLAIR,/csehome/m23csa510/lidar_experiments/datasets/eclair/pointclouds/pointcloud_1111.laz,418500,367400.0,6674200.0,20.996000000000002,367499.999,6674299.999,99.903,99.99900000001071,99.99899999983609,78.90700000000001,41.85083701261929,"[985.0, 11438.0, 40871.0, 52372.0, 65535.0]","[1.0, 1.0, 1.0, 4.0, 8.0]","[1.0, 1.0, 1.0, 5.0, 8.0]",global_ECLAIR_intensity,global_ECLAIR_return_number,global_ECLAIR_number_of_returns,global_ECLAIR_class
ECLAIR,/csehome/m23csa510/lidar_experiments/datasets/eclair/pointclouds/pointcloud_1112.laz,241637,367400.0,6674300.0,25.98,367499.999,6674399.998,96.701,99.99900000001071,99.99799999967217,70.72099999999999,24.164424927991583,"[366.0, 14068.36, 43049.0, 52912.639999999985, 65535.0]","[1.0, 1.0, 1.0, 3.0, 6.0]","[1.0, 1.0, 1.0, 4.0, 6.0]",global_ECLAIR_intensity,global_ECLAIR_return_number,global_ECLAIR_number_of_returns,global_ECLAIR_class
ECLAIR,/csehome/m23csa510/lidar_experiments/datasets/eclair/pointclouds/pointcloud_1113.laz,185336,367400.0,6674400.0,25.45,367499.998,6674499.994,57.543,99.99800000002142,99.99399999994785,32.093,18.535082784386347,"[9447.0, 12950.0, 39715.5, 52904.649999999994, 65535.0]","[1.0, 1.0, 1.0, 4.0, 7.0]","[1.0, 1.0, 2.0, 5.0, 7.0]",global_ECLAIR_intensity,global_ECLAIR_return_number,global_ECLAIR_number_of_returns,global_ECLAIR_class
ECLAIR,/csehome/m23csa510/lidar_experiments/datasets/eclair/pointclouds/pointcloud_1114.laz,7518,367400.0,6674500.0,26.41,367443.194,6674546.317,52.586,43.194000000017695,46.316999999806285,26.176,3.7578416490836934,"[12650.0, 15400.55, 34264.5, 48830.399999999994, 52257.0]","[1.0, 1.0, 2.0, 5.0, 7.0]","[1.0, 1.0, 2.0, 5.0, 7.0]",global_ECLAIR_intensity,global_ECLAIR_return_number,global_ECLAIR_number_of_returns,global_ECLAIR_class
ECLAIR,/csehome/m23csa510/lidar_experiments/datasets/eclair/pointclouds/pointcloud_1115.laz,168427,367400.0,6677011.126,27.268,367499.999,6677099.999,49.609,99.99900000001071,88.87299999967217,22.341,18.951614583444478,"[6535.0, 13531.26, 48730.0, 53139.0, 55925.0]","[1.0, 1.0, 1.0, 3.0, 7.0]","[1.0, 1.0, 1.0, 4.0, 7.0]",global_ECLAIR_intensity,global_ECLAIR_return_number,global_ECLAIR_number_of_returns,global_ECLAIR_class
ECLAIR,/csehome/m23csa510/lidar_experiments/datasets/eclair/pointclouds/pointcloud_1116.laz,464241,367400.0,6677100.0,27.982,367499.999,6677199.999,104.735,99.99900000001071,99.99899999983609,76.753,46.42502849599854,"[433.0, 12306.0, 48712.0, 53681.0, 59047.0]","[1.0, 1.0, 1.0, 3.0, 7.0]","[1.0, 1.0, 1.0, 4.0, 7.0]",global_ECLAIR_intensity,global_ECLAIR_return_number,global_ECLAIR_number_of_returns,global_ECLAIR_class
ECLAIR,/csehome/m23csa510/lidar_experiments/datasets/eclair/pointclouds/pointcloud_1117.laz,477358,367400.0,6677200.0,27.961,367499.999,6677299.951,71.855,99.99900000001071,99.95100000035018,43.894000000000005,47.75967960560802,"[3948.0, 8567.0, 36293.0, 52497.0, 57293.0]","[1.0, 1.0, 1.0, 4.0, 8.0]","[1.0, 1.0, 2.0, 5.0, 8.0]",global_ECLAIR_intensity,global_ECLAIR_return_number,global_ECLAIR_number_of_returns,global_ECLAIR_class
ECLAIR,/csehome/m23csa510/lidar_experiments/datasets/eclair/pointclouds/pointcloud_1118.laz,409,367492.301,6677300.04,39.621,367499.991,6677307.466,46.306,7.690000000002328,7.425999999977648,6.684999999999995,7.16212709222731,"[12841.0, 13703.12, 28200.0, 50238.96000000001, 51773.0]","[1.0, 1.0, 3.0, 5.0, 5.0]","[1.0, 1.0, 3.0, 5.0, 5.0]",global_ECLAIR_intensity,global_ECLAIR_return_number,global_ECLAIR_number_of_returns,global_ECLAIR_class
ECLAIR,/csehome/m23csa510/lidar_experiments/datasets/eclair/pointclouds/pointcloud_1119.laz,51228,367500.005,6672749.153,33.324,367599.998,6672799.998,54.896,99.99300000001676,50.84499999973923,21.572000000000003,10.076032296447819,"[11820.0, 17757.89, 45084.0, 52703.729999999996, 65535.0]","[1.0, 1.0, 1.0, 2.0, 4.0]","[1.0, 1.0, 1.0, 2.0, 4.0]",global_ECLAIR_intensity,global_ECLAIR_return_number,global_ECLAIR_number_of_returns,global_ECLAIR_class
ECLAIR,/csehome/m23csa510/lidar_experiments/datasets/eclair/pointclouds/pointcloud_112.laz,448685,361700.0,6672500.0,30.33,361799.999,6672599.999,107.834,99.99900000001071,99.99899999983609,77.504,44.86939738352947,"[743.0, 10049.0, 40696.0, 54017.0, 65535.0]","[1.0, 1.0, 1.0, 4.0, 8.0]","[1.0, 1.0, 2.0, 5.0, 8.0]",global_ECLAIR_intensity,global_ECLAIR_return_number,global_ECLAIR_number_of_returns,global_ECLAIR_class
ECLAIR,/csehome/m23csa510/lidar_experiments/datasets/eclair/pointclouds/pointcloud_1120.laz,455566,367500.0,6672800.0,39.944,367599.999,6672899.999,105.767,99.99900000001071,99.99899999983609,65.823,45.55751114573696,"[1702.0, 8370.650000000001, 44381.0, 53836.0, 65535.0]","[1.0, 1.0, 1.0, 3.0, 6.0]","[1.0, 1.0, 1.0, 4.0, 7.0]",global_ECLAIR_intensity,global_ECLAIR_return_number,global_ECLAIR_number_of_returns,global_ECLAIR_class
ECLAIR,/csehome/m23csa510/lidar_experiments/datasets/eclair/pointclouds/pointcloud_1121.laz,391769,367500.0,6672900.0,33.507,367599.999,6672999.968,74.087,99.99900000001071,99.96800000034273,40.580000000000005,39.18983251918536,"[2727.0, 7777.68, 36888.0, 52039.0, 57016.0]","[1.0, 1.0, 1.0, 4.0, 7.0]","[1.0, 1.0, 2.0, 5.0, 7.0]",global_ECLAIR_intensity,global_ECLAIR_return_number,global_ECLAIR_number_of_returns,global_ECLAIR_class
ECLAIR,/csehome/m23csa510/lidar_experiments/datasets/eclair/pointclouds/pointcloud_1122.laz,223931,367500.002,6673000.181,28.489,367599.999,6673099.999,56.117000000000004,99.99700000003213,99.8179999999702,27.628000000000004,22.43460279023211,"[5560.0, 11399.900000000001, 44157.0, 52656.0, 65535.0]","[1.0, 1.0, 1.0, 4.0, 8.0]","[1.0, 1.0, 1.0, 5.0, 8.0]",global_ECLAIR_intensity,global_ECLAIR_return_number,global_ECLAIR_number_of_returns,global_ECLAIR_class
ECLAIR,/csehome/m23csa510/lidar_experiments/datasets/eclair/pointclouds/pointcloud_1123.laz,1568865,367500.0,6673100.0,26.506,367599.999,6673199.999,79.725,99.99900000001071,99.99899999983609,53.218999999999994,156.88963777730694,"[2429.0, 8730.99, 43812.0, 52787.0, 65535.0]","[1.0, 1.0, 1.0, 4.0, 8.0]","[1.0, 1.0, 1.0, 5.0, 8.0]",global_ECLAIR_intensity,global_ECLAIR_return_number,global_ECLAIR_number_of_returns,global_ECLAIR_class
ECLAIR,/csehome/m23csa510/lidar_experiments/datasets/eclair/pointclouds/pointcloud_1124.laz,2027360,367500.0,6673200.0,26.238999999999997,367599.999,6673299.999,88.51599999999999,99.99900000001071,99.99899999983609,62.276999999999994,202.74005478113222,"[0.0, 8120.99, 43872.0, 53847.0, 65535.0]","[1.0, 1.0, 1.0, 4.0, 8.0]","[1.0, 1.0, 1.0, 5.0, 8.0]",global_ECLAIR_intensity,global_ECLAIR_return_number,global_ECLAIR_number_of_returns,global_ECLAIR_class
ECLAIR,/csehome/m23csa510/lidar_experiments/datasets/eclair/pointclouds/pointcloud_1125.laz,1116771,367500.0,6673300.0,27.418,367599.999,6673399.999,106.909,99.99900000001071,99.99899999983609,79.49100000000001,111.67933357567468,"[0.0, 11834.0, 46983.0, 54205.0, 65535.0]","[1.0, 1.0, 1.0, 3.0, 7.0]","[1.0, 1.0, 1.0, 4.0, 8.0]",global_ECLAIR_intensity,global_ECLAIR_return_number,global_ECLAIR_number_of_returns,global_ECLAIR_class
ECLAIR,/csehome/m23csa510/lidar_experiments/datasets/eclair/pointclouds/pointcloud_1126.laz,875827,367500.0,6673400.0,27.11,367599.999,6673499.999,89.331,99.99900000001071,99.99899999983609,62.221000000000004,87.58445168040934,"[0.0, 14003.99, 46972.0, 53943.0, 65535.0]","[1.0, 1.0, 1.0, 3.0, 6.0]","[1.0, 1.0, 1.0, 4.0, 6.0]",global_ECLAIR_intensity,global_ECLAIR_return_number,global_ECLAIR_number_of_returns,global_ECLAIR_class
ECLAIR,/csehome/m23csa510/lidar_experiments/datasets/eclair/pointclouds/pointcloud_1127.laz,1087181,367500.0,6673500.0,28.149,367599.999,6673599.999,82.863,99.99900000001071,99.99899999983609,54.714,108.72027439478242,"[448.0, 11571.0, 42093.0, 52828.0, 65535.0]","[1.0, 1.0, 1.0, 4.0, 7.0]","[1.0, 1.0, 1.0, 4.0, 8.0]",global_ECLAIR_intensity,global_ECLAIR_return_number,global_ECLAIR_number_of_returns,global_ECLAIR_class
ECLAIR,/csehome/m23csa510/lidar_experiments/datasets/eclair/pointclouds/pointcloud_1128.laz,825389,367500.0,6673600.0,32.759,367599.937,6673699.999,88.343,99.93699999997625,99.99899999983609,55.584,82.59175820507808,"[4964.0, 10764.0, 38641.0, 52619.0, 57491.0]","[1.0, 1.0, 1.0, 4.0, 7.0]","[1.0, 1.0, 2.0, 5.0, 7.0]",global_ECLAIR_intensity,global_ECLAIR_return_number,global_ECLAIR_number_of_returns,global_ECLAIR_class
ECLAIR,/csehome/m23csa510/lidar_experiments/datasets/eclair/pointclouds/pointcloud_1129.laz,347231,367500.0,6673700.0,36.195,367599.757,6673799.999,64.97200000000001,99.75699999998324,99.99899999983609,28.777000000000008,34.808030749255785,"[5489.0, 10887.0, 35934.0, 52395.0, 57648.0]","[1.0, 1.0, 2.0, 4.0, 7.0]","[1.0, 1.0, 2.0, 5.0, 7.0]",global_ECLAIR_intensity,global_ECLAIR_return_number,global_ECLAIR_number_of_returns,global_ECLAIR_class
ECLAIR,/csehome/m23csa510/lidar_experiments/datasets/eclair/pointclouds/pointcloud_113.laz,474966,361700.0,6672600.0,30.293,361799.999,6672699.999,110.811,99.99900000001071,99.99899999983609,80.518,47.49754994632194,"[237.0, 10905.650000000001, 39284.0, 53234.0, 65535.0]","[1.0, 1.0, 1.0, 4.0, 8.0]","[1.0, 1.0, 2.0, 5.0, 8.0]",global_ECLAIR_intensity,global_ECLAIR_return_number,global_ECLAIR_number_of_returns,global_ECLAIR_class
ECLAIR,/csehome/m23csa510/lidar_experiments/datasets/eclair/pointclouds/pointcloud_1130.laz,526229,367500.0,6673800.0,37.333,367599.999,6673899.999,84.41900000000001,99.99900000001071,99.99899999983609,47.08600000000001,52.6239524738677,"[1246.0, 7262.0, 37262.5, 53256.0, 57584.0]","[1.0, 1.0, 1.0, 4.0, 8.0]","[1.0, 1.0, 2.0, 5.0, 8.0]",global_ECLAIR_intensity,global_ECLAIR_return_number,global_ECLAIR_number_of_returns,global_ECLAIR_class
ECLAIR,/csehome/m23csa510/lidar_experiments/datasets/eclair/pointclouds/pointcloud_1131.laz,1311913,367500.0,6673900.0,34.665,367599.999,6673999.999,102.507,99.99900000001071,99.99899999983609,67.84200000000001,131.1939238655589,"[1137.0, 7481.99, 36268.0, 53072.0, 65535.0]","[1.0, 1.0, 1.0, 4.0, 8.0]","[1.0, 1.0, 2.0, 5.0, 8.0]",global_ECLAIR_intensity,global_ECLAIR_return_number,global_ECLAIR_number_of_returns,global_ECLAIR_class
ECLAIR,/csehome/m23csa510/lidar_experiments/datasets/eclair/pointclouds/pointcloud_1132.laz,582956,367500.0,6674000.0,29.634,367599.999,6674099.999,65.637,99.99900000001071,99.99899999983609,36.003,58.29676592957823,"[2912.0, 10111.0, 45905.0, 53393.0, 65535.0]","[1.0, 1.0, 1.0, 4.0, 8.0]","[1.0, 1.0, 1.0, 5.0, 8.0]",global_ECLAIR_intensity,global_ECLAIR_return_number,global_ECLAIR_number_of_returns,global_ECLAIR_class
ECLAIR,/csehome/m23csa510/lidar_experiments/datasets/eclair/pointclouds/pointcloud_1133.laz,569051,367500.0,6674100.0,6.25,367599.999,6674199.999,97.324,99.99900000001071,99.99899999983609,91.074,56.90623811915894,"[1897.0, 14037.99, 44646.0, 53533.0, 65535.0]","[1.0, 1.0, 1.0, 4.0, 7.0]","[1.0, 1.0, 1.0, 5.0, 7.0]",global_ECLAIR_intensity,global_ECLAIR_return_number,global_ECLAIR_number_of_returns,global_ECLAIR_class
ECLAIR,/csehome/m23csa510/lidar_experiments/datasets/eclair/pointclouds/pointcloud_1134.laz,295601,367500.0,6674200.0,28.026,367599.995,6674299.999,55.263000000000005,99.99499999999534,99.99899999983609,27.237000000000005,29.561873697690753,"[9643.0, 13638.0, 38240.0, 52420.0, 65535.0]","[1.0, 1.0, 1.0, 4.0, 8.0]","[1.0, 1.0, 2.0, 5.0, 8.0]",global_ECLAIR_intensity,global_ECLAIR_return_number,global_ECLAIR_number_of_returns,global_ECLAIR_class
ECLAIR,/csehome/m23csa510/lidar_experiments/datasets/eclair/pointclouds/pointcloud_1135.laz,70706,367500.0,6674300.0,9.681000000000001,367575.142,6674399.994,55.402,75.14199999999255,99.99399999994785,45.721000000000004,9.410215673604744,"[10433.0, 14610.25, 40497.0, 53843.64999999998, 65535.0]","[1.0, 1.0, 1.0, 4.0, 7.0]","[1.0, 1.0, 1.0, 5.0, 7.0]",global_ECLAIR_intensity,global_ECLAIR_return_number,global_ECLAIR_number_of_returns,global_ECLAIR_class
ECLAIR,/csehome/m23csa510/lidar_experiments/datasets/eclair/pointclouds/pointcloud_1136.laz,6686,367500.0,6674400.001,27.927,367530.977,6674440.911,32.333,30.977000000013504,40.91000000014901,4.405999999999999,5.275911926085856,"[16810.0, 24580.0, 41894.0, 50785.799999999996, 63357.0]","[1.0, 1.0, 1.0, 2.0, 4.0]","[1.0, 1.0, 1.0, 3.0, 4.0]",global_ECLAIR_intensity,global_ECLAIR_return_number,global_ECLAIR_number_of_returns,global_ECLAIR_class
ECLAIR,/csehome/m23csa510/lidar_experiments/datasets/eclair/pointclouds/pointcloud_1137.laz,37775,367500.001,6677052.701,25.294,367581.647,6677099.998,44.069,81.64600000000792,47.296999999322,18.775000000000002,9.782187110633272,"[12621.0, 16071.74, 46979.0, 53435.26, 54979.0]","[1.0, 1.0, 1.0, 4.0, 7.0]","[1.0, 1.0, 1.0, 5.0, 7.0]",global_ECLAIR_intensity,global_ECLAIR_return_number,global_ECLAIR_number_of_returns,global_ECLAIR_class
ECLAIR,/csehome/m23csa510/lidar_experiments/datasets/eclair/pointclouds/pointcloud_1138.laz,429804,367500.0,6677100.001,25.287,367599.999,6677199.999,81.934,99.99900000001071,99.99799999967217,56.647,42.98168944222323,"[1496.0, 13853.029999999999, 47070.0, 53179.0, 58410.0]","[1.0, 1.0, 1.0, 4.0, 7.0]","[1.0, 1.0, 1.0, 5.0, 7.0]",global_ECLAIR_intensity,global_ECLAIR_return_number,global_ECLAIR_number_of_returns,global_ECLAIR_class
ECLAIR,/csehome/m23csa510/lidar_experiments/datasets/eclair/pointclouds/pointcloud_1139.laz,524028,367500.0,6677200.0,25.397,367599.999,6677299.999,103.285,99.99900000001071,99.99899999983609,77.888,52.403848071801335,"[1253.0, 11663.99, 46929.0, 53313.01000000001, 63355.0]","[1.0, 1.0, 1.0, 3.0, 7.0]","[1.0, 1.0, 1.0, 4.0, 7.0]",global_ECLAIR_intensity,global_ECLAIR_return_number,global_ECLAIR_number_of_returns,global_ECLAIR_class
ECLAIR,/csehome/m23csa510/lidar_experiments/datasets/eclair/pointclouds/pointcloud_114.laz,170118,361700.007,6672700.0,30.554000000000002,361799.999,6672799.996,60.725,99.99200000002747,99.99600000027567,30.171,17.013841606496914,"[8677.0, 12693.34, 34998.0, 48779.82999999999, 55133.0]","[1.0, 1.0, 1.0, 4.0, 8.0]","[1.0, 1.0, 2.0, 5.0, 8.0]",global_ECLAIR_intensity,global_ECLAIR_return_number,global_ECLAIR_number_of_returns,global_ECLAIR_class
ECLAIR,/csehome/m23csa510/lidar_experiments/datasets/eclair/pointclouds/pointcloud_1140.laz,178385,367500.01,6677300.0,25.503999999999998,367599.999,6677399.99,60.121,99.9890000000014,99.99000000022352,34.617000000000004,17.842246675497016,"[8685.0, 13607.0, 44817.0, 50847.0, 53679.0]","[1.0, 1.0, 1.0, 4.0, 7.0]","[1.0, 1.0, 1.0, 5.0, 7.0]",global_ECLAIR_intensity,global_ECLAIR_return_number,global_ECLAIR_number_of_returns,global_ECLAIR_class
ECLAIR,/csehome/m23csa510/lidar_experiments/datasets/eclair/pointclouds/pointcloud_1141.laz,108,367596.594,6677400.003,28.892,367599.982,6677402.551,28.925,3.3880000000353903,2.5480000004172325,0.03300000000000125,12.510680412026165,"[43466.0, 43643.66, 44895.5, 46042.909999999996, 46304.0]","[1.0, 1.0, 1.0, 1.0, 1.0]","[1.0, 1.0, 1.0, 1.0, 1.0]",global_ECLAIR_intensity,global_ECLAIR_return_number,global_ECLAIR_number_of_returns,global_ECLAIR_class
ECLAIR,/csehome/m23csa510/lidar_experiments/datasets/eclair/pointclouds/pointcloud_1142.laz,33964,367600.001,6672751.603,31.367,367697.399,6672799.999,45.283,97.3979999999865,48.39599999971688,13.916,7.205420405553757,"[13055.0, 17260.63, 45567.0, 51826.11000000001, 58290.0]","[1.0, 1.0, 1.0, 3.0, 5.0]","[1.0, 1.0, 1.0, 3.0, 5.0]",global_ECLAIR_intensity,global_ECLAIR_return_number,global_ECLAIR_number_of_returns,global_ECLAIR_class
ECLAIR,/csehome/m23csa510/lidar_experiments/datasets/eclair/pointclouds/pointcloud_1143.laz,306858,367600.0,6672800.0,30.179000000000002,367699.999,6672899.999,55.536,99.99900000001071,99.99899999983609,25.357,30.686413725252876,"[4483.0, 23572.99, 47521.0, 53923.28999999998, 65535.0]","[1.0, 1.0, 1.0, 2.0, 7.0]","[1.0, 1.0, 1.0, 2.0, 7.0]",global_ECLAIR_intensity,global_ECLAIR_return_number,global_ECLAIR_number_of_returns,global_ECLAIR_class
ECLAIR,/csehome/m23csa510/lidar_experiments/datasets/eclair/pointclouds/pointcloud_1144.laz,918273,367600.0,6672900.0,28.811,367699.999,6672999.999,56.184,99.99900000001071,99.99899999983609,27.372999999999998,91.82913657368924,"[2018.0, 12723.0, 46585.0, 52712.0, 65535.0]","[1.0, 1.0, 1.0, 3.0, 6.0]","[1.0, 1.0, 1.0, 4.0, 7.0]",global_ECLAIR_intensity,global_ECLAIR_return_number,global_ECLAIR_number_of_returns,global_ECLAIR_class
ECLAIR,/csehome/m23csa510/lidar_experiments/datasets/eclair/pointclouds/pointcloud_1145.laz,2217358,367600.0,6673000.0,27.066,367699.999,6673099.999,84.00999999999999,99.99900000001071,99.99899999983609,56.94399999999999,221.74023478286134,"[0.0, 6720.0, 44173.0, 52933.0, 65535.0]","[1.0, 1.0, 1.0, 4.0, 8.0]","[1.0, 1.0, 1.0, 5.0, 8.0]",global_ECLAIR_intensity,global_ECLAIR_return_number,global_ECLAIR_number_of_returns,global_ECLAIR_class
ECLAIR,/csehome/m23csa510/lidar_experiments/datasets/eclair/pointclouds/pointcloud_1146.laz,2128543,367600.0,6673100.0,26.777,367699.999,6673199.999,93.708,99.99900000001071,99.99899999983609,66.931,212.85855715018326,"[0.0, 10114.0, 46261.0, 53722.01000000001, 65535.0]","[1.0, 1.0, 1.0, 3.0, 8.0]","[1.0, 1.0, 1.0, 4.0, 8.0]",global_ECLAIR_intensity,global_ECLAIR_return_number,global_ECLAIR_number_of_returns,global_ECLAIR_class
ECLAIR,/csehome/m23csa510/lidar_experiments/datasets/eclair/pointclouds/pointcloud_1147.laz,2126455,367600.0,6673200.0,26.861,367699.999,6673299.999,81.654,99.99900000001071,99.99899999983609,54.79299999999999,212.64975297412028,"[0.0, 9143.0, 40441.0, 52742.0, 61504.0]","[1.0, 1.0, 1.0, 4.0, 8.0]","[1.0, 1.0, 2.0, 5.0, 8.0]",global_ECLAIR_intensity,global_ECLAIR_return_number,global_ECLAIR_number_of_returns,global_ECLAIR_class
ECLAIR,/csehome/m23csa510/lidar_experiments/datasets/eclair/pointclouds/pointcloud_1148.laz,726267,367600.0,6673300.0,27.557,367685.731,6673399.999,54.118,85.73100000002887,99.99899999983609,26.561000000000003,84.71547780191219,"[4492.0, 11510.99, 43425.0, 54018.0, 65535.0]","[1.0, 1.0, 1.0, 4.0, 8.0]","[1.0, 1.0, 1.0, 5.0, 8.0]",global_ECLAIR_intensity,global_ECLAIR_return_number,global_ECLAIR_number_of_returns,global_ECLAIR_class
ECLAIR,/csehome/m23csa510/lidar_experiments/datasets/eclair/pointclouds/pointcloud_1149.laz,363949,367600.0,6673400.0,27.189,367672.376,6673499.999,51.547,72.37599999998929,99.99899999983609,24.357999999999997,50.28637110741761,"[7497.0, 14249.0, 42857.0, 52309.0, 65535.0]","[1.0, 1.0, 1.0, 4.0, 7.0]","[1.0, 1.0, 1.0, 4.0, 7.0]",global_ECLAIR_intensity,global_ECLAIR_return_number,global_ECLAIR_number_of_returns,global_ECLAIR_class
ECLAIR,/csehome/m23csa510/lidar_experiments/datasets/eclair/pointclouds/pointcloud_115.laz,390,361791.708,6672800.006,31.853,361799.983,6672805.998,32.108,8.275000000023283,5.99199999962002,0.25499999999999545,7.865472190990491,"[36651.0, 41638.08, 43834.0, 46209.31, 46529.0]","[1.0, 1.0, 1.0, 1.0, 2.0]","[1.0, 1.0, 1.0, 1.0, 2.0]",global_ECLAIR_intensity,global_ECLAIR_return_number,global_ECLAIR_number_of_returns,global_ECLAIR_class
ECLAIR,/csehome/m23csa510/lidar_experiments/datasets/eclair/pointclouds/pointcloud_1150.laz,65908,367600.0,6673500.0,28.044,367641.416,6673598.961,46.979,41.41600000002654,98.96100000012666,18.935,16.08073539861306,"[10915.0, 15368.07, 47123.0, 51614.0, 55117.0]","[1.0, 1.0, 1.0, 4.0, 7.0]","[1.0, 1.0, 1.0, 4.0, 7.0]",global_ECLAIR_intensity,global_ECLAIR_return_number,global_ECLAIR_number_of_returns,global_ECLAIR_class
ECLAIR,/csehome/m23csa510/lidar_experiments/datasets/eclair/pointclouds/pointcloud_1151.laz,3905,367590.0,6673590.004,31.175,367609.608,6673636.456,45.269,19.60800000000745,46.45200000051409,14.093999999999998,4.2872945571873355,"[11985.0, 14296.92, 30403.0, 50083.04, 53188.0]","[1.0, 1.0, 2.0, 5.0, 7.0]","[1.0, 1.0, 3.0, 5.0, 7.0]",global_ECLAIR_intensity,global_ECLAIR_return_number,global_ECLAIR_number_of_returns,global_ECLAIR_class
ECLAIR,/csehome/m23csa510/lidar_experiments/datasets/eclair/pointclouds/pointcloud_1152.laz,500,367590.015,6673793.531,40.528999999999996,367619.309,6673809.99,53.593,29.293999999994412,16.458999999798834,13.064000000000007,1.0370217899105738,"[14437.0, 15069.93, 28671.0, 51022.72, 52259.0]","[1.0, 1.0, 3.0, 6.0, 8.0]","[1.0, 1.0, 3.0, 6.0, 8.0]",global_ECLAIR_intensity,global_ECLAIR_return_number,global_ECLAIR_number_of_returns,global_ECLAIR_class
ECLAIR,/csehome/m23csa510/lidar_experiments/datasets/eclair/pointclouds/pointcloud_1153.laz,159591,367600.0,6673800.067,37.545,367692.698,6673899.999,70.762,92.69799999997485,99.9320000000298,33.217,17.2279440468067,"[2322.0, 9543.9, 34934.0, 52140.0, 56775.0]","[1.0, 1.0, 2.0, 5.0, 7.0]","[1.0, 1.0, 2.0, 5.0, 7.0]",global_ECLAIR_intensity,global_ECLAIR_return_number,global_ECLAIR_number_of_returns,global_ECLAIR_class
ECLAIR,/csehome/m23csa510/lidar_experiments/datasets/eclair/pointclouds/pointcloud_1154.laz,592519,367600.0,6673900.0,35.309,367699.999,6673999.999,96.149,99.99900000001071,99.99899999983609,60.84,59.253085055866585,"[1495.0, 6845.99, 36089.0, 52812.0, 59422.0]","[1.0, 1.0, 1.0, 5.0, 8.0]","[1.0, 1.0, 2.0, 6.0, 8.0]",global_ECLAIR_intensity,global_ECLAIR_return_number,global_ECLAIR_number_of_returns,global_ECLAIR_class
ECLAIR,/csehome/m23csa510/lidar_experiments/datasets/eclair/pointclouds/pointcloud_1155.laz,407759,367600.0,6674000.0,30.976,367699.999,6674099.999,69.178,99.99900000001071,99.99899999983609,38.202,40.776715530295405,"[1374.0, 7434.0, 39236.0, 52606.0, 65535.0]","[1.0, 1.0, 1.0, 4.0, 8.0]","[1.0, 1.0, 2.0, 5.0, 8.0]",global_ECLAIR_intensity,global_ECLAIR_return_number,global_ECLAIR_number_of_returns,global_ECLAIR_class
ECLAIR,/csehome/m23csa510/lidar_experiments/datasets/eclair/pointclouds/pointcloud_1156.laz,137734,367600.0,6674100.0,29.161,367699.806,6674199.995,59.205,99.8059999999823,99.99500000011176,30.043999999999997,13.800862377434491,"[6359.0, 12053.0, 39735.0, 51410.01000000004, 65535.0]","[1.0, 1.0, 1.0, 4.0, 7.0]","[1.0, 1.0, 2.0, 5.0, 7.0]",global_ECLAIR_intensity,global_ECLAIR_return_number,global_ECLAIR_number_of_returns,global_ECLAIR_class
ECLAIR,/csehome/m23csa510/lidar_experiments/datasets/eclair/pointclouds/pointcloud_1157.laz,5454,367600.006,6674200.0,29.351,367632.028,6674228.292,43.1,32.021999999997206,28.29200000036508,13.749000000000002,6.020090651759185,"[14675.0, 16348.66, 34447.5, 48501.340000000004, 53967.0]","[1.0, 1.0, 2.0, 4.0, 7.0]","[1.0, 1.0, 2.0, 5.0, 7.0]",global_ECLAIR_intensity,global_ECLAIR_return_number,global_ECLAIR_number_of_returns,global_ECLAIR_class
ECLAIR,/csehome/m23csa510/lidar_experiments/datasets/eclair/pointclouds/pointcloud_1158.laz,290370,367600.0,6677116.757,27.247,367699.999,6677199.999,66.024,99.99900000001071,83.24199999962002,38.777,34.88298019393235,"[6963.0, 11479.69, 36732.0, 51487.0, 58803.0]","[1.0, 1.0, 2.0, 5.0, 8.0]","[1.0, 1.0, 2.0, 5.0, 8.0]",global_ECLAIR_intensity,global_ECLAIR_return_number,global_ECLAIR_number_of_returns,global_ECLAIR_class
ECLAIR,/csehome/m23csa510/lidar_experiments/datasets/eclair/pointclouds/pointcloud_1159.laz,503991,367600.0,6677200.0,26.856,367699.999,6677299.999,112.036,99.99900000001071,99.99899999983609,85.18,50.400107997197146,"[273.0, 13069.0, 46987.0, 54261.0, 58247.0]","[1.0, 1.0, 1.0, 4.0, 8.0]","[1.0, 1.0, 1.0, 5.0, 8.0]",global_ECLAIR_intensity,global_ECLAIR_return_number,global_ECLAIR_number_of_returns,global_ECLAIR_class
ECLAIR,/csehome/m23csa510/lidar_experiments/datasets/eclair/pointclouds/pointcloud_116.laz,37711,361820.531,6670937.786,42.426,361899.999,6670999.999,76.015,79.46799999999348,62.21299999952316,33.589,7.627717878351548,"[7474.0, 11752.3, 32346.0, 50738.10000000001, 55787.0]","[1.0, 1.0, 2.0, 5.0, 8.0]","[1.0, 1.0, 3.0, 6.0, 8.0]",global_ECLAIR_intensity,global_ECLAIR_return_number,global_ECLAIR_number_of_returns,global_ECLAIR_class
ECLAIR,/csehome/m23csa510/lidar_experiments/datasets/eclair/pointclouds/pointcloud_1160.laz,395029,367600.0,6677300.0,25.506,367699.999,6677399.999,106.01,99.99900000001071,99.99899999983609,80.504,39.50369006991155,"[276.0, 13319.28, 44863.0, 52266.0, 65535.0]","[1.0, 1.0, 1.0, 4.0, 8.0]","[1.0, 1.0, 1.0, 5.0, 8.0]",global_ECLAIR_intensity,global_ECLAIR_return_number,global_ECLAIR_number_of_returns,global_ECLAIR_class
ECLAIR,/csehome/m23csa510/lidar_experiments/datasets/eclair/pointclouds/pointcloud_1161.laz,69299,367600.007,6677400.0,27.131999999999998,367699.999,6677471.01,37.793,99.99200000002747,71.00999999977648,10.661000000000001,9.759828807738092,"[17243.0, 27879.96, 45213.0, 49117.020000000004, 51736.0]","[1.0, 1.0, 1.0, 2.0, 5.0]","[1.0, 1.0, 1.0, 3.0, 5.0]",global_ECLAIR_intensity,global_ECLAIR_return_number,global_ECLAIR_number_of_returns,global_ECLAIR_class
ECLAIR,/csehome/m23csa510/lidar_experiments/datasets/eclair/pointclouds/pointcloud_1162.laz,15150,367746.736,6672331.035,39.207,367799.998,6672399.996,58.135999999999996,53.2620000000461,68.96100000012666,18.928999999999995,4.1246928326842545,"[11900.0, 21447.7, 45444.0, 54702.51, 65535.0]","[1.0, 1.0, 1.0, 2.0, 4.0]","[1.0, 1.0, 1.0, 2.0, 4.0]",global_ECLAIR_intensity,global_ECLAIR_return_number,global_ECLAIR_number_of_returns,global_ECLAIR_class
ECLAIR,/csehome/m23csa510/lidar_experiments/datasets/eclair/pointclouds/pointcloud_1163.laz,61241,367726.791,6672400.001,32.558,367799.999,6672499.998,57.781,73.20799999998417,99.99699999950826,25.223,8.365593553359327,"[11424.0, 22934.8, 39339.0, 50730.6, 65535.0]","[1.0, 1.0, 1.0, 1.0, 3.0]","[1.0, 1.0, 1.0, 2.0, 3.0]",global_ECLAIR_intensity,global_ECLAIR_return_number,global_ECLAIR_number_of_returns,global_ECLAIR_class
ECLAIR,/csehome/m23csa510/lidar_experiments/datasets/eclair/pointclouds/pointcloud_1164.laz,54145,367727.399,6672500.0,31.646,367799.998,6672599.997,50.893,72.59900000004563,99.99700000043958,19.247,7.458315458678481,"[11167.0, 20237.16, 43418.0, 51666.0, 65535.0]","[1.0, 1.0, 1.0, 2.0, 3.0]","[1.0, 1.0, 1.0, 2.0, 3.0]",global_ECLAIR_intensity,global_ECLAIR_return_number,global_ECLAIR_number_of_returns,global_ECLAIR_class
ECLAIR,/csehome/m23csa510/lidar_experiments/datasets/eclair/pointclouds/pointcloud_1165.laz,7983,367758.74,6672600.008,29.779,367799.999,6672699.97,37.364,41.25900000002002,99.96199999935925,7.584999999999997,1.9355861007854587,"[13744.0, 19878.32, 42009.0, 50722.62, 65535.0]","[1.0, 1.0, 1.0, 2.0, 3.0]","[1.0, 1.0, 1.0, 2.0, 3.0]",global_ECLAIR_intensity,global_ECLAIR_return_number,global_ECLAIR_number_of_returns,global_ECLAIR_class
ECLAIR,/csehome/m23csa510/lidar_experiments/datasets/eclair/pointclouds/pointcloud_1166.laz,181997,367726.115,6672700.035,28.39,367799.999,6672799.999,54.675,73.88400000002002,99.96399999968708,26.284999999999997,24.641673774541996,"[8984.0, 18088.64, 44648.0, 55530.0, 65535.0]","[1.0, 1.0, 1.0, 2.0, 4.0]","[1.0, 1.0, 1.0, 2.0, 4.0]",global_ECLAIR_intensity,global_ECLAIR_return_number,global_ECLAIR_number_of_returns,global_ECLAIR_class
ECLAIR,/csehome/m23csa510/lidar_experiments/datasets/eclair/pointclouds/pointcloud_1167.laz,958551,367700.0,6672800.0,27.982,367799.999,6672899.999,83.768,99.99900000001071,99.99899999983609,55.786,95.85701713090377,"[0.0, 14373.0, 45590.0, 54791.0, 65535.0]","[1.0, 1.0, 1.0, 3.0, 7.0]","[1.0, 1.0, 1.0, 4.0, 7.0]",global_ECLAIR_intensity,global_ECLAIR_return_number,global_ECLAIR_number_of_returns,global_ECLAIR_class
ECLAIR,/csehome/m23csa510/lidar_experiments/datasets/eclair/pointclouds/pointcloud_1168.laz,1609046,367700.0,6672900.0,26.719,367799.999,6672999.999,99.08800000000001,99.99900000001071,99.99899999983609,72.369,160.90781814051854,"[0.0, 14010.0, 46428.0, 53174.0, 65535.0]","[1.0, 1.0, 1.0, 3.0, 6.0]","[1.0, 1.0, 1.0, 3.0, 7.0]",global_ECLAIR_intensity,global_ECLAIR_return_number,global_ECLAIR_number_of_returns,global_ECLAIR_class
ECLAIR,/csehome/m23csa510/lidar_experiments/datasets/eclair/pointclouds/pointcloud_1169.laz,1552687,367700.0,6673000.0,27.228,367799.999,6673099.999,95.968,99.99900000001071,99.99899999983609,68.74000000000001,155.2718054208191,"[0.0, 9920.98, 46473.0, 53797.0, 65535.0]","[1.0, 1.0, 1.0, 3.0, 7.0]","[1.0, 1.0, 1.0, 4.0, 7.0]",global_ECLAIR_intensity,global_ECLAIR_return_number,global_ECLAIR_number_of_returns,global_ECLAIR_class
ECLAIR,/csehome/m23csa510/lidar_experiments/datasets/eclair/pointclouds/pointcloud_117.laz,543057,361800.0,6671000.0,42.03,361899.999,6671099.999,104.07600000000001,99.99900000001071,99.99899999983609,62.04600000000001,54.30678613037512,"[1615.0, 10479.0, 38938.0, 53164.0, 57407.0]","[1.0, 1.0, 1.0, 4.0, 8.0]","[1.0, 1.0, 2.0, 5.0, 8.0]",global_ECLAIR_intensity,global_ECLAIR_return_number,global_ECLAIR_number_of_returns,global_ECLAIR_class
ECLAIR,/csehome/m23csa510/lidar_experiments/datasets/eclair/pointclouds/pointcloud_1170.laz,644878,367700.0,6673100.0,27.966,367799.996,6673199.991,56.724000000000004,99.99599999998463,99.99100000038743,28.758000000000003,64.49618427152907,"[5568.0, 12660.0, 47746.0, 53873.0, 65535.0]","[1.0, 1.0, 1.0, 4.0, 8.0]","[1.0, 1.0, 1.0, 4.0, 8.0]",global_ECLAIR_intensity,global_ECLAIR_return_number,global_ECLAIR_number_of_returns,global_ECLAIR_class
ECLAIR,/csehome/m23csa510/lidar_experiments/datasets/eclair/pointclouds/pointcloud_1171.laz,14394,367700.0,6673200.005,34.441,367720.912,6673253.105,51.102000000000004,20.912000000011176,53.10000000055879,16.661,12.962578726314371,"[8020.0, 10259.37, 31965.0, 52478.07, 57287.0]","[1.0, 1.0, 2.0, 5.0, 8.0]","[1.0, 1.0, 3.0, 6.0, 8.0]",global_ECLAIR_intensity,global_ECLAIR_return_number,global_ECLAIR_number_of_returns,global_ECLAIR_class
ECLAIR,/csehome/m23csa510/lidar_experiments/datasets/eclair/pointclouds/pointcloud_1172.laz,8773,367700.0,6673915.273,45.414,367721.653,6673999.966,57.931,21.652999999991152,84.6929999999702,12.516999999999996,4.783904889705678,"[11836.0, 14525.92, 39296.0, 51221.92000000001, 55357.0]","[1.0, 1.0, 1.0, 4.0, 5.0]","[1.0, 1.0, 1.0, 4.0, 5.0]",global_ECLAIR_intensity,global_ECLAIR_return_number,global_ECLAIR_number_of_returns,global_ECLAIR_class
ECLAIR,/csehome/m23csa510/lidar_experiments/datasets/eclair/pointclouds/pointcloud_1173.laz,18881,367700.0,6674000.087,25.508,367732.857,6674099.941,61.004000000000005,32.85700000001816,99.8539999993518,35.49600000000001,5.754818323552987,"[11690.0, 14341.2, 41257.0, 51937.2, 65535.0]","[1.0, 1.0, 1.0, 4.0, 6.0]","[1.0, 1.0, 1.0, 4.0, 6.0]",global_ECLAIR_intensity,global_ECLAIR_return_number,global_ECLAIR_number_of_returns,global_ECLAIR_class
ECLAIR,/csehome/m23csa510/lidar_experiments/datasets/eclair/pointclouds/pointcloud_1174.laz,2035,367690.001,6674090.008,36.474,367705.222,6674121.295,47.705,15.221000000019558,31.286999999545515,11.231000000000002,4.273240201154049,"[14475.0, 16430.72, 42189.0, 54369.16, 65535.0]","[1.0, 1.0, 1.0, 3.0, 4.0]","[1.0, 1.0, 1.0, 3.0, 4.0]",global_ECLAIR_intensity,global_ECLAIR_return_number,global_ECLAIR_number_of_returns,global_ECLAIR_class
ECLAIR,/csehome/m23csa510/lidar_experiments/datasets/eclair/pointclouds/pointcloud_1175.laz,14205,367700.0,6677169.327,34.524,367750.121,6677199.999,61.165,50.12099999998463,30.67200000025332,26.641,9.240158378465791,"[11901.0, 14184.48, 32516.0, 51199.759999999995, 55365.0]","[1.0, 1.0, 2.0, 5.0, 8.0]","[1.0, 1.0, 3.0, 5.0, 8.0]",global_ECLAIR_intensity,global_ECLAIR_return_number,global_ECLAIR_number_of_returns,global_ECLAIR_class
ECLAIR,/csehome/m23csa510/lidar_experiments/datasets/eclair/pointclouds/pointcloud_1176.laz,597527,367700.0,6677200.002,27.657,367799.999,6677299.999,104.056,99.99900000001071,99.99699999950826,76.399,59.75509018596834,"[1379.0, 10989.0, 36828.0, 52397.0, 58501.0]","[1.0, 1.0, 1.0, 5.0, 8.0]","[1.0, 1.0, 2.0, 6.0, 8.0]",global_ECLAIR_intensity,global_ECLAIR_return_number,global_ECLAIR_number_of_returns,global_ECLAIR_class
ECLAIR,/csehome/m23csa510/lidar_experiments/datasets/eclair/pointclouds/pointcloud_1177.laz,400231,367700.0,6677300.0,25.503,367799.999,6677399.999,116.894,99.99900000001071,99.99899999983609,91.391,40.023900474068405,"[440.0, 13814.3, 47570.0, 53716.0, 59403.0]","[1.0, 1.0, 1.0, 3.0, 7.0]","[1.0, 1.0, 1.0, 4.0, 7.0]",global_ECLAIR_intensity,global_ECLAIR_return_number,global_ECLAIR_number_of_returns,global_ECLAIR_class
ECLAIR,/csehome/m23csa510/lidar_experiments/datasets/eclair/pointclouds/pointcloud_1178.laz,241911,367700.0,6677400.0,25.5,367799.999,6677499.998,119.477,99.99900000001071,99.99799999967217,93.977,24.19182575001085,"[2817.0, 17452.2, 45859.0, 51947.899999999994, 58460.0]","[1.0, 1.0, 1.0, 3.0, 7.0]","[1.0, 1.0, 1.0, 4.0, 7.0]",global_ECLAIR_intensity,global_ECLAIR_return_number,global_ECLAIR_number_of_returns,global_ECLAIR_class
ECLAIR,/csehome/m23csa510/lidar_experiments/datasets/eclair/pointclouds/pointcloud_1179.laz,16427,367742.422,6677500.001,26.875999999999998,367799.997,6677540.392,44.421,57.574999999953434,40.39099999982864,17.545,7.063821316016305,"[16366.0, 19492.82, 46515.0, 50569.74, 52246.0]","[1.0, 1.0, 1.0, 4.0, 6.0]","[1.0, 1.0, 1.0, 4.0, 6.0]",global_ECLAIR_intensity,global_ECLAIR_return_number,global_ECLAIR_number_of_returns,global_ECLAIR_class
ECLAIR,/csehome/m23csa510/lidar_experiments/datasets/eclair/pointclouds/pointcloud_118.laz,627246,361800.0,6671100.0,41.257,361899.999,6671199.999,103.02,99.99900000001071,99.99899999983609,61.763,62.72585451091373,"[0.0, 9297.0, 39028.5, 54094.0, 58797.0]","[1.0, 1.0, 1.0, 4.0, 8.0]","[1.0, 1.0, 2.0, 5.0, 8.0]",global_ECLAIR_intensity,global_ECLAIR_return_number,global_ECLAIR_number_of_returns,global_ECLAIR_class
ECLAIR,/csehome/m23csa510/lidar_experiments/datasets/eclair/pointclouds/pointcloud_1180.laz,13109,367846.493,6672259.236,56.356,367899.998,6672299.997,80.458,53.50500000000466,40.76100000087172,24.101999999999997,6.010773526196816,"[7232.0, 10741.56, 37723.0, 51935.68, 53574.0]","[1.0, 1.0, 1.0, 4.0, 8.0]","[1.0, 1.0, 2.0, 5.0, 8.0]",global_ECLAIR_intensity,global_ECLAIR_return_number,global_ECLAIR_number_of_returns,global_ECLAIR_class
ECLAIR,/csehome/m23csa510/lidar_experiments/datasets/eclair/pointclouds/pointcloud_1181.laz,287923,367800.003,6672300.002,38.797,367899.999,6672399.999,81.765,99.99599999998463,99.99699999950826,42.968,28.79431556768257,"[1875.0, 7168.22, 36129.0, 53084.77999999997, 65535.0]","[1.0, 1.0, 1.0, 4.0, 8.0]","[1.0, 1.0, 2.0, 5.0, 8.0]",global_ECLAIR_intensity,global_ECLAIR_return_number,global_ECLAIR_number_of_returns,global_ECLAIR_class
ECLAIR,/csehome/m23csa510/lidar_experiments/datasets/eclair/pointclouds/pointcloud_1182.laz,340701,367800.0,6672400.0,32.96,367899.999,6672499.999,68.82900000000001,99.99900000001071,99.99899999983609,35.86900000000001,34.07078141227336,"[3505.0, 13352.0, 42835.0, 55567.0, 65535.0]","[1.0, 1.0, 1.0, 2.0, 6.0]","[1.0, 1.0, 1.0, 3.0, 7.0]",global_ECLAIR_intensity,global_ECLAIR_return_number,global_ECLAIR_number_of_returns,global_ECLAIR_class
ECLAIR,/csehome/m23csa510/lidar_experiments/datasets/eclair/pointclouds/pointcloud_1183.laz,349602,367800.0,6672500.0,28.912,367899.999,6672599.999,62.138999999999996,99.99900000001071,99.99899999983609,33.227,34.96089921454176,"[5432.0, 17640.010000000002, 44167.0, 53755.0, 65535.0]","[1.0, 1.0, 1.0, 2.0, 4.0]","[1.0, 1.0, 1.0, 2.0, 4.0]",global_ECLAIR_intensity,global_ECLAIR_return_number,global_ECLAIR_number_of_returns,global_ECLAIR_class
ECLAIR,/csehome/m23csa510/lidar_experiments/datasets/eclair/pointclouds/pointcloud_1184.laz,536414,367800.009,6672600.0,22.716,367899.999,6672699.999,55.953,99.98999999999069,99.99899999983609,33.237,53.64730114957207,"[5476.0, 12239.0, 43725.0, 54742.0, 65535.0]","[1.0, 1.0, 1.0, 3.0, 7.0]","[1.0, 1.0, 1.0, 4.0, 7.0]",global_ECLAIR_intensity,global_ECLAIR_return_number,global_ECLAIR_number_of_returns,global_ECLAIR_class
ECLAIR,/csehome/m23csa510/lidar_experiments/datasets/eclair/pointclouds/pointcloud_1185.laz,1111448,367800.0,6672700.0,23.353,367899.999,6672799.999,83.79400000000001,99.99900000001071,99.99899999983609,60.44100000000001,111.14702292951416,"[0.0, 11377.99, 45051.0, 54886.0, 65535.0]","[1.0, 1.0, 1.0, 3.0, 8.0]","[1.0, 1.0, 1.0, 4.0, 8.0]",global_ECLAIR_intensity,global_ECLAIR_return_number,global_ECLAIR_number_of_returns,global_ECLAIR_class
ECLAIR,/csehome/m23csa510/lidar_experiments/datasets/eclair/pointclouds/pointcloud_1186.laz,1709290,367800.0,6672800.0,27.771,367899.999,6672899.999,82.03200000000001,99.99900000001071,99.99899999983609,54.26100000000001,170.93241863154125,"[0.0, 8550.99, 41375.0, 53663.01000000001, 65535.0]","[1.0, 1.0, 1.0, 4.0, 8.0]","[1.0, 1.0, 2.0, 5.0, 8.0]",global_ECLAIR_intensity,global_ECLAIR_return_number,global_ECLAIR_number_of_returns,global_ECLAIR_class
ECLAIR,/csehome/m23csa510/lidar_experiments/datasets/eclair/pointclouds/pointcloud_1187.laz,1515681,367800.0,6672900.0,27.633,367899.999,6672999.999,75.732,99.99900000001071,99.99899999983609,48.099000000000004,151.57113140770323,"[185.0, 8249.99, 35991.0, 51902.0, 65535.0]","[1.0, 1.0, 1.0, 4.0, 7.0]","[1.0, 1.0, 2.0, 5.0, 8.0]",global_ECLAIR_intensity,global_ECLAIR_return_number,global_ECLAIR_number_of_returns,global_ECLAIR_class
ECLAIR,/csehome/m23csa510/lidar_experiments/datasets/eclair/pointclouds/pointcloud_1188.laz,211993,367800.0,6673000.0,27.768,367882.465,6673099.999,34.254,82.46500000002561,99.99899999983609,6.485999999999997,25.707284296547765,"[8790.0, 24881.440000000002, 48555.0, 53375.0, 56384.0]","[1.0, 1.0, 1.0, 2.0, 5.0]","[1.0, 1.0, 1.0, 2.0, 5.0]",global_ECLAIR_intensity,global_ECLAIR_return_number,global_ECLAIR_number_of_returns,global_ECLAIR_class
ECLAIR,/csehome/m23csa510/lidar_experiments/datasets/eclair/pointclouds/pointcloud_1189.laz,1249,367800.0,6673100.003,28.567,367809.495,6673109.831,32.297,9.494999999995343,9.828000000678003,3.729999999999997,13.384505221397804,"[15046.0, 23463.56, 49016.0, 52833.4, 53641.0]","[1.0, 1.0, 1.0, 2.0, 3.0]","[1.0, 1.0, 1.0, 2.0, 3.0]",global_ECLAIR_intensity,global_ECLAIR_return_number,global_ECLAIR_number_of_returns,global_ECLAIR_class
ECLAIR,/csehome/m23csa510/lidar_experiments/datasets/eclair/pointclouds/pointcloud_119.laz,273614,361800.0,6671200.0,39.391,361899.999,6671299.915,73.104,99.99900000001071,99.91500000003725,33.713,27.384950824924218,"[4926.0, 10889.130000000001, 34334.0, 51345.73999999999, 58724.0]","[1.0, 1.0, 2.0, 5.0, 8.0]","[1.0, 1.0, 3.0, 6.0, 8.0]",global_ECLAIR_intensity,global_ECLAIR_return_number,global_ECLAIR_number_of_returns,global_ECLAIR_class
ECLAIR,/csehome/m23csa510/lidar_experiments/datasets/eclair/pointclouds/pointcloud_1190.laz,116581,367800.001,6677226.975,35.821,367899.976,6677299.999,68.668,99.97500000003492,73.02400000020862,32.84700000000001,15.968743500460212,"[8549.0, 13359.0, 37953.0, 50827.0, 58123.0]","[1.0, 1.0, 1.0, 5.0, 8.0]","[1.0, 1.0, 2.0, 5.0, 8.0]",global_ECLAIR_intensity,global_ECLAIR_return_number,global_ECLAIR_number_of_returns,global_ECLAIR_class
ECLAIR,/csehome/m23csa510/lidar_experiments/datasets/eclair/pointclouds/pointcloud_1191.laz,526888,367800.0,6677300.0,27.695999999999998,367899.999,6677399.999,118.935,99.99900000001071,99.99899999983609,91.239,52.68985379188757,"[791.0, 11549.0, 43506.0, 53106.0, 59642.0]","[1.0, 1.0, 1.0, 4.0, 8.0]","[1.0, 1.0, 2.0, 5.0, 8.0]",global_ECLAIR_intensity,global_ECLAIR_return_number,global_ECLAIR_number_of_returns,global_ECLAIR_class
ECLAIR,/csehome/m23csa510/lidar_experiments/datasets/eclair/pointclouds/pointcloud_1192.laz,387940,367800.0,6677400.0,25.560000000000002,367899.999,6677499.999,126.706,99.99900000001071,99.99899999983609,101.146,38.79477589169779,"[521.0, 12945.39, 45731.0, 52574.0, 65535.0]","[1.0, 1.0, 1.0, 4.0, 8.0]","[1.0, 1.0, 1.0, 5.0, 8.0]",global_ECLAIR_intensity,global_ECLAIR_return_number,global_ECLAIR_number_of_returns,global_ECLAIR_class
ECLAIR,/csehome/m23csa510/lidar_experiments/datasets/eclair/pointclouds/pointcloud_1193.laz,162003,367800.0,6677500.0,25.573999999999998,367899.999,6677599.986,68.393,99.99900000001071,99.98599999956787,42.819,16.2027303869425,"[10231.0, 15288.06, 38622.0, 49679.0, 56981.0]","[1.0, 1.0, 1.0, 4.0, 7.0]","[1.0, 1.0, 2.0, 5.0, 7.0]",global_ECLAIR_intensity,global_ECLAIR_return_number,global_ECLAIR_number_of_returns,global_ECLAIR_class
ECLAIR,/csehome/m23csa510/lidar_experiments/datasets/eclair/pointclouds/pointcloud_1194.laz,282,367893.225,6677600.002,25.643,367899.987,6677605.285,29.848,6.7620000000461005,5.282999999821186,4.204999999999998,7.893931095600441,"[21409.0, 21689.47, 40109.5, 46988.67, 48619.0]","[1.0, 1.0, 1.0, 3.0, 3.0]","[1.0, 1.0, 2.0, 3.0, 3.0]",global_ECLAIR_intensity,global_ECLAIR_return_number,global_ECLAIR_number_of_returns,global_ECLAIR_class
ECLAIR,/csehome/m23csa510/lidar_experiments/datasets/eclair/pointclouds/pointcloud_1195.laz,3295,367973.156,6672176.56,39.014,367999.996,6672199.99,46.637,26.839999999967404,23.4300000006333,7.6229999999999976,5.239629984987052,"[15837.0, 19426.68, 42486.0, 48996.95999999999, 56973.0]","[1.0, 1.0, 1.0, 2.0, 3.0]","[1.0, 1.0, 1.0, 2.0, 3.0]",global_ECLAIR_intensity,global_ECLAIR_return_number,global_ECLAIR_number_of_returns,global_ECLAIR_class
ECLAIR,/csehome/m23csa510/lidar_experiments/datasets/eclair/pointclouds/pointcloud_1196.laz,205886,367900.0,6672200.017,40.35,367999.999,6672299.999,79.777,99.99900000001071,99.98199999984354,39.427,20.592512540346156,"[2620.0, 8574.55, 38653.5, 52062.149999999994, 65535.0]","[1.0, 1.0, 1.0, 4.0, 7.0]","[1.0, 1.0, 2.0, 5.0, 7.0]",global_ECLAIR_intensity,global_ECLAIR_return_number,global_ECLAIR_number_of_returns,global_ECLAIR_class
ECLAIR,/csehome/m23csa510/lidar_experiments/datasets/eclair/pointclouds/pointcloud_1197.laz,539028,367900.0,6672300.0,46.877,367999.999,6672399.999,103.47,99.99900000001071,99.99899999983609,56.592999999999996,53.90387807225364,"[0.0, 5420.0, 38760.0, 53742.0, 65535.0]","[1.0, 1.0, 1.0, 4.0, 7.0]","[1.0, 1.0, 2.0, 5.0, 7.0]",global_ECLAIR_intensity,global_ECLAIR_return_number,global_ECLAIR_number_of_returns,global_ECLAIR_class
ECLAIR,/csehome/m23csa510/lidar_experiments/datasets/eclair/pointclouds/pointcloud_1198.laz,570034,367900.0,6672400.0,35.161,367999.999,6672499.999,74.43299999999999,99.99900000001071,99.99899999983609,39.27199999999999,57.00454008518858,"[3394.0, 12451.98, 43320.0, 54552.0, 65535.0]","[1.0, 1.0, 1.0, 4.0, 7.0]","[1.0, 1.0, 1.0, 4.0, 7.0]",global_ECLAIR_intensity,global_ECLAIR_return_number,global_ECLAIR_number_of_returns,global_ECLAIR_class
ECLAIR,/csehome/m23csa510/lidar_experiments/datasets/eclair/pointclouds/pointcloud_1199.laz,1220607,367900.0,6672500.0,28.543,367999.999,6672599.999,102.214,99.99900000001071,99.99899999983609,73.67099999999999,122.0631412508057,"[4461.0, 12245.0, 43971.0, 54890.0, 65535.0]","[1.0, 1.0, 1.0, 3.0, 6.0]","[1.0, 1.0, 1.0, 4.0, 6.0]",global_ECLAIR_intensity,global_ECLAIR_return_number,global_ECLAIR_number_of_returns,global_ECLAIR_class
ECLAIR,/csehome/m23csa510/lidar_experiments/datasets/eclair/pointclouds/pointcloud_12.laz,396317,360500.0,6672000.0,52.965,360599.999,6672099.999,114.028,99.99900000001071,99.99899999983609,61.063,39.632492645950386,"[0.0, 8508.0, 49613.0, 54085.83999999997, 60961.0]","[1.0, 1.0, 1.0, 3.0, 7.0]","[1.0, 1.0, 1.0, 4.0, 7.0]",global_ECLAIR_intensity,global_ECLAIR_return_number,global_ECLAIR_number_of_returns,global_ECLAIR_class
ECLAIR,/csehome/m23csa510/lidar_experiments/datasets/eclair/pointclouds/pointcloud_120.laz,2465,361790.0,6671290.002,39.803,361825.03,6671310.837,57.31,35.03000000002794,20.834999999962747,17.507000000000005,3.3774060849929946,"[13985.0, 14987.68, 28975.0, 48258.52000000001, 51660.0]","[1.0, 1.0, 2.0, 5.0, 6.0]","[1.0, 1.0, 3.0, 6.0, 6.0]",global_ECLAIR_intensity,global_ECLAIR_return_number,global_ECLAIR_number_of_returns,global_ECLAIR_class
ECLAIR,/csehome/m23csa510/lidar_experiments/datasets/eclair/pointclouds/pointcloud_1200.laz,1411921,367900.0,6672600.0,8.538,367999.999,6672699.999,95.277,99.99900000001071,99.99899999983609,86.739,141.1949238845745,"[0.0, 11001.0, 44249.0, 54072.0, 65535.0]","[1.0, 1.0, 1.0, 3.0, 7.0]","[1.0, 1.0, 1.0, 4.0, 8.0]",global_ECLAIR_intensity,global_ECLAIR_return_number,global_ECLAIR_number_of_returns,global_ECLAIR_class
ECLAIR,/csehome/m23csa510/lidar_experiments/datasets/eclair/pointclouds/pointcloud_1201.laz,1842887,367900.0,6672700.0,27.884,367999.999,6672799.999,96.881,99.99900000001071,99.99899999983609,68.997,184.2923858295697,"[21.0, 8583.0, 37275.0, 53254.0, 65163.0]","[1.0, 1.0, 1.0, 4.0, 8.0]","[1.0, 1.0, 2.0, 5.0, 8.0]",global_ECLAIR_intensity,global_ECLAIR_return_number,global_ECLAIR_number_of_returns,global_ECLAIR_class
ECLAIR,/csehome/m23csa510/lidar_experiments/datasets/eclair/pointclouds/pointcloud_1202.laz,755668,367900.0,6672800.0,28.185,367994.071,6672899.999,61.14,94.07099999999627,99.99899999983609,32.955,80.33034163098469,"[3471.0, 10746.0, 35639.0, 52065.01000000001, 58946.0]","[1.0, 1.0, 2.0, 4.0, 8.0]","[1.0, 1.0, 2.0, 5.0, 8.0]",global_ECLAIR_intensity,global_ECLAIR_return_number,global_ECLAIR_number_of_returns,global_ECLAIR_class
ECLAIR,/csehome/m23csa510/lidar_experiments/datasets/eclair/pointclouds/pointcloud_1203.laz,27027,367900.0,6672900.0,28.833,367931.472,6672960.979,52.557,31.472000000008848,60.97900000028312,23.724000000000004,14.08293584990736,"[9953.0, 12509.04, 32094.0, 49585.61999999997, 55681.0]","[1.0, 1.0, 2.0, 5.0, 7.0]","[1.0, 1.0, 3.0, 6.0, 7.0]",global_ECLAIR_intensity,global_ECLAIR_return_number,global_ECLAIR_number_of_returns,global_ECLAIR_class
ECLAIR,/csehome/m23csa510/lidar_experiments/datasets/eclair/pointclouds/pointcloud_1204.laz,3557,367890.0,6677292.442,49.611000000000004,367914.431,6677309.998,61.791,24.430999999982305,17.55599999986589,12.179999999999993,8.293102808552755,"[14045.0, 15431.8, 43608.0, 52722.88, 54177.0]","[1.0, 1.0, 1.0, 4.0, 6.0]","[1.0, 1.0, 1.0, 4.0, 6.0]",global_ECLAIR_intensity,global_ECLAIR_return_number,global_ECLAIR_number_of_returns,global_ECLAIR_class
ECLAIR,/csehome/m23csa510/lidar_experiments/datasets/eclair/pointclouds/pointcloud_1205.laz,324895,367900.0,6677300.1,41.942,367999.998,6677399.999,80.134,99.99800000002142,99.89900000020862,38.192,32.52299803093249,"[6758.0, 11797.94, 42278.0, 52638.0, 61115.0]","[1.0, 1.0, 1.0, 4.0, 8.0]","[1.0, 1.0, 2.0, 5.0, 8.0]",global_ECLAIR_intensity,global_ECLAIR_return_number,global_ECLAIR_number_of_returns,global_ECLAIR_class
ECLAIR,/csehome/m23csa510/lidar_experiments/datasets/eclair/pointclouds/pointcloud_1206.laz,548558,367900.0,6677400.0,40.954,367999.999,6677499.999,125.396,99.99900000001071,99.99899999983609,84.44200000000001,54.856897132541,"[359.0, 11158.99, 46746.0, 54055.0, 65535.0]","[1.0, 1.0, 1.0, 4.0, 7.0]","[1.0, 1.0, 1.0, 4.0, 8.0]",global_ECLAIR_intensity,global_ECLAIR_return_number,global_ECLAIR_number_of_returns,global_ECLAIR_class
ECLAIR,/csehome/m23csa510/lidar_experiments/datasets/eclair/pointclouds/pointcloud_1207.laz,415214,367900.0,6677500.0,26.552,367999.999,6677599.999,80.154,99.99900000001071,99.99899999983609,53.602,41.5222304405202,"[2155.0, 11346.26, 36501.0, 51130.869999999995, 65535.0]","[1.0, 1.0, 1.0, 5.0, 8.0]","[1.0, 1.0, 2.0, 5.0, 8.0]",global_ECLAIR_intensity,global_ECLAIR_return_number,global_ECLAIR_number_of_returns,global_ECLAIR_class
ECLAIR,/csehome/m23csa510/lidar_experiments/datasets/eclair/pointclouds/pointcloud_1208.laz,67095,367900.024,6677600.0,25.654,367999.999,6677663.11,40.583,99.97500000003492,63.110000000335276,14.928999999999998,10.634095697053738,"[19275.0, 26138.86, 46017.0, 50289.06, 52373.0]","[1.0, 1.0, 1.0, 2.0, 4.0]","[1.0, 1.0, 1.0, 3.0, 4.0]",global_ECLAIR_intensity,global_ECLAIR_return_number,global_ECLAIR_number_of_returns,global_ECLAIR_class
ECLAIR,/csehome/m23csa510/lidar_experiments/datasets/eclair/pointclouds/pointcloud_1209.laz,60083,368000.002,6672139.767,32.66,368099.995,6672199.999,61.442,99.99300000001676,60.23199999984354,28.782000000000004,9.975960636301853,"[11038.0, 18247.1, 41891.0, 53538.18, 65535.0]","[1.0, 1.0, 1.0, 3.0, 6.0]","[1.0, 1.0, 1.0, 3.0, 6.0]",global_ECLAIR_intensity,global_ECLAIR_return_number,global_ECLAIR_number_of_returns,global_ECLAIR_class
ECLAIR,/csehome/m23csa510/lidar_experiments/datasets/eclair/pointclouds/pointcloud_121.laz,835,361800.003,6672490.09,35.655,361816.142,6672499.999,41.024,16.138999999966472,9.908999999985099,5.369,5.2213165708123,"[16137.0, 17045.16, 39244.0, 50911.799999999996, 54212.0]","[1.0, 1.0, 2.0, 4.0, 5.0]","[1.0, 1.0, 2.0, 4.0, 5.0]",global_ECLAIR_intensity,global_ECLAIR_return_number,global_ECLAIR_number_of_returns,global_ECLAIR_class
ECLAIR,/csehome/m23csa510/lidar_experiments/datasets/eclair/pointclouds/pointcloud_1210.laz,407710,368000.0,6672200.0,33.137,368099.999,6672299.999,92.123,99.99900000001071,99.99899999983609,58.986000000000004,40.77181543229393,"[2241.0, 8199.09, 41226.0, 53074.909999999974, 65535.0]","[1.0, 1.0, 1.0, 4.0, 7.0]","[1.0, 1.0, 2.0, 5.0, 7.0]",global_ECLAIR_intensity,global_ECLAIR_return_number,global_ECLAIR_number_of_returns,global_ECLAIR_class
ECLAIR,/csehome/m23csa510/lidar_experiments/datasets/eclair/pointclouds/pointcloud_1211.laz,749375,368000.0,6672300.0,31.969,368099.999,6672399.999,83.31,99.99900000001071,99.99899999983609,51.341,74.93899877259636,"[0.0, 9782.99, 39973.0, 54427.0, 65535.0]","[1.0, 1.0, 1.0, 4.0, 8.0]","[1.0, 1.0, 2.0, 5.0, 8.0]",global_ECLAIR_intensity,global_ECLAIR_return_number,global_ECLAIR_number_of_returns,global_ECLAIR_class
ECLAIR,/csehome/m23csa510/lidar_experiments/datasets/eclair/pointclouds/pointcloud_1212.laz,1730264,368000.0,6672400.0,28.939999999999998,368099.999,6672499.999,109.116,99.99900000001071,99.99899999983609,80.176,173.0298605801737,"[0.0, 10335.0, 42396.0, 52920.0, 65535.0]","[1.0, 1.0, 1.0, 4.0, 8.0]","[1.0, 1.0, 2.0, 5.0, 8.0]",global_ECLAIR_intensity,global_ECLAIR_return_number,global_ECLAIR_number_of_returns,global_ECLAIR_class
ECLAIR,/csehome/m23csa510/lidar_experiments/datasets/eclair/pointclouds/pointcloud_1213.laz,1883175,368000.0,6672500.0,25.753999999999998,368099.999,6672599.999,83.209,99.99900000001071,99.99899999983609,57.455000000000005,188.3212664067845,"[0.0, 8860.99, 44718.0, 53618.01000000001, 65535.0]","[1.0, 1.0, 1.0, 4.0, 7.0]","[1.0, 1.0, 1.0, 5.0, 8.0]",global_ECLAIR_intensity,global_ECLAIR_return_number,global_ECLAIR_number_of_returns,global_ECLAIR_class
ECLAIR,/csehome/m23csa510/lidar_experiments/datasets/eclair/pointclouds/pointcloud_1214.laz,1308277,368000.0,6672600.0,28.233,368099.999,6672699.999,79.664,99.99900000001071,99.99899999983609,51.431,130.83031659344928,"[0.0, 8144.0, 40805.0, 53371.0, 65535.0]","[1.0, 1.0, 1.0, 4.0, 8.0]","[1.0, 1.0, 2.0, 5.0, 8.0]",global_ECLAIR_intensity,global_ECLAIR_return_number,global_ECLAIR_number_of_returns,global_ECLAIR_class
ECLAIR,/csehome/m23csa510/lidar_experiments/datasets/eclair/pointclouds/pointcloud_1215.laz,296147,368000.0,6672700.0,29.139,368063.728,6672792.817,61.42,63.728000000002794,92.81699999980628,32.281000000000006,50.06676389035956,"[5685.0, 10353.0, 36785.0, 52092.0, 60135.0]","[1.0, 1.0, 2.0, 4.0, 8.0]","[1.0, 1.0, 2.0, 5.0, 8.0]",global_ECLAIR_intensity,global_ECLAIR_return_number,global_ECLAIR_number_of_returns,global_ECLAIR_class
ECLAIR,/csehome/m23csa510/lidar_experiments/datasets/eclair/pointclouds/pointcloud_1216.laz,20762,368000.0,6677370.488,62.067,368064.244,6677399.999,78.411,64.24400000000605,29.510999999940395,16.344,10.950972469900801,"[10763.0, 13683.2, 45702.5, 52461.39, 65535.0]","[1.0, 1.0, 1.0, 4.0, 6.0]","[1.0, 1.0, 2.0, 4.0, 6.0]",global_ECLAIR_intensity,global_ECLAIR_return_number,global_ECLAIR_number_of_returns,global_ECLAIR_class
ECLAIR,/csehome/m23csa510/lidar_experiments/datasets/eclair/pointclouds/pointcloud_1217.laz,596634,368000.0,6677400.0,53.095,368099.999,6677499.999,130.276,99.99900000001071,99.99899999983609,77.18100000000001,59.66459328599067,"[0.0, 9135.0, 39905.0, 53770.0, 59155.0]","[1.0, 1.0, 1.0, 4.0, 8.0]","[1.0, 1.0, 2.0, 5.0, 8.0]",global_ECLAIR_intensity,global_ECLAIR_return_number,global_ECLAIR_number_of_returns,global_ECLAIR_class
ECLAIR,/csehome/m23csa510/lidar_experiments/datasets/eclair/pointclouds/pointcloud_1218.laz,544632,368000.0,6677500.0,28.807,368099.999,6677599.999,126.69500000000001,99.99900000001071,99.99899999983609,97.888,54.46428928042262,"[0.0, 11970.0, 43295.0, 53603.0, 58848.0]","[1.0, 1.0, 1.0, 4.0, 8.0]","[1.0, 1.0, 2.0, 5.0, 8.0]",global_ECLAIR_intensity,global_ECLAIR_return_number,global_ECLAIR_number_of_returns,global_ECLAIR_class
ECLAIR,/csehome/m23csa510/lidar_experiments/datasets/eclair/pointclouds/pointcloud_1219.laz,180864,368000.0,6677600.0,28.526,368099.999,6677699.999,65.622,99.99900000001071,99.99899999983609,37.096000000000004,18.086761733453702,"[9648.0, 13815.630000000001, 44453.0, 49465.369999999995, 53782.0]","[1.0, 1.0, 1.0, 4.0, 8.0]","[1.0, 1.0, 1.0, 5.0, 8.0]",global_ECLAIR_intensity,global_ECLAIR_return_number,global_ECLAIR_number_of_returns,global_ECLAIR_class
ECLAIR,/csehome/m23csa510/lidar_experiments/datasets/eclair/pointclouds/pointcloud_122.laz,200956,361800.0,6672500.002,31.961,361899.989,6672599.999,63.163,99.9890000000014,99.99699999950826,31.201999999999998,20.09841371169341,"[7995.0, 12681.0, 40593.0, 53053.45000000001, 58766.0]","[1.0, 1.0, 1.0, 4.0, 7.0]","[1.0, 1.0, 2.0, 5.0, 7.0]",global_ECLAIR_intensity,global_ECLAIR_return_number,global_ECLAIR_number_of_returns,global_ECLAIR_class
ECLAIR,/csehome/m23csa510/lidar_experiments/datasets/eclair/pointclouds/pointcloud_1220.laz,7884,368067.745,6677700.002,28.775,368099.999,6677725.616,38.592,32.25400000001537,25.614000000059605,9.817,9.543015490901913,"[14057.0, 17300.07, 42387.0, 48105.68, 50228.0]","[1.0, 1.0, 1.0, 3.0, 5.0]","[1.0, 1.0, 1.0, 4.0, 5.0]",global_ECLAIR_intensity,global_ECLAIR_return_number,global_ECLAIR_number_of_returns,global_ECLAIR_class
ECLAIR,/csehome/m23csa510/lidar_experiments/datasets/eclair/pointclouds/pointcloud_1221.laz,94932,368100.001,6672123.448,34.586,368199.996,6672199.999,61.378,99.99499999999534,76.55099999997765,26.792,12.401764423374484,"[9489.0, 20386.24, 42702.0, 53420.69, 65535.0]","[1.0, 1.0, 1.0, 2.0, 4.0]","[1.0, 1.0, 1.0, 2.0, 4.0]",global_ECLAIR_intensity,global_ECLAIR_return_number,global_ECLAIR_number_of_returns,global_ECLAIR_class
ECLAIR,/csehome/m23csa510/lidar_experiments/datasets/eclair/pointclouds/pointcloud_1222.laz,531495,368100.0,6672200.0,22.997,368199.999,6672299.999,95.839,99.99900000001071,99.99899999983609,72.842,53.15056300602649,"[5480.0, 17307.989999999998, 44883.0, 54308.0, 65535.0]","[1.0, 1.0, 1.0, 2.0, 4.0]","[1.0, 1.0, 1.0, 2.0, 4.0]",global_ECLAIR_intensity,global_ECLAIR_return_number,global_ECLAIR_number_of_returns,global_ECLAIR_class
ECLAIR,/csehome/m23csa510/lidar_experiments/datasets/eclair/pointclouds/pointcloud_1223.laz,1016648,368100.0,6672300.0,30.434,368199.999,6672399.999,85.541,99.99900000001071,99.99899999983609,55.107,101.6668333266556,"[6599.0, 19198.989999999998, 46004.0, 54103.0, 65535.0]","[1.0, 1.0, 1.0, 2.0, 4.0]","[1.0, 1.0, 1.0, 2.0, 4.0]",global_ECLAIR_intensity,global_ECLAIR_return_number,global_ECLAIR_number_of_returns,global_ECLAIR_class
ECLAIR,/csehome/m23csa510/lidar_experiments/datasets/eclair/pointclouds/pointcloud_1224.laz,1580984,368100.0,6672400.0,28.954,368199.999,6672499.999,111.205,99.99900000001071,99.99899999983609,82.251,158.10156201567236,"[0.0, 13479.99, 48246.0, 55136.0, 65535.0]","[1.0, 1.0, 1.0, 3.0, 6.0]","[1.0, 1.0, 1.0, 3.0, 6.0]",global_ECLAIR_intensity,global_ECLAIR_return_number,global_ECLAIR_number_of_returns,global_ECLAIR_class
ECLAIR,/csehome/m23csa510/lidar_experiments/datasets/eclair/pointclouds/pointcloud_1225.laz,1017815,368100.0,6672500.0,25.061,368199.999,6672599.998,45.099000000000004,99.99900000001071,99.99799999967217,20.038000000000004,101.78455351657135,"[4601.0, 15466.99, 45653.0, 54205.0, 65535.0]","[1.0, 1.0, 1.0, 3.0, 6.0]","[1.0, 1.0, 1.0, 3.0, 6.0]",global_ECLAIR_intensity,global_ECLAIR_return_number,global_ECLAIR_number_of_returns,global_ECLAIR_class
ECLAIR,/csehome/m23csa510/lidar_experiments/datasets/eclair/pointclouds/pointcloud_1226.laz,51550,368100.001,6672600.0,31.749,368136.875,6672646.65,45.621,36.87400000001071,46.65000000037253,13.872000000000003,29.967931696818805,"[8973.0, 14942.96, 44180.0, 54616.530000000006, 65535.0]","[1.0, 1.0, 1.0, 3.0, 7.0]","[1.0, 1.0, 1.0, 3.0, 7.0]",global_ECLAIR_intensity,global_ECLAIR_return_number,global_ECLAIR_number_of_returns,global_ECLAIR_class
ECLAIR,/csehome/m23csa510/lidar_experiments/datasets/eclair/pointclouds/pointcloud_1227.laz,2245,368161.786,6677396.503,54.977000000000004,368199.973,6677399.998,82.62100000000001,38.18699999997625,3.4950000001117587,27.644000000000005,16.821070229388887,"[10395.0, 13469.08, 37827.0, 52445.84, 56709.0]","[1.0, 1.0, 2.0, 4.0, 8.0]","[1.0, 1.0, 2.0, 5.0, 8.0]",global_ECLAIR_intensity,global_ECLAIR_return_number,global_ECLAIR_number_of_returns,global_ECLAIR_class
ECLAIR,/csehome/m23csa510/lidar_experiments/datasets/eclair/pointclouds/pointcloud_1228.laz,365958,368100.0,6677400.0,44.903,368199.999,6677499.999,88.727,99.99900000001071,99.99899999983609,43.824000000000005,36.59653192703495,"[6642.0, 12008.0, 35923.5, 52691.42999999999, 58010.0]","[1.0, 1.0, 2.0, 5.0, 8.0]","[1.0, 1.0, 2.0, 5.0, 8.0]",global_ECLAIR_intensity,global_ECLAIR_return_number,global_ECLAIR_number_of_returns,global_ECLAIR_class
ECLAIR,/csehome/m23csa510/lidar_experiments/datasets/eclair/pointclouds/pointcloud_1229.laz,811304,368100.0,6677500.0,37.79,368199.999,6677599.999,128.312,99.99900000001071,99.99899999983609,90.52200000000002,81.13202263246374,"[119.0, 12120.0, 43386.0, 54087.0, 60287.0]","[1.0, 1.0, 1.0, 4.0, 8.0]","[1.0, 1.0, 2.0, 5.0, 8.0]",global_ECLAIR_intensity,global_ECLAIR_return_number,global_ECLAIR_number_of_returns,global_ECLAIR_class
ECLAIR,/csehome/m23csa510/lidar_experiments/datasets/eclair/pointclouds/pointcloud_123.laz,446935,361800.0,6672600.0,30.368000000000002,361899.999,6672699.999,109.724,99.99900000001071,99.99899999983609,79.356,44.6943938834767,"[214.0, 10842.0, 44132.0, 54488.659999999974, 65535.0]","[1.0, 1.0, 1.0, 4.0, 8.0]","[1.0, 1.0, 1.0, 5.0, 8.0]",global_ECLAIR_intensity,global_ECLAIR_return_number,global_ECLAIR_number_of_returns,global_ECLAIR_class
ECLAIR,/csehome/m23csa510/lidar_experiments/datasets/eclair/pointclouds/pointcloud_1230.laz,784292,368100.0,6677600.0,29.914,368199.999,6677699.999,123.351,99.99900000001071,99.99899999983609,93.437,78.43076860764923,"[0.0, 10525.99, 43452.0, 52647.0, 59158.0]","[1.0, 1.0, 1.0, 4.0, 8.0]","[1.0, 1.0, 1.0, 5.0, 8.0]",global_ECLAIR_intensity,global_ECLAIR_return_number,global_ECLAIR_number_of_returns,global_ECLAIR_class
ECLAIR,/csehome/m23csa510/lidar_experiments/datasets/eclair/pointclouds/pointcloud_1231.laz,185869,368100.0,6677700.0,29.054000000000002,368199.999,6677776.843,40.554,99.99900000001071,76.84300000034273,11.5,24.18839174781544,"[13655.0, 22753.04, 45675.0, 49647.0, 53720.0]","[1.0, 1.0, 1.0, 2.0, 5.0]","[1.0, 1.0, 1.0, 3.0, 5.0]",global_ECLAIR_intensity,global_ECLAIR_return_number,global_ECLAIR_number_of_returns,global_ECLAIR_class
ECLAIR,/csehome/m23csa510/lidar_experiments/datasets/eclair/pointclouds/pointcloud_1232.laz,1432,368297.037,6671942.911,32.637,368309.996,6672009.999,44.412,12.958999999973457,67.08799999952316,11.774999999999999,1.647125470690386,"[17579.0, 19176.27, 32148.0, 48564.94, 51684.0]","[1.0, 1.0, 2.0, 5.0, 5.0]","[1.0, 1.0, 3.0, 5.0, 5.0]",global_ECLAIR_intensity,global_ECLAIR_return_number,global_ECLAIR_number_of_returns,global_ECLAIR_class
ECLAIR,/csehome/m23csa510/lidar_experiments/datasets/eclair/pointclouds/pointcloud_1233.laz,3153,368297.037,6671990.007,33.907,368309.996,6672074.801,44.888,12.958999999973457,84.79399999976158,10.981000000000002,2.869375317059214,"[17579.0, 19010.68, 34929.0, 49920.92, 51684.0]","[1.0, 1.0, 2.0, 4.0, 6.0]","[1.0, 1.0, 2.0, 5.0, 6.0]",global_ECLAIR_intensity,global_ECLAIR_return_number,global_ECLAIR_number_of_returns,global_ECLAIR_class
ECLAIR,/csehome/m23csa510/lidar_experiments/datasets/eclair/pointclouds/pointcloud_1234.laz,57892,368200.001,6672126.169,33.867,368299.999,6672199.998,46.197,99.99800000002142,73.8289999999106,12.330000000000005,7.841519980389139,"[12218.0, 26912.38, 43969.5, 50959.0, 65535.0]","[1.0, 1.0, 1.0, 2.0, 4.0]","[1.0, 1.0, 1.0, 2.0, 4.0]",global_ECLAIR_intensity,global_ECLAIR_return_number,global_ECLAIR_number_of_returns,global_ECLAIR_class
ECLAIR,/csehome/m23csa510/lidar_experiments/datasets/eclair/pointclouds/pointcloud_1235.laz,414506,368200.0,6672200.0,31.893,368299.999,6672299.999,61.028000000000006,99.99900000001071,99.99899999983609,29.135000000000005,41.45142902449885,"[8634.0, 17473.05, 47289.0, 53508.0, 65535.0]","[1.0, 1.0, 1.0, 3.0, 7.0]","[1.0, 1.0, 1.0, 4.0, 7.0]",global_ECLAIR_intensity,global_ECLAIR_return_number,global_ECLAIR_number_of_returns,global_ECLAIR_class
ECLAIR,/csehome/m23csa510/lidar_experiments/datasets/eclair/pointclouds/pointcloud_1236.laz,1176893,368200.0,6672300.0,29.709,368299.999,6672399.999,116.734,99.99900000001071,99.99899999983609,87.02499999999999,117.69165382148756,"[736.0, 11117.0, 46399.0, 53936.0, 59699.0]","[1.0, 1.0, 1.0, 4.0, 8.0]","[1.0, 1.0, 1.0, 5.0, 8.0]",global_ECLAIR_intensity,global_ECLAIR_return_number,global_ECLAIR_number_of_returns,global_ECLAIR_class
ECLAIR,/csehome/m23csa510/lidar_experiments/datasets/eclair/pointclouds/pointcloud_1237.laz,1249389,368200.0,6672400.0,-108.38499999999999,368299.999,6672499.999,108.036,99.99900000001071,99.99899999983609,216.421,124.94139881567358,"[0.0, 11942.0, 42915.0, 53705.0, 65535.0]","[1.0, 1.0, 1.0, 3.0, 8.0]","[1.0, 1.0, 1.0, 4.0, 8.0]",global_ECLAIR_intensity,global_ECLAIR_return_number,global_ECLAIR_number_of_returns,global_ECLAIR_class
ECLAIR,/csehome/m23csa510/lidar_experiments/datasets/eclair/pointclouds/pointcloud_1238.laz,248680,368200.0,6672500.0,32.063,368299.99,6672561.139,56.599000000000004,99.98999999999069,61.139000000432134,24.536,40.67859639269763,"[8816.0, 14164.79, 41840.0, 52155.20999999999, 56580.0]","[1.0, 1.0, 1.0, 4.0, 7.0]","[1.0, 1.0, 1.0, 4.0, 7.0]",global_ECLAIR_intensity,global_ECLAIR_return_number,global_ECLAIR_number_of_returns,global_ECLAIR_class
ECLAIR,/csehome/m23csa510/lidar_experiments/datasets/eclair/pointclouds/pointcloud_1239.laz,4092,368200.008,6677397.41,46.121,368256.143,6677399.999,117.354,56.13500000000931,2.5889999996870756,71.233,28.15592811124061,"[4242.0, 9371.56, 36891.5, 52295.770000000004, 54832.0]","[1.0, 1.0, 1.0, 4.0, 6.0]","[1.0, 1.0, 2.0, 5.0, 8.0]",global_ECLAIR_intensity,global_ECLAIR_return_number,global_ECLAIR_number_of_returns,global_ECLAIR_class
ECLAIR,/csehome/m23csa510/lidar_experiments/datasets/eclair/pointclouds/pointcloud_124.laz,329701,361800.0,6672700.0,30.448,361899.999,6672799.999,61.403000000000006,99.99900000001071,99.99899999983609,30.955000000000005,32.97075941194167,"[5823.0, 11741.0, 45125.0, 52989.0, 58400.0]","[1.0, 1.0, 1.0, 4.0, 7.0]","[1.0, 1.0, 1.0, 5.0, 7.0]",global_ECLAIR_intensity,global_ECLAIR_return_number,global_ECLAIR_number_of_returns,global_ECLAIR_class
ECLAIR,/csehome/m23csa510/lidar_experiments/datasets/eclair/pointclouds/pointcloud_1240.laz,795387,368200.0,6677400.0,42.786,368299.999,6677499.999,131.52100000000002,99.99900000001071,99.99899999983609,88.73500000000001,79.54029079798379,"[4477.0, 9592.0, 34748.0, 51871.0, 58106.0]","[1.0, 1.0, 2.0, 5.0, 8.0]","[1.0, 1.0, 2.0, 5.0, 8.0]",global_ECLAIR_intensity,global_ECLAIR_return_number,global_ECLAIR_number_of_returns,global_ECLAIR_class
ECLAIR,/csehome/m23csa510/lidar_experiments/datasets/eclair/pointclouds/pointcloud_1241.laz,1529849,368200.0,6677500.0,38.207,368299.999,6677599.999,123.118,99.99900000001071,99.99899999983609,84.911,152.98795974413045,"[279.0, 11805.99, 35502.0, 51923.01000000001, 57630.0]","[1.0, 1.0, 2.0, 5.0, 8.0]","[1.0, 1.0, 3.0, 6.0, 8.0]",global_ECLAIR_intensity,global_ECLAIR_return_number,global_ECLAIR_number_of_returns,global_ECLAIR_class
ECLAIR,/csehome/m23csa510/lidar_experiments/datasets/eclair/pointclouds/pointcloud_1242.laz,1193921,368200.0,6677600.0,36.991,368299.999,6677699.999,127.849,99.99900000001071,99.99899999983609,90.858,119.39448787800102,"[0.0, 9825.0, 44708.0, 53978.01000000001, 58583.0]","[1.0, 1.0, 1.0, 4.0, 8.0]","[1.0, 1.0, 1.0, 5.0, 8.0]",global_ECLAIR_intensity,global_ECLAIR_return_number,global_ECLAIR_number_of_returns,global_ECLAIR_class
ECLAIR,/csehome/m23csa510/lidar_experiments/datasets/eclair/pointclouds/pointcloud_1243.laz,644039,368200.0,6677700.0,36.094,368299.999,6677799.983,106.427,99.99900000001071,99.98300000000745,70.333,64.41549467952427,"[179.0, 11267.0, 35332.0, 50637.0, 57789.0]","[1.0, 1.0, 1.0, 4.0, 8.0]","[1.0, 1.0, 2.0, 5.0, 8.0]",global_ECLAIR_intensity,global_ECLAIR_return_number,global_ECLAIR_number_of_returns,global_ECLAIR_class
ECLAIR,/csehome/m23csa510/lidar_experiments/datasets/eclair/pointclouds/pointcloud_1244.laz,1120,368272.343,6677800.013,41.138,368299.989,6677817.562,54.076,27.646000000007916,17.548999999649823,12.938000000000002,2.308518424374233,"[17964.0, 18962.58, 32497.5, 48385.15, 49702.0]","[1.0, 1.0, 2.0, 4.0, 6.0]","[1.0, 1.0, 2.0, 5.0, 6.0]",global_ECLAIR_intensity,global_ECLAIR_return_number,global_ECLAIR_number_of_returns,global_ECLAIR_class
ECLAIR,/csehome/m23csa510/lidar_experiments/datasets/eclair/pointclouds/pointcloud_1245.laz,22845,368331.304,6671836.544,30.687,368399.999,6671899.996,53.149,68.69500000000698,63.45200000051409,22.462,5.241079156715385,"[15988.0, 18711.44, 43260.0, 50303.240000000005, 65535.0]","[1.0, 1.0, 1.0, 4.0, 6.0]","[1.0, 1.0, 1.0, 4.0, 6.0]",global_ECLAIR_intensity,global_ECLAIR_return_number,global_ECLAIR_number_of_returns,global_ECLAIR_class
ECLAIR,/csehome/m23csa510/lidar_experiments/datasets/eclair/pointclouds/pointcloud_1246.laz,123570,368300.008,6671900.005,30.671,368399.999,6671999.999,58.135000000000005,99.99100000003818,99.99399999994785,27.464000000000006,12.358853761328115,"[12286.0, 17662.07, 42062.0, 50682.619999999995, 65535.0]","[1.0, 1.0, 1.0, 4.0, 8.0]","[1.0, 1.0, 1.0, 4.0, 8.0]",global_ECLAIR_intensity,global_ECLAIR_return_number,global_ECLAIR_number_of_returns,global_ECLAIR_class
ECLAIR,/csehome/m23csa510/lidar_experiments/datasets/eclair/pointclouds/pointcloud_1247.laz,145104,368300.007,6672000.0,29.795,368399.999,6672099.999,63.318,99.99200000002747,99.99899999983609,33.522999999999996,14.51170604195421,"[10095.0, 15697.03, 41211.0, 51266.94, 65535.0]","[1.0, 1.0, 1.0, 4.0, 7.0]","[1.0, 1.0, 1.0, 4.0, 7.0]",global_ECLAIR_intensity,global_ECLAIR_return_number,global_ECLAIR_number_of_returns,global_ECLAIR_class
ECLAIR,/csehome/m23csa510/lidar_experiments/datasets/eclair/pointclouds/pointcloud_1248.laz,92499,368300.0,6672100.0,33.85,368399.999,6672199.999,62.112,99.99900000001071,99.99899999983609,28.262,9.250085000789179,"[10826.0, 15849.96, 41509.0, 51858.0, 65535.0]","[1.0, 1.0, 1.0, 4.0, 7.0]","[1.0, 1.0, 1.0, 4.0, 7.0]",global_ECLAIR_intensity,global_ECLAIR_return_number,global_ECLAIR_number_of_returns,global_ECLAIR_class
ECLAIR,/csehome/m23csa510/lidar_experiments/datasets/eclair/pointclouds/pointcloud_1249.laz,572137,368300.0,6672200.0,31.831,368399.999,6672299.999,83.58,99.99900000001071,99.99899999983609,51.748999999999995,57.21484429125199,"[72.0, 13907.99, 42902.0, 52293.0, 65535.0]","[1.0, 1.0, 1.0, 3.0, 7.0]","[1.0, 1.0, 1.0, 4.0, 7.0]",global_ECLAIR_intensity,global_ECLAIR_return_number,global_ECLAIR_number_of_returns,global_ECLAIR_class
ECLAIR,/csehome/m23csa510/lidar_experiments/datasets/eclair/pointclouds/pointcloud_125.laz,71622,361800.0,6672800.0,31.552,361899.999,6672877.341,46.097,99.99900000001071,77.3410000000149,14.545000000000002,9.260640052125108,"[14244.0, 21394.42, 45662.0, 51375.78999999999, 54642.0]","[1.0, 1.0, 1.0, 2.0, 5.0]","[1.0, 1.0, 1.0, 3.0, 5.0]",global_ECLAIR_intensity,global_ECLAIR_return_number,global_ECLAIR_number_of_returns,global_ECLAIR_class
ECLAIR,/csehome/m23csa510/lidar_experiments/datasets/eclair/pointclouds/pointcloud_1250.laz,1161753,368300.0,6672300.0,23.729,368399.999,6672399.999,99.021,99.99900000001071,99.99899999983609,75.292,116.17762354103104,"[0.0, 9837.0, 43522.0, 53225.0, 65535.0]","[1.0, 1.0, 1.0, 4.0, 8.0]","[1.0, 1.0, 1.0, 4.0, 8.0]",global_ECLAIR_intensity,global_ECLAIR_return_number,global_ECLAIR_number_of_returns,global_ECLAIR_class
ECLAIR,/csehome/m23csa510/lidar_experiments/datasets/eclair/pointclouds/pointcloud_1251.laz,588779,368300.0,6672400.0,-76.845,368399.999,6672499.991,57.965,99.99900000001071,99.99100000038743,134.81,58.883788325602715,"[3500.0, 11619.98, 42049.5, 53839.01000000001, 65535.0]","[1.0, 1.0, 1.0, 4.0, 8.0]","[1.0, 1.0, 1.0, 4.0, 8.0]",global_ECLAIR_intensity,global_ECLAIR_return_number,global_ECLAIR_number_of_returns,global_ECLAIR_class
ECLAIR,/csehome/m23csa510/lidar_experiments/datasets/eclair/pointclouds/pointcloud_1252.laz,506,368300.008,6672500.005,39.382,368314.536,6672506.942,44.953,14.52800000004936,6.936999999918044,5.571000000000005,5.020800800703211,"[14289.0, 18347.2, 47158.5, 49487.15, 49824.0]","[1.0, 1.0, 1.0, 3.0, 4.0]","[1.0, 1.0, 1.0, 3.9499999999999886, 4.0]",global_ECLAIR_intensity,global_ECLAIR_return_number,global_ECLAIR_number_of_returns,global_ECLAIR_class
ECLAIR,/csehome/m23csa510/lidar_experiments/datasets/eclair/pointclouds/pointcloud_1253.laz,42031,368290.0,6677398.132,49.655,368396.305,6677409.999,73.649,106.30499999999302,11.86699999962002,23.994,33.317705775921745,"[6411.0, 10009.3, 34600.0, 50949.399999999994, 55172.0]","[1.0, 1.0, 1.0, 4.0, 7.0]","[1.0, 1.0, 2.0, 5.0, 7.0]",global_ECLAIR_intensity,global_ECLAIR_return_number,global_ECLAIR_number_of_returns,global_ECLAIR_class
ECLAIR,/csehome/m23csa510/lidar_experiments/datasets/eclair/pointclouds/pointcloud_1254.laz,822894,368300.0,6677400.001,43.054,368399.999,6677499.999,112.587,99.99900000001071,99.99799999967217,69.533,82.29186873986478,"[1960.0, 9800.0, 34983.5, 50982.01000000001, 65535.0]","[1.0, 1.0, 1.0, 4.0, 8.0]","[1.0, 1.0, 2.0, 5.0, 8.0]",global_ECLAIR_intensity,global_ECLAIR_return_number,global_ECLAIR_number_of_returns,global_ECLAIR_class
ECLAIR,/csehome/m23csa510/lidar_experiments/datasets/eclair/pointclouds/pointcloud_1255.laz,1070081,368300.0,6677500.0,43.391999999999996,368399.999,6677599.999,117.764,99.99900000001071,99.99899999983609,74.372,107.0102401942668,"[1635.0, 8523.0, 38383.0, 53312.0, 65535.0]","[1.0, 1.0, 1.0, 4.0, 8.0]","[1.0, 1.0, 2.0, 5.0, 8.0]",global_ECLAIR_intensity,global_ECLAIR_return_number,global_ECLAIR_number_of_returns,global_ECLAIR_class
ECLAIR,/csehome/m23csa510/lidar_experiments/datasets/eclair/pointclouds/pointcloud_1256.laz,1658782,368300.0,6677600.0,48.945,368399.999,6677699.999,132.777,99.99900000001071,99.99899999983609,83.832,165.88151761401826,"[0.0, 9548.99, 45585.0, 54170.0, 65535.0]","[1.0, 1.0, 1.0, 4.0, 8.0]","[1.0, 1.0, 1.0, 5.0, 8.0]",global_ECLAIR_intensity,global_ECLAIR_return_number,global_ECLAIR_number_of_returns,global_ECLAIR_class
ECLAIR,/csehome/m23csa510/lidar_experiments/datasets/eclair/pointclouds/pointcloud_1257.laz,1034744,368300.0,6677700.0,40.186,368399.999,6677799.999,134.236,99.99900000001071,99.99899999983609,94.04999999999998,103.47646951920126,"[0.0, 13627.0, 42334.0, 51902.0, 58530.0]","[1.0, 1.0, 1.0, 4.0, 7.0]","[1.0, 1.0, 1.0, 5.0, 8.0]",global_ECLAIR_intensity,global_ECLAIR_return_number,global_ECLAIR_number_of_returns,global_ECLAIR_class
ECLAIR,/csehome/m23csa510/lidar_experiments/datasets/eclair/pointclouds/pointcloud_1258.laz,177869,368300.004,6677800.0,38.789,368399.999,6677881.623,67.967,99.99499999999534,81.62299999967217,29.177999999999997,21.792618979382947,"[13492.0, 17150.0, 36957.0, 48553.640000000014, 65535.0]","[1.0, 1.0, 1.0, 4.0, 7.0]","[1.0, 1.0, 2.0, 5.0, 7.0]",global_ECLAIR_intensity,global_ECLAIR_return_number,global_ECLAIR_number_of_returns,global_ECLAIR_class
ECLAIR,/csehome/m23csa510/lidar_experiments/datasets/eclair/pointclouds/pointcloud_1259.laz,3128,368453.215,6671780.153,32.987,368499.996,6671799.998,46.685,46.78099999995902,19.84499999973923,13.698,3.3693501025541552,"[18749.0, 20437.54, 42400.0, 50004.92, 65535.0]","[1.0, 1.0, 1.0, 3.0, 5.0]","[1.0, 1.0, 1.0, 4.0, 5.0]",global_ECLAIR_intensity,global_ECLAIR_return_number,global_ECLAIR_number_of_returns,global_ECLAIR_class
ECLAIR,/csehome/m23csa510/lidar_experiments/datasets/eclair/pointclouds/pointcloud_126.laz,12517,361954.546,6670864.824,42.791,361999.997,6670899.999,62.558,45.45100000000093,35.174999999813735,19.767000000000003,7.829295830816171,"[12168.0, 14574.32, 31462.0, 49048.0, 53409.0]","[1.0, 1.0, 2.0, 5.0, 7.0]","[1.0, 1.0, 3.0, 5.0, 7.0]",global_ECLAIR_intensity,global_ECLAIR_return_number,global_ECLAIR_number_of_returns,global_ECLAIR_class
ECLAIR,/csehome/m23csa510/lidar_experiments/datasets/eclair/pointclouds/pointcloud_1260.laz,138176,368400.002,6671800.005,28.176000000000002,368499.999,6671899.999,59.589,99.99700000003213,99.99399999994785,31.412999999999997,13.818843671059243,"[11860.0, 18122.5, 40113.0, 53729.25, 65535.0]","[1.0, 1.0, 1.0, 4.0, 7.0]","[1.0, 1.0, 1.0, 4.0, 7.0]",global_ECLAIR_intensity,global_ECLAIR_return_number,global_ECLAIR_number_of_returns,global_ECLAIR_class
ECLAIR,/csehome/m23csa510/lidar_experiments/datasets/eclair/pointclouds/pointcloud_1261.laz,324349,368400.0,6671900.0,27.714,368499.999,6671999.999,127.724,99.99900000001071,99.99899999983609,100.01,32.43554870778029,"[312.0, 14050.48, 43271.0, 52030.0, 65535.0]","[1.0, 1.0, 1.0, 3.0, 6.0]","[1.0, 1.0, 1.0, 4.0, 6.0]",global_ECLAIR_intensity,global_ECLAIR_return_number,global_ECLAIR_number_of_returns,global_ECLAIR_class
ECLAIR,/csehome/m23csa510/lidar_experiments/datasets/eclair/pointclouds/pointcloud_1262.laz,352424,368400.0,6672000.0,21.157,368499.999,6672099.999,121.179,99.99900000001071,99.99899999983609,100.022,35.24310485862686,"[8582.0, 17129.46, 44001.0, 52468.54000000004, 65535.0]","[1.0, 1.0, 1.0, 2.0, 5.0]","[1.0, 1.0, 1.0, 2.0, 6.0]",global_ECLAIR_intensity,global_ECLAIR_return_number,global_ECLAIR_number_of_returns,global_ECLAIR_class
ECLAIR,/csehome/m23csa510/lidar_experiments/datasets/eclair/pointclouds/pointcloud_1263.laz,674706,368400.001,6672100.0,31.981,368499.999,6672199.999,101.118,99.99800000002142,99.99899999983609,69.137,67.47262416532658,"[2885.0, 10537.0, 38083.0, 52427.0, 65535.0]","[1.0, 1.0, 1.0, 4.0, 8.0]","[1.0, 1.0, 2.0, 5.0, 8.0]",global_ECLAIR_intensity,global_ECLAIR_return_number,global_ECLAIR_number_of_returns,global_ECLAIR_class
ECLAIR,/csehome/m23csa510/lidar_experiments/datasets/eclair/pointclouds/pointcloud_1264.laz,1330357,368400.0,6672200.0,31.594,368499.999,6672299.999,83.867,99.99900000001071,99.99899999983609,52.273,133.03836075411505,"[0.0, 8817.99, 38913.0, 53440.0, 64009.0]","[1.0, 1.0, 1.0, 4.0, 8.0]","[1.0, 1.0, 2.0, 5.0, 8.0]",global_ECLAIR_intensity,global_ECLAIR_return_number,global_ECLAIR_number_of_returns,global_ECLAIR_class
ECLAIR,/csehome/m23csa510/lidar_experiments/datasets/eclair/pointclouds/pointcloud_1265.laz,1031981,368400.0,6672300.0,30.011,368499.999,6672399.999,97.445,99.99900000001071,99.99899999983609,67.434,103.20016399311795,"[1029.0, 10261.0, 43962.0, 53588.0, 65535.0]","[1.0, 1.0, 1.0, 3.0, 7.0]","[1.0, 1.0, 1.0, 4.0, 7.0]",global_ECLAIR_intensity,global_ECLAIR_return_number,global_ECLAIR_number_of_returns,global_ECLAIR_class
ECLAIR,/csehome/m23csa510/lidar_experiments/datasets/eclair/pointclouds/pointcloud_1266.laz,178815,368400.0,6672400.0,-60.867999999999995,368499.996,6672456.276,56.196,99.99599999998463,56.27599999960512,117.064,31.77591742259537,"[9082.0, 15874.14, 44268.0, 53359.0, 65535.0]","[1.0, 1.0, 1.0, 3.0, 6.0]","[1.0, 1.0, 1.0, 4.0, 6.0]",global_ECLAIR_intensity,global_ECLAIR_return_number,global_ECLAIR_number_of_returns,global_ECLAIR_class
ECLAIR,/csehome/m23csa510/lidar_experiments/datasets/eclair/pointclouds/pointcloud_1267.laz,59503,368400.0,6677426.695,56.8,368446.377,6677499.999,77.845,46.37699999997858,73.30399999953806,21.045,17.502840570862613,"[9745.0, 13745.04, 40170.0, 50472.89999999998, 65535.0]","[1.0, 1.0, 1.0, 4.0, 6.0]","[1.0, 1.0, 2.0, 4.0, 6.0]",global_ECLAIR_intensity,global_ECLAIR_return_number,global_ECLAIR_number_of_returns,global_ECLAIR_class
ECLAIR,/csehome/m23csa510/lidar_experiments/datasets/eclair/pointclouds/pointcloud_1268.laz,440481,368400.0,6677500.0,51.134,368499.999,6677599.999,101.83500000000001,99.99900000001071,99.99899999983609,50.70100000000001,44.04898097528209,"[5480.0, 10467.2, 39722.0, 51517.0, 65535.0]","[1.0, 1.0, 1.0, 4.0, 7.0]","[1.0, 1.0, 2.0, 5.0, 7.0]",global_ECLAIR_intensity,global_ECLAIR_return_number,global_ECLAIR_number_of_returns,global_ECLAIR_class
ECLAIR,/csehome/m23csa510/lidar_experiments/datasets/eclair/pointclouds/pointcloud_1269.laz,1230725,368400.0,6677600.0,42.523,368499.999,6677699.999,128.35500000000002,99.99900000001071,99.99899999983609,85.83200000000002,123.0749614871108,"[379.0, 14171.99, 45034.0, 52948.01000000001, 65535.0]","[1.0, 1.0, 1.0, 3.0, 7.0]","[1.0, 1.0, 1.0, 4.0, 7.0]",global_ECLAIR_intensity,global_ECLAIR_return_number,global_ECLAIR_number_of_returns,global_ECLAIR_class
ECLAIR,/csehome/m23csa510/lidar_experiments/datasets/eclair/pointclouds/pointcloud_127.laz,410874,361900.0,6670900.001,42.783,361999.999,6670999.999,76.221,99.99900000001071,99.99799999967217,33.438,41.088632650892094,"[5347.0, 10240.0, 36379.0, 52719.27000000002, 57578.0]","[1.0, 1.0, 1.0, 5.0, 8.0]","[1.0, 1.0, 2.0, 5.0, 8.0]",global_ECLAIR_intensity,global_ECLAIR_return_number,global_ECLAIR_number_of_returns,global_ECLAIR_class
ECLAIR,/csehome/m23csa510/lidar_experiments/datasets/eclair/pointclouds/pointcloud_1270.laz,1176968,368400.0,6677700.0,40.438,368499.999,6677799.999,137.014,99.99900000001071,99.99899999983609,96.57600000000001,117.69915397148984,"[289.0, 17181.989999999998, 46438.0, 52912.0, 65535.0]","[1.0, 1.0, 1.0, 2.0, 6.0]","[1.0, 1.0, 1.0, 3.0, 6.0]",global_ECLAIR_intensity,global_ECLAIR_return_number,global_ECLAIR_number_of_returns,global_ECLAIR_class
ECLAIR,/csehome/m23csa510/lidar_experiments/datasets/eclair/pointclouds/pointcloud_1271.laz,506535,368400.0,6677800.0,35.081,368499.999,6677899.998,71.714,99.99900000001071,99.99799999967217,36.632999999999996,50.655019640618846,"[6518.0, 17722.0, 43314.0, 51441.0, 65535.0]","[1.0, 1.0, 1.0, 3.0, 7.0]","[1.0, 1.0, 1.0, 4.0, 7.0]",global_ECLAIR_intensity,global_ECLAIR_return_number,global_ECLAIR_number_of_returns,global_ECLAIR_class
ECLAIR,/csehome/m23csa510/lidar_experiments/datasets/eclair/pointclouds/pointcloud_1272.laz,51153,368435.441,6677900.0,34.072,368499.999,6677972.957,52.001999999999995,64.55800000001909,72.95700000040233,17.929999999999993,10.860606386413455,"[16841.0, 20221.0, 43087.0, 51926.0, 65535.0]","[1.0, 1.0, 1.0, 3.0, 6.0]","[1.0, 1.0, 1.0, 3.0, 6.0]",global_ECLAIR_intensity,global_ECLAIR_return_number,global_ECLAIR_number_of_returns,global_ECLAIR_class
ECLAIR,/csehome/m23csa510/lidar_experiments/datasets/eclair/pointclouds/pointcloud_1273.laz,23144,368500.001,6671763.421,31.048000000000002,368594.95,6671799.998,44.228,94.94900000002235,36.57699999958277,13.18,6.664076029260144,"[17746.0, 20267.86, 40275.0, 49064.42, 65535.0]","[1.0, 1.0, 1.0, 3.0, 5.0]","[1.0, 1.0, 1.0, 3.0, 5.0]",global_ECLAIR_intensity,global_ECLAIR_return_number,global_ECLAIR_number_of_returns,global_ECLAIR_class
ECLAIR,/csehome/m23csa510/lidar_experiments/datasets/eclair/pointclouds/pointcloud_1274.laz,205462,368500.0,6671800.001,30.345,368599.999,6671899.998,61.156,99.99900000001071,99.99699999950826,30.811,20.547021874809722,"[11774.0, 16413.22, 43174.0, 52892.0, 65535.0]","[1.0, 1.0, 1.0, 3.0, 6.0]","[1.0, 1.0, 1.0, 4.0, 6.0]",global_ECLAIR_intensity,global_ECLAIR_return_number,global_ECLAIR_number_of_returns,global_ECLAIR_class
ECLAIR,/csehome/m23csa510/lidar_experiments/datasets/eclair/pointclouds/pointcloud_1275.laz,306558,368500.0,6671900.0,24.08,368599.997,6671999.999,50.546,99.99699999997392,99.99899999983609,26.466,30.65702627191201,"[11069.0, 15632.14, 38410.0, 53061.859999999986, 65535.0]","[1.0, 1.0, 1.0, 3.0, 7.0]","[1.0, 1.0, 1.0, 4.0, 7.0]",global_ECLAIR_intensity,global_ECLAIR_return_number,global_ECLAIR_number_of_returns,global_ECLAIR_class
ECLAIR,/csehome/m23csa510/lidar_experiments/datasets/eclair/pointclouds/pointcloud_1276.laz,249626,368500.0,6672000.0,30.676000000000002,368599.996,6672099.999,51.805,99.99599999998463,99.99899999983609,21.128999999999998,24.963848182468336,"[8755.0, 16983.25, 34419.0, 48612.0, 65535.0]","[1.0, 1.0, 1.0, 3.0, 6.0]","[1.0, 1.0, 1.0, 3.0, 6.0]",global_ECLAIR_intensity,global_ECLAIR_return_number,global_ECLAIR_number_of_returns,global_ECLAIR_class
ECLAIR,/csehome/m23csa510/lidar_experiments/datasets/eclair/pointclouds/pointcloud_1277.laz,605460,368500.0,6672100.0,25.731,368599.999,6672199.999,119.568,99.99900000001071,99.99899999983609,93.83699999999999,60.547210938256804,"[4895.0, 12039.99, 43172.0, 52937.0, 65535.0]","[1.0, 1.0, 1.0, 4.0, 8.0]","[1.0, 1.0, 1.0, 4.0, 8.0]",global_ECLAIR_intensity,global_ECLAIR_return_number,global_ECLAIR_number_of_returns,global_ECLAIR_class
ECLAIR,/csehome/m23csa510/lidar_experiments/datasets/eclair/pointclouds/pointcloud_1278.laz,922401,368500.0,6672200.0,-121.011,368599.999,6672299.999,91.435,99.99900000001071,99.99899999983609,212.446,92.24194482981372,"[521.0, 10384.0, 45834.0, 54593.0, 65535.0]","[1.0, 1.0, 1.0, 4.0, 7.0]","[1.0, 1.0, 1.0, 4.0, 8.0]",global_ECLAIR_intensity,global_ECLAIR_return_number,global_ECLAIR_number_of_returns,global_ECLAIR_class
ECLAIR,/csehome/m23csa510/lidar_experiments/datasets/eclair/pointclouds/pointcloud_1279.laz,465692,368500.0,6672300.0,30.108,368599.999,6672399.998,50.156,99.99900000001071,99.99799999967217,20.048,46.570597108746824,"[6533.0, 12798.91, 44449.0, 53149.0, 65535.0]","[1.0, 1.0, 1.0, 4.0, 8.0]","[1.0, 1.0, 1.0, 5.0, 8.0]",global_ECLAIR_intensity,global_ECLAIR_return_number,global_ECLAIR_number_of_returns,global_ECLAIR_class
ECLAIR,/csehome/m23csa510/lidar_experiments/datasets/eclair/pointclouds/pointcloud_128.laz,653314,361900.0,6671000.0,42.879,361999.999,6671099.999,110.324,99.99900000001071,99.99899999983609,67.445,65.33270664769977,"[4385.0, 8703.0, 39303.0, 54116.0, 59565.0]","[1.0, 1.0, 1.0, 4.0, 8.0]","[1.0, 1.0, 2.0, 5.0, 8.0]",global_ECLAIR_intensity,global_ECLAIR_return_number,global_ECLAIR_number_of_returns,global_ECLAIR_class
ECLAIR,/csehome/m23csa510/lidar_experiments/datasets/eclair/pointclouds/pointcloud_1280.laz,2103,368500.004,6672400.0,33.078,368519.205,6672407.288,37.348,19.20100000000093,7.287999999709427,4.269999999999996,15.028203286068106,"[14564.0, 23230.32, 44273.0, 52751.36, 65535.0]","[1.0, 1.0, 1.0, 2.0, 2.0]","[1.0, 1.0, 1.0, 2.0, 2.0]",global_ECLAIR_intensity,global_ECLAIR_return_number,global_ECLAIR_number_of_returns,global_ECLAIR_class
ECLAIR,/csehome/m23csa510/lidar_experiments/datasets/eclair/pointclouds/pointcloud_1281.laz,6804,368500.0,6677578.141,57.077,368522.031,6677599.998,70.961,22.03100000001723,21.856999999843538,13.884,14.129914768481596,"[11829.0, 13821.63, 34592.5, 49617.670000000006, 52275.0]","[1.0, 1.0, 2.0, 4.0, 6.0]","[1.0, 1.0, 2.0, 5.0, 6.0]",global_ECLAIR_intensity,global_ECLAIR_return_number,global_ECLAIR_number_of_returns,global_ECLAIR_class
ECLAIR,/csehome/m23csa510/lidar_experiments/datasets/eclair/pointclouds/pointcloud_1282.laz,658494,368500.0,6677600.005,-56.706,368599.999,6677699.999,74.37899999999999,99.99900000001071,99.99399999994785,131.08499999999998,65.85400974119676,"[8143.0, 15572.0, 44046.0, 52405.01000000001, 65535.0]","[1.0, 1.0, 1.0, 4.0, 7.0]","[1.0, 1.0, 1.0, 4.0, 7.0]",global_ECLAIR_intensity,global_ECLAIR_return_number,global_ECLAIR_number_of_returns,global_ECLAIR_class
ECLAIR,/csehome/m23csa510/lidar_experiments/datasets/eclair/pointclouds/pointcloud_1283.laz,959401,368500.0,6677700.0,39.166,368599.999,6677799.999,138.75900000000001,99.99900000001071,99.99899999983609,99.59300000000002,95.9420188309294,"[892.0, 17643.989999999998, 45421.0, 52459.0, 65535.0]","[1.0, 1.0, 1.0, 3.0, 6.0]","[1.0, 1.0, 1.0, 3.0, 6.0]",global_ECLAIR_intensity,global_ECLAIR_return_number,global_ECLAIR_number_of_returns,global_ECLAIR_class
ECLAIR,/csehome/m23csa510/lidar_experiments/datasets/eclair/pointclouds/pointcloud_1284.laz,554765,368500.0,6677800.0,35.857,368599.999,6677899.999,132.485,99.99900000001071,99.99899999983609,96.62800000000001,55.47760954672817,"[342.0, 16942.98, 46292.0, 53490.0, 65535.0]","[1.0, 1.0, 1.0, 3.0, 6.0]","[1.0, 1.0, 1.0, 3.0, 6.0]",global_ECLAIR_intensity,global_ECLAIR_return_number,global_ECLAIR_number_of_returns,global_ECLAIR_class
ECLAIR,/csehome/m23csa510/lidar_experiments/datasets/eclair/pointclouds/pointcloud_1285.laz,245032,368500.0,6677900.0,38.351,368599.999,6677999.998,78.27199999999999,99.99900000001071,99.99799999967217,39.92099999999999,24.503935113230312,"[10256.0, 17018.0, 44416.0, 53097.0, 65535.0]","[1.0, 1.0, 1.0, 3.0, 6.0]","[1.0, 1.0, 1.0, 4.0, 6.0]",global_ECLAIR_intensity,global_ECLAIR_return_number,global_ECLAIR_number_of_returns,global_ECLAIR_class
ECLAIR,/csehome/m23csa510/lidar_experiments/datasets/eclair/pointclouds/pointcloud_1286.laz,68838,368529.545,6678000.0,43.196,368599.999,6678098.146,64.72800000000001,70.45400000002701,98.14599999971688,21.53200000000001,9.95519988825316,"[15650.0, 19013.74, 42417.0, 50908.0, 65535.0]","[1.0, 1.0, 1.0, 3.0, 6.0]","[1.0, 1.0, 1.0, 4.0, 6.0]",global_ECLAIR_intensity,global_ECLAIR_return_number,global_ECLAIR_number_of_returns,global_ECLAIR_class
ECLAIR,/csehome/m23csa510/lidar_experiments/datasets/eclair/pointclouds/pointcloud_1287.laz,6500,368600.0,6671833.191,32.517,368608.861,6671899.998,48.266999999999996,8.86099999997532,66.8070000000298,15.749999999999993,10.980159532520357,"[14233.0, 18042.53, 43915.0, 51617.750000000015, 61602.0]","[1.0, 1.0, 1.0, 3.0, 5.0]","[1.0, 1.0, 1.0, 4.0, 5.0]",global_ECLAIR_intensity,global_ECLAIR_return_number,global_ECLAIR_number_of_returns,global_ECLAIR_class
ECLAIR,/csehome/m23csa510/lidar_experiments/datasets/eclair/pointclouds/pointcloud_1288.laz,34717,368600.001,6671900.01,32.528,368623.342,6671999.996,51.854,23.3410000000149,99.98600000049919,19.326,14.875909798360377,"[12617.0, 21300.8, 38807.0, 53123.63999999993, 65535.0]","[1.0, 1.0, 1.0, 2.0, 5.0]","[1.0, 1.0, 1.0, 3.0, 5.0]",global_ECLAIR_intensity,global_ECLAIR_return_number,global_ECLAIR_number_of_returns,global_ECLAIR_class
ECLAIR,/csehome/m23csa510/lidar_experiments/datasets/eclair/pointclouds/pointcloud_1289.laz,134799,368600.0,6672000.001,32.815,368699.998,6672099.999,54.150000000000006,99.99800000002142,99.99799999967217,21.335000000000008,13.480439212217616,"[13745.0, 18635.96, 43844.0, 50696.01999999999, 65535.0]","[1.0, 1.0, 1.0, 3.0, 5.0]","[1.0, 1.0, 1.0, 3.0, 5.0]",global_ECLAIR_intensity,global_ECLAIR_return_number,global_ECLAIR_number_of_returns,global_ECLAIR_class
ECLAIR,/csehome/m23csa510/lidar_experiments/datasets/eclair/pointclouds/pointcloud_129.laz,492190,361900.0,6671100.0,43.36,361999.999,6671199.997,70.89500000000001,99.99900000001071,99.99700000043958,27.53500000000001,49.22096882376503,"[5795.0, 10160.0, 33632.0, 51673.109999999986, 58102.0]","[1.0, 1.0, 2.0, 4.0, 8.0]","[1.0, 1.0, 3.0, 5.0, 8.0]",global_ECLAIR_intensity,global_ECLAIR_return_number,global_ECLAIR_number_of_returns,global_ECLAIR_class
ECLAIR,/csehome/m23csa510/lidar_experiments/datasets/eclair/pointclouds/pointcloud_1290.laz,479142,368600.0,6672100.0,32.666,368699.999,6672199.999,104.68,99.99900000001071,99.99899999983609,72.01400000000001,47.91515829844786,"[5956.0, 21910.82, 46402.5, 52031.0, 65535.0]","[1.0, 1.0, 1.0, 2.0, 6.0]","[1.0, 1.0, 1.0, 3.0, 6.0]",global_ECLAIR_intensity,global_ECLAIR_return_number,global_ECLAIR_number_of_returns,global_ECLAIR_class
ECLAIR,/csehome/m23csa510/lidar_experiments/datasets/eclair/pointclouds/pointcloud_1291.laz,566437,368600.0,6672200.0,30.521,368699.999,6672299.999,111.741,99.99900000001071,99.99899999983609,81.22,56.64483289108012,"[1418.0, 11639.0, 44596.0, 53139.0, 65535.0]","[1.0, 1.0, 1.0, 4.0, 7.0]","[1.0, 1.0, 1.0, 4.0, 7.0]",global_ECLAIR_intensity,global_ECLAIR_return_number,global_ECLAIR_number_of_returns,global_ECLAIR_class
ECLAIR,/csehome/m23csa510/lidar_experiments/datasets/eclair/pointclouds/pointcloud_1292.laz,116333,368600.0,6672300.0,30.113,368699.998,6672357.0,58.510000000000005,99.99800000002142,57.0,28.397000000000006,20.409706439738457,"[10208.0, 14336.0, 42447.0, 52378.0, 65535.0]","[1.0, 1.0, 1.0, 4.0, 7.0]","[1.0, 1.0, 1.0, 4.0, 7.0]",global_ECLAIR_intensity,global_ECLAIR_return_number,global_ECLAIR_number_of_returns,global_ECLAIR_class
ECLAIR,/csehome/m23csa510/lidar_experiments/datasets/eclair/pointclouds/pointcloud_1293.laz,235198,368600.0,6677617.422,43.765,368699.997,6677699.999,96.007,99.99699999997392,82.57699999958277,52.242000000000004,28.483119531217444,"[9714.0, 14447.970000000001, 43768.0, 52709.03, 65535.0]","[1.0, 1.0, 1.0, 4.0, 6.0]","[1.0, 1.0, 1.0, 4.0, 6.0]",global_ECLAIR_intensity,global_ECLAIR_return_number,global_ECLAIR_number_of_returns,global_ECLAIR_class
ECLAIR,/csehome/m23csa510/lidar_experiments/datasets/eclair/pointclouds/pointcloud_1294.laz,576086,368600.0,6677700.0,38.066,368699.999,6677799.999,120.089,99.99900000001071,99.99899999983609,82.023,57.60975218937107,"[360.0, 19859.989999999998, 45321.0, 52185.0, 65535.0]","[1.0, 1.0, 1.0, 2.0, 6.0]","[1.0, 1.0, 1.0, 3.0, 6.0]",global_ECLAIR_intensity,global_ECLAIR_return_number,global_ECLAIR_number_of_returns,global_ECLAIR_class
ECLAIR,/csehome/m23csa510/lidar_experiments/datasets/eclair/pointclouds/pointcloud_1295.laz,601377,368600.0,6677800.0,36.807,368699.999,6677899.999,136.086,99.99900000001071,99.99899999983609,99.27900000000001,60.13890277213368,"[4957.0, 20572.98, 44924.0, 52797.0, 65535.0]","[1.0, 1.0, 1.0, 2.0, 5.0]","[1.0, 1.0, 1.0, 3.0, 5.0]",global_ECLAIR_intensity,global_ECLAIR_return_number,global_ECLAIR_number_of_returns,global_ECLAIR_class
ECLAIR,/csehome/m23csa510/lidar_experiments/datasets/eclair/pointclouds/pointcloud_1296.laz,436645,368600.0,6677900.0,38.118,368699.999,6677999.999,138.803,99.99900000001071,99.99899999983609,100.685,43.66537330316642,"[306.0, 10773.0, 41546.0, 53087.0, 65535.0]","[1.0, 1.0, 1.0, 4.0, 8.0]","[1.0, 1.0, 2.0, 5.0, 8.0]",global_ECLAIR_intensity,global_ECLAIR_return_number,global_ECLAIR_number_of_returns,global_ECLAIR_class
ECLAIR,/csehome/m23csa510/lidar_experiments/datasets/eclair/pointclouds/pointcloud_1297.laz,329728,368600.0,6678000.0,43.591,368699.999,6678099.999,81.15899999999999,99.99900000001071,99.99899999983609,37.56799999999999,32.97345946594249,"[6384.0, 12688.0, 38852.0, 51902.0, 65535.0]","[1.0, 1.0, 1.0, 4.0, 8.0]","[1.0, 1.0, 2.0, 5.0, 8.0]",global_ECLAIR_intensity,global_ECLAIR_return_number,global_ECLAIR_number_of_returns,global_ECLAIR_class
ECLAIR,/csehome/m23csa510/lidar_experiments/datasets/eclair/pointclouds/pointcloud_1298.laz,65742,368602.747,6678100.0,43.269,368699.998,6678199.983,64.742,97.2510000000475,99.98300000000745,21.473000000000006,6.761182716910862,"[14297.0, 18791.41, 43615.0, 51725.94999999998, 65535.0]","[1.0, 1.0, 1.0, 3.0, 7.0]","[1.0, 1.0, 1.0, 4.0, 7.0]",global_ECLAIR_intensity,global_ECLAIR_return_number,global_ECLAIR_number_of_returns,global_ECLAIR_class
ECLAIR,/csehome/m23csa510/lidar_experiments/datasets/eclair/pointclouds/pointcloud_1299.laz,164,368691.645,6678200.015,44.848,368699.992,6678208.959,49.028,8.347000000008848,8.94400000013411,4.18,2.196755103348314,"[21050.0, 21682.27, 40640.5, 53348.87, 53393.0]","[1.0, 1.0, 1.0, 2.0, 2.0]","[1.0, 1.0, 1.0, 2.0, 2.0]",global_ECLAIR_intensity,global_ECLAIR_return_number,global_ECLAIR_number_of_returns,global_ECLAIR_class
ECLAIR,/csehome/m23csa510/lidar_experiments/datasets/eclair/pointclouds/pointcloud_13.laz,424495,360500.0,6672100.0,57.531,360599.999,6672199.998,114.892,99.99900000001071,99.99799999967217,57.361,42.45077351484991,"[846.0, 7062.0, 42710.0, 54005.06, 59578.0]","[1.0, 1.0, 1.0, 4.0, 7.0]","[1.0, 1.0, 2.0, 5.0, 7.0]",global_ECLAIR_intensity,global_ECLAIR_return_number,global_ECLAIR_number_of_returns,global_ECLAIR_class
ECLAIR,/csehome/m23csa510/lidar_experiments/datasets/eclair/pointclouds/pointcloud_130.laz,9249,361900.003,6671200.0,46.498000000000005,361933.448,6671230.205,61.619,33.44499999994878,30.205000000074506,15.120999999999995,9.15555633206611,"[12795.0, 14704.84, 39356.0, 52301.16, 56028.0]","[1.0, 1.0, 2.0, 5.0, 8.0]","[1.0, 1.0, 2.0, 5.0, 8.0]",global_ECLAIR_intensity,global_ECLAIR_return_number,global_ECLAIR_number_of_returns,global_ECLAIR_class
ECLAIR,/csehome/m23csa510/lidar_experiments/datasets/eclair/pointclouds/pointcloud_1300.laz,1583,368780.411,6671876.112,34.505,368799.99,6671899.876,54.747,19.5789999999688,23.764000000432134,20.241999999999997,3.4022863656112845,"[21287.0, 22420.94, 29362.0, 44633.50000000001, 47271.0]","[1.0, 1.0, 1.0, 3.0, 4.0]","[1.0, 1.0, 1.0, 3.0, 4.0]",global_ECLAIR_intensity,global_ECLAIR_return_number,global_ECLAIR_number_of_returns,global_ECLAIR_class
ECLAIR,/csehome/m23csa510/lidar_experiments/datasets/eclair/pointclouds/pointcloud_1301.laz,82835,368733.913,6671900.093,33.286,368799.999,6671999.998,55.583,66.08600000001024,99.90499999932945,22.296999999999997,12.546343867115477,"[16425.0, 19179.0, 40471.0, 49230.0, 52597.0]","[1.0, 1.0, 1.0, 4.0, 6.0]","[1.0, 1.0, 1.0, 4.0, 6.0]",global_ECLAIR_intensity,global_ECLAIR_return_number,global_ECLAIR_number_of_returns,global_ECLAIR_class
ECLAIR,/csehome/m23csa510/lidar_experiments/datasets/eclair/pointclouds/pointcloud_1302.laz,289945,368700.0,6672000.0,33.138,368799.999,6672099.999,80.674,99.99900000001071,99.99899999983609,47.53600000000001,28.995079898742887,"[6018.0, 16920.0, 43234.0, 51064.0, 65535.0]","[1.0, 1.0, 1.0, 3.0, 6.0]","[1.0, 1.0, 1.0, 4.0, 6.0]",global_ECLAIR_intensity,global_ECLAIR_return_number,global_ECLAIR_number_of_returns,global_ECLAIR_class
ECLAIR,/csehome/m23csa510/lidar_experiments/datasets/eclair/pointclouds/pointcloud_1303.laz,438362,368700.0,6672100.0,33.088,368799.999,6672199.999,110.257,99.99900000001071,99.99899999983609,77.16900000000001,43.8370767372182,"[1983.0, 32879.22, 47405.0, 54507.0, 65535.0]","[1.0, 1.0, 1.0, 1.0, 5.0]","[1.0, 1.0, 1.0, 2.0, 5.0]",global_ECLAIR_intensity,global_ECLAIR_return_number,global_ECLAIR_number_of_returns,global_ECLAIR_class
ECLAIR,/csehome/m23csa510/lidar_experiments/datasets/eclair/pointclouds/pointcloud_1304.laz,342217,368700.0,6672200.0,31.819,368799.999,6672299.998,55.591,99.99900000001071,99.99799999967217,23.772000000000002,34.22272667506423,"[8391.0, 13881.16, 43264.0, 53731.840000000026, 65535.0]","[1.0, 1.0, 1.0, 4.0, 7.0]","[1.0, 1.0, 1.0, 5.0, 7.0]",global_ECLAIR_intensity,global_ECLAIR_return_number,global_ECLAIR_number_of_returns,global_ECLAIR_class
ECLAIR,/csehome/m23csa510/lidar_experiments/datasets/eclair/pointclouds/pointcloud_1305.laz,1153,368700.003,6672300.001,31.716,368710.878,6672310.25,39.281,10.875,10.248999999836087,7.564999999999998,10.344715436378452,"[14867.0, 15626.6, 30139.0, 48397.04, 51182.0]","[1.0, 1.0, 2.0, 5.0, 5.0]","[1.0, 1.0, 3.0, 5.0, 5.0]",global_ECLAIR_intensity,global_ECLAIR_return_number,global_ECLAIR_number_of_returns,global_ECLAIR_class
ECLAIR,/csehome/m23csa510/lidar_experiments/datasets/eclair/pointclouds/pointcloud_1306.laz,54517,368700.0,6677648.502,52.972,368799.999,6677699.999,80.98400000000001,99.99900000001071,51.49699999950826,28.012000000000008,10.586547794233937,"[10814.0, 14544.32, 44275.0, 54144.84, 65535.0]","[1.0, 1.0, 1.0, 3.0, 6.0]","[1.0, 1.0, 1.0, 4.0, 6.0]",global_ECLAIR_intensity,global_ECLAIR_return_number,global_ECLAIR_number_of_returns,global_ECLAIR_class
ECLAIR,/csehome/m23csa510/lidar_experiments/datasets/eclair/pointclouds/pointcloud_1307.laz,464910,368700.0,6677700.0,39.861,368799.999,6677799.999,126.03,99.99900000001071,99.99899999983609,86.16900000000001,46.49192983401871,"[2783.0, 11323.09, 45015.0, 53345.0, 65535.0]","[1.0, 1.0, 1.0, 4.0, 7.0]","[1.0, 1.0, 1.0, 5.0, 7.0]",global_ECLAIR_intensity,global_ECLAIR_return_number,global_ECLAIR_number_of_returns,global_ECLAIR_class
ECLAIR,/csehome/m23csa510/lidar_experiments/datasets/eclair/pointclouds/pointcloud_1308.laz,531522,368700.0,6677800.0,37.396,368799.999,6677899.999,131.239,99.99900000001071,99.99899999983609,93.843,53.15326306002731,"[133.0, 13725.99, 44217.0, 51916.0, 65535.0]","[1.0, 1.0, 1.0, 4.0, 7.0]","[1.0, 1.0, 1.0, 4.0, 7.0]",global_ECLAIR_intensity,global_ECLAIR_return_number,global_ECLAIR_number_of_returns,global_ECLAIR_class
ECLAIR,/csehome/m23csa510/lidar_experiments/datasets/eclair/pointclouds/pointcloud_1309.laz,382407,368700.0,6677900.0,39.597,368799.999,6677999.999,106.391,99.99900000001071,99.99899999983609,66.79400000000001,38.24146482553095,"[782.0, 14310.06, 42785.0, 50720.0, 65535.0]","[1.0, 1.0, 1.0, 3.0, 7.0]","[1.0, 1.0, 1.0, 4.0, 7.0]",global_ECLAIR_intensity,global_ECLAIR_return_number,global_ECLAIR_number_of_returns,global_ECLAIR_class
ECLAIR,/csehome/m23csa510/lidar_experiments/datasets/eclair/pointclouds/pointcloud_131.laz,13304,361900.007,6672563.759,32.505,361952.909,6672599.999,55.787,52.90200000000186,36.24000000022352,23.281999999999996,6.939400547581231,"[12926.0, 15583.18, 44934.0, 51585.57999999999, 55548.0]","[1.0, 1.0, 1.0, 4.0, 7.0]","[1.0, 1.0, 1.0, 5.0, 7.0]",global_ECLAIR_intensity,global_ECLAIR_return_number,global_ECLAIR_number_of_returns,global_ECLAIR_class
ECLAIR,/csehome/m23csa510/lidar_experiments/datasets/eclair/pointclouds/pointcloud_1310.laz,328421,368700.0,6678000.0,44.744,368799.999,6678099.999,144.947,99.99900000001071,99.99899999983609,100.203,32.842756851903076,"[264.0, 13713.0, 43517.0, 52827.0, 65535.0]","[1.0, 1.0, 1.0, 3.0, 7.0]","[1.0, 1.0, 1.0, 4.0, 7.0]",global_ECLAIR_intensity,global_ECLAIR_return_number,global_ECLAIR_number_of_returns,global_ECLAIR_class
ECLAIR,/csehome/m23csa510/lidar_experiments/datasets/eclair/pointclouds/pointcloud_1311.laz,216071,368700.0,6678100.0,43.613,368799.999,6678199.997,130.58800000000002,99.99900000001071,99.99700000043958,86.97500000000002,21.60796431199279,"[6861.0, 15981.0, 43535.0, 53803.0, 65535.0]","[1.0, 1.0, 1.0, 3.0, 6.0]","[1.0, 1.0, 1.0, 4.0, 6.0]",global_ECLAIR_intensity,global_ECLAIR_return_number,global_ECLAIR_number_of_returns,global_ECLAIR_class
ECLAIR,/csehome/m23csa510/lidar_experiments/datasets/eclair/pointclouds/pointcloud_1312.laz,60924,368700.005,6678200.0,44.474000000000004,368799.998,6678297.785,75.443,99.99300000001676,97.78500000014901,30.968999999999994,6.230839594870935,"[14837.0, 18692.92, 40955.0, 52049.30999999999, 65535.0]","[1.0, 1.0, 1.0, 4.0, 6.0]","[1.0, 1.0, 2.0, 4.0, 6.0]",global_ECLAIR_intensity,global_ECLAIR_return_number,global_ECLAIR_number_of_returns,global_ECLAIR_class
ECLAIR,/csehome/m23csa510/lidar_experiments/datasets/eclair/pointclouds/pointcloud_1313.laz,55603,368800.003,6671875.933,34.814,368851.927,6671899.999,57.865,51.92399999999907,24.065999999642372,23.051000000000002,44.496532668993105,"[18223.0, 20706.04, 33941.0, 47345.83999999997, 52646.0]","[1.0, 1.0, 1.0, 4.0, 6.0]","[1.0, 1.0, 2.0, 4.0, 6.0]",global_ECLAIR_intensity,global_ECLAIR_return_number,global_ECLAIR_number_of_returns,global_ECLAIR_class
ECLAIR,/csehome/m23csa510/lidar_experiments/datasets/eclair/pointclouds/pointcloud_1314.laz,582634,368800.0,6671900.0,33.128,368899.999,6671999.999,157.037,99.99900000001071,99.99899999983609,123.909,58.264565285568516,"[3224.0, 18281.0, 36247.0, 50711.0, 62725.0]","[1.0, 1.0, 1.0, 4.0, 7.0]","[1.0, 1.0, 2.0, 5.0, 7.0]",global_ECLAIR_intensity,global_ECLAIR_return_number,global_ECLAIR_number_of_returns,global_ECLAIR_class
ECLAIR,/csehome/m23csa510/lidar_experiments/datasets/eclair/pointclouds/pointcloud_1315.laz,326029,368800.0,6672000.0,33.545,368899.999,6672099.999,138.768,99.99900000001071,99.99899999983609,105.223,32.60355206783095,"[1891.0, 23135.84, 37086.0, 51848.0, 65535.0]","[1.0, 1.0, 1.0, 2.0, 5.0]","[1.0, 1.0, 1.0, 3.0, 5.0]",global_ECLAIR_intensity,global_ECLAIR_return_number,global_ECLAIR_number_of_returns,global_ECLAIR_class
ECLAIR,/csehome/m23csa510/lidar_experiments/datasets/eclair/pointclouds/pointcloud_1316.laz,308778,368800.0,6672100.0,34.041,368899.999,6672199.999,55.487,99.99900000001071,99.99899999983609,21.446000000000005,30.87841756531077,"[9844.0, 26038.31, 43799.0, 52793.0, 65535.0]","[1.0, 1.0, 1.0, 2.0, 5.0]","[1.0, 1.0, 1.0, 2.0, 6.0]",global_ECLAIR_intensity,global_ECLAIR_return_number,global_ECLAIR_number_of_returns,global_ECLAIR_class
ECLAIR,/csehome/m23csa510/lidar_experiments/datasets/eclair/pointclouds/pointcloud_1317.laz,146468,368800.0,6672200.0,31.761,368899.996,6672267.395,59.742000000000004,99.99599999998463,67.39499999955297,27.981000000000005,21.733638838986906,"[12963.0, 18455.67, 42464.0, 51778.0, 65535.0]","[1.0, 1.0, 1.0, 4.0, 6.0]","[1.0, 1.0, 1.0, 4.0, 6.0]",global_ECLAIR_intensity,global_ECLAIR_return_number,global_ECLAIR_number_of_returns,global_ECLAIR_class
ECLAIR,/csehome/m23csa510/lidar_experiments/datasets/eclair/pointclouds/pointcloud_1318.laz,2995,368800.0,6677687.815,52.862,368830.151,6677699.997,60.321,30.151000000012573,12.182000000029802,7.458999999999996,8.154108967655512,"[15240.0, 17457.78, 43278.0, 52096.02, 65535.0]","[1.0, 1.0, 1.0, 3.0, 4.0]","[1.0, 1.0, 1.0, 4.0, 4.0]",global_ECLAIR_intensity,global_ECLAIR_return_number,global_ECLAIR_number_of_returns,global_ECLAIR_class
ECLAIR,/csehome/m23csa510/lidar_experiments/datasets/eclair/pointclouds/pointcloud_1319.laz,291956,368800.0,6677700.001,41.908,368899.998,6677799.999,83.451,99.99800000002142,99.99799999967217,41.54299999999999,29.196767859125114,"[7772.0, 12685.55, 43710.0, 51973.0, 65535.0]","[1.0, 1.0, 1.0, 4.0, 7.0]","[1.0, 1.0, 1.0, 4.0, 7.0]",global_ECLAIR_intensity,global_ECLAIR_return_number,global_ECLAIR_number_of_returns,global_ECLAIR_class
ECLAIR,/csehome/m23csa510/lidar_experiments/datasets/eclair/pointclouds/pointcloud_132.laz,193048,361900.001,6672600.0,31.618,361999.999,6672699.999,49.876,99.99800000002142,99.99899999983609,18.258,19.305379157541157,"[10347.0, 26619.47, 49346.0, 54284.0, 57246.0]","[1.0, 1.0, 1.0, 2.0, 7.0]","[1.0, 1.0, 1.0, 3.0, 7.0]",global_ECLAIR_intensity,global_ECLAIR_return_number,global_ECLAIR_number_of_returns,global_ECLAIR_class
ECLAIR,/csehome/m23csa510/lidar_experiments/datasets/eclair/pointclouds/pointcloud_1320.laz,388836,368800.0,6677800.0,37.918,368899.999,6677899.999,128.635,99.99900000001071,99.99899999983609,90.71699999999998,38.88437768372481,"[846.0, 15687.099999999999, 47245.0, 53155.0, 65535.0]","[1.0, 1.0, 1.0, 3.0, 6.0]","[1.0, 1.0, 1.0, 3.0, 6.0]",global_ECLAIR_intensity,global_ECLAIR_return_number,global_ECLAIR_number_of_returns,global_ECLAIR_class
ECLAIR,/csehome/m23csa510/lidar_experiments/datasets/eclair/pointclouds/pointcloud_1321.laz,401845,368800.0,6677900.0,38.225,368899.999,6677999.999,86.792,99.99900000001071,99.99899999983609,48.567,40.185303702117075,"[4268.0, 16125.0, 42798.0, 51037.0, 65535.0]","[1.0, 1.0, 1.0, 3.0, 6.0]","[1.0, 1.0, 1.0, 4.0, 6.0]",global_ECLAIR_intensity,global_ECLAIR_return_number,global_ECLAIR_number_of_returns,global_ECLAIR_class
ECLAIR,/csehome/m23csa510/lidar_experiments/datasets/eclair/pointclouds/pointcloud_1322.laz,249939,368800.0,6678000.0,39.916,368899.999,6678099.999,74.606,99.99900000001071,99.99899999983609,34.69,24.994399885536563,"[8881.0, 15049.380000000001, 43218.0, 53012.23999999999, 65535.0]","[1.0, 1.0, 1.0, 3.0, 6.0]","[1.0, 1.0, 1.0, 4.0, 6.0]",global_ECLAIR_intensity,global_ECLAIR_return_number,global_ECLAIR_number_of_returns,global_ECLAIR_class
ECLAIR,/csehome/m23csa510/lidar_experiments/datasets/eclair/pointclouds/pointcloud_1323.laz,298781,368800.0,6678100.0,44.191,368899.999,6678199.999,133.847,99.99900000001071,99.99899999983609,89.656,29.878697571009326,"[820.0, 12948.0, 40966.0, 53073.0, 65535.0]","[1.0, 1.0, 1.0, 4.0, 8.0]","[1.0, 1.0, 1.0, 5.0, 8.0]",global_ECLAIR_intensity,global_ECLAIR_return_number,global_ECLAIR_number_of_returns,global_ECLAIR_class
ECLAIR,/csehome/m23csa510/lidar_experiments/datasets/eclair/pointclouds/pointcloud_1324.laz,196227,368800.0,6678200.0,44.753,368899.999,6678299.998,131.589,99.99900000001071,99.99799999967217,86.836,19.623288694798415,"[1410.0, 15647.0, 40914.0, 52412.73999999999, 65535.0]","[1.0, 1.0, 1.0, 4.0, 7.0]","[1.0, 1.0, 2.0, 5.0, 7.0]",global_ECLAIR_intensity,global_ECLAIR_return_number,global_ECLAIR_number_of_returns,global_ECLAIR_class
ECLAIR,/csehome/m23csa510/lidar_experiments/datasets/eclair/pointclouds/pointcloud_1325.laz,29528,368810.551,6678300.0,44.568,368899.999,6678363.212,68.843,89.44800000003306,63.21200000029057,24.275000000000006,5.222324646353074,"[17083.0, 20337.0, 41827.5, 52566.19, 65535.0]","[1.0, 1.0, 1.0, 3.0, 5.0]","[1.0, 1.0, 1.0, 4.0, 5.0]",global_ECLAIR_intensity,global_ECLAIR_return_number,global_ECLAIR_number_of_returns,global_ECLAIR_class
ECLAIR,/csehome/m23csa510/lidar_experiments/datasets/eclair/pointclouds/pointcloud_1326.laz,287148,368900.0,6671909.301,31.407,368999.999,6671999.999,168.647,99.99900000001071,90.69799999985844,137.23999999999998,31.66011064291743,"[2744.0, 17658.0, 36621.0, 51075.0, 56385.0]","[1.0, 1.0, 1.0, 4.0, 8.0]","[1.0, 1.0, 2.0, 5.0, 8.0]",global_ECLAIR_intensity,global_ECLAIR_return_number,global_ECLAIR_number_of_returns,global_ECLAIR_class
ECLAIR,/csehome/m23csa510/lidar_experiments/datasets/eclair/pointclouds/pointcloud_1327.laz,290087,368900.0,6672000.0,31.978,368999.999,6672099.999,142.888,99.99900000001071,99.99899999983609,110.91,29.00928018274717,"[2616.0, 18380.0, 38059.0, 50500.140000000014, 65535.0]","[1.0, 1.0, 1.0, 4.0, 7.0]","[1.0, 1.0, 2.0, 5.0, 7.0]",global_ECLAIR_intensity,global_ECLAIR_return_number,global_ECLAIR_number_of_returns,global_ECLAIR_class
ECLAIR,/csehome/m23csa510/lidar_experiments/datasets/eclair/pointclouds/pointcloud_1328.laz,172768,368900.0,6672100.0,33.959,368999.999,6672199.999,65.063,99.99900000001071,99.99899999983609,31.104,17.277145541209578,"[14935.0, 18147.67, 37515.0, 51466.0, 65535.0]","[1.0, 1.0, 1.0, 4.0, 7.0]","[1.0, 1.0, 2.0, 5.0, 7.0]",global_ECLAIR_intensity,global_ECLAIR_return_number,global_ECLAIR_number_of_returns,global_ECLAIR_class
ECLAIR,/csehome/m23csa510/lidar_experiments/datasets/eclair/pointclouds/pointcloud_1329.laz,2368,368900.007,6672200.004,38.7,368921.603,6672219.24,47.947,21.596000000019558,19.23600000049919,9.247,5.700246161896206,"[20045.0, 21793.08, 46381.5, 50362.27, 52536.0]","[1.0, 1.0, 1.0, 3.0, 5.0]","[1.0, 1.0, 1.0, 4.0, 5.0]",global_ECLAIR_intensity,global_ECLAIR_return_number,global_ECLAIR_number_of_returns,global_ECLAIR_class
ECLAIR,/csehome/m23csa510/lidar_experiments/datasets/eclair/pointclouds/pointcloud_133.laz,313825,361900.0,6672700.0,30.768,361999.998,6672799.999,112.21000000000001,99.99800000002142,99.99899999983609,81.44200000000001,31.38344149701294,"[687.0, 26227.440000000002, 50523.0, 55090.0, 58138.0]","[1.0, 1.0, 1.0, 2.0, 6.0]","[1.0, 1.0, 1.0, 3.0, 6.0]",global_ECLAIR_intensity,global_ECLAIR_return_number,global_ECLAIR_number_of_returns,global_ECLAIR_class
ECLAIR,/csehome/m23csa510/lidar_experiments/datasets/eclair/pointclouds/pointcloud_1330.laz,60336,368900.002,6677735.199,42.166,368982.434,6677799.998,63.41,82.4320000000298,64.79899999964982,21.244,11.295679837152827,"[13000.0, 24450.05, 44234.0, 51721.0, 58232.0]","[1.0, 1.0, 1.0, 2.0, 5.0]","[1.0, 1.0, 1.0, 2.0, 5.0]",global_ECLAIR_intensity,global_ECLAIR_return_number,global_ECLAIR_number_of_returns,global_ECLAIR_class
ECLAIR,/csehome/m23csa510/lidar_experiments/datasets/eclair/pointclouds/pointcloud_1331.laz,394102,368900.0,6677800.0,38.926,368999.999,6677899.999,104.791,99.99900000001071,99.99899999983609,65.865,39.4109882158836,"[2315.0, 10840.01, 43876.0, 52929.0, 65535.0]","[1.0, 1.0, 1.0, 4.0, 8.0]","[1.0, 1.0, 1.0, 5.0, 8.0]",global_ECLAIR_intensity,global_ECLAIR_return_number,global_ECLAIR_number_of_returns,global_ECLAIR_class
ECLAIR,/csehome/m23csa510/lidar_experiments/datasets/eclair/pointclouds/pointcloud_1332.laz,459867,368900.0,6677900.0,38.319,368999.999,6677999.999,123.519,99.99900000001071,99.99899999983609,85.2,45.987619747866646,"[111.0, 12994.0, 44918.0, 52930.0, 65535.0]","[1.0, 1.0, 1.0, 3.0, 7.0]","[1.0, 1.0, 1.0, 4.0, 7.0]",global_ECLAIR_intensity,global_ECLAIR_return_number,global_ECLAIR_number_of_returns,global_ECLAIR_class
ECLAIR,/csehome/m23csa510/lidar_experiments/datasets/eclair/pointclouds/pointcloud_1333.laz,290601,368900.0,6678000.0,39.019,368999.999,6678099.999,72.201,99.99900000001071,99.99899999983609,33.181999999999995,29.060681210762667,"[10152.0, 17625.0, 43159.0, 52432.0, 65535.0]","[1.0, 1.0, 1.0, 3.0, 6.0]","[1.0, 1.0, 1.0, 4.0, 6.0]",global_ECLAIR_intensity,global_ECLAIR_return_number,global_ECLAIR_number_of_returns,global_ECLAIR_class
ECLAIR,/csehome/m23csa510/lidar_experiments/datasets/eclair/pointclouds/pointcloud_1334.laz,286817,368900.0,6678100.0,39.256,368999.999,6678199.999,144.89600000000002,99.99900000001071,99.99899999983609,105.64000000000001,28.682273642648568,"[619.0, 13555.16, 40854.0, 51988.0, 65535.0]","[1.0, 1.0, 1.0, 4.0, 7.0]","[1.0, 1.0, 1.0, 5.0, 7.0]",global_ECLAIR_intensity,global_ECLAIR_return_number,global_ECLAIR_number_of_returns,global_ECLAIR_class
ECLAIR,/csehome/m23csa510/lidar_experiments/datasets/eclair/pointclouds/pointcloud_1335.laz,238483,368900.001,6678200.0,46.369,368999.999,6678299.999,149.22,99.99800000002142,99.99899999983609,102.851,23.84901546572815,"[8124.0, 14272.64, 42728.0, 53075.0, 65535.0]","[1.0, 1.0, 1.0, 3.0, 7.0]","[1.0, 1.0, 1.0, 4.0, 7.0]",global_ECLAIR_intensity,global_ECLAIR_return_number,global_ECLAIR_number_of_returns,global_ECLAIR_class
ECLAIR,/csehome/m23csa510/lidar_experiments/datasets/eclair/pointclouds/pointcloud_1336.laz,115517,368900.0,6678300.0,45.804,368999.998,6678399.999,71.767,99.99800000002142,99.99899999983609,25.962999999999994,11.552046559102823,"[14767.0, 18638.32, 43750.0, 51825.0, 65535.0]","[1.0, 1.0, 1.0, 3.0, 6.0]","[1.0, 1.0, 1.0, 4.0, 6.0]",global_ECLAIR_intensity,global_ECLAIR_return_number,global_ECLAIR_number_of_returns,global_ECLAIR_class
ECLAIR,/csehome/m23csa510/lidar_experiments/datasets/eclair/pointclouds/pointcloud_1337.laz,3233,368967.946,6678400.001,46.297,368999.996,6678416.508,52.702,32.04999999998836,16.507000000216067,6.405000000000001,6.110961104023389,"[21017.0, 25334.0, 40194.0, 52742.159999999996, 55683.0]","[1.0, 1.0, 1.0, 2.0, 3.0]","[1.0, 1.0, 1.0, 2.0, 3.0]",global_ECLAIR_intensity,global_ECLAIR_return_number,global_ECLAIR_number_of_returns,global_ECLAIR_class
ECLAIR,/csehome/m23csa510/lidar_experiments/datasets/eclair/pointclouds/pointcloud_1338.laz,73528,369000.002,6671928.142,5.963000000000001,369099.97,6671999.999,63.129999999999995,99.96799999999348,71.85699999984354,57.166999999999994,10.235820656559873,"[21072.0, 23066.54, 38104.5, 49823.18999999999, 53863.0]","[1.0, 1.0, 1.0, 3.0, 6.0]","[1.0, 1.0, 2.0, 4.0, 6.0]",global_ECLAIR_intensity,global_ECLAIR_return_number,global_ECLAIR_number_of_returns,global_ECLAIR_class
ECLAIR,/csehome/m23csa510/lidar_experiments/datasets/eclair/pointclouds/pointcloud_1339.laz,94324,369000.001,6672000.0,-15.829999999999998,369099.999,6672099.996,64.28,99.99800000002142,99.99600000027567,80.11,9.432965970383826,"[18283.0, 21820.23, 35865.5, 49711.54000000001, 53859.0]","[1.0, 1.0, 1.0, 4.0, 6.0]","[1.0, 1.0, 2.0, 4.0, 6.0]",global_ECLAIR_intensity,global_ECLAIR_return_number,global_ECLAIR_number_of_returns,global_ECLAIR_class
ECLAIR,/csehome/m23csa510/lidar_experiments/datasets/eclair/pointclouds/pointcloud_134.laz,233375,361900.0,6672800.0,30.918,361999.999,6672899.999,89.72200000000001,99.99900000001071,99.99899999983609,58.80400000000001,23.337966757037098,"[6232.0, 42000.0, 48567.0, 53821.26000000001, 56392.0]","[1.0, 1.0, 1.0, 1.0, 2.0]","[1.0, 1.0, 1.0, 1.0, 2.0]",global_ECLAIR_intensity,global_ECLAIR_return_number,global_ECLAIR_number_of_returns,global_ECLAIR_class
ECLAIR,/csehome/m23csa510/lidar_experiments/datasets/eclair/pointclouds/pointcloud_1340.laz,12637,369000.0,6672100.0,1.9059999999999988,369063.097,6672188.785,60.688,63.09700000000885,88.78500000014901,58.782000000000004,2.2557744619780022,"[21011.0, 23552.48, 39485.0, 51741.64, 54430.0]","[1.0, 1.0, 1.0, 3.0, 5.0]","[1.0, 1.0, 1.0, 3.0, 5.0]",global_ECLAIR_intensity,global_ECLAIR_return_number,global_ECLAIR_number_of_returns,global_ECLAIR_class
ECLAIR,/csehome/m23csa510/lidar_experiments/datasets/eclair/pointclouds/pointcloud_1341.laz,166451,369000.001,6677815.985,46.928,369099.97,6677899.999,70.154,99.96899999998277,84.01399999950081,23.226,19.818436904791987,"[11630.0, 14559.0, 40515.0, 51754.0, 60894.0]","[1.0, 1.0, 1.0, 4.0, 7.0]","[1.0, 1.0, 2.0, 5.0, 7.0]",global_ECLAIR_intensity,global_ECLAIR_return_number,global_ECLAIR_number_of_returns,global_ECLAIR_class
ECLAIR,/csehome/m23csa510/lidar_experiments/datasets/eclair/pointclouds/pointcloud_1342.laz,400990,369000.0,6677900.0,38.906,369099.999,6677999.999,76.132,99.99900000001071,99.99899999983609,37.226000000000006,40.099801992091294,"[3254.0, 14607.0, 45956.0, 53100.109999999986, 61462.0]","[1.0, 1.0, 1.0, 3.0, 7.0]","[1.0, 1.0, 1.0, 4.0, 7.0]",global_ECLAIR_intensity,global_ECLAIR_return_number,global_ECLAIR_number_of_returns,global_ECLAIR_class
ECLAIR,/csehome/m23csa510/lidar_experiments/datasets/eclair/pointclouds/pointcloud_1343.laz,578104,369000.0,6678000.0,38.834,369099.999,6678099.999,124.397,99.99900000001071,99.99899999983609,85.563,57.81155622543192,"[2929.0, 11230.0, 37584.0, 52141.0, 65535.0]","[1.0, 1.0, 1.0, 4.0, 8.0]","[1.0, 1.0, 2.0, 5.0, 8.0]",global_ECLAIR_intensity,global_ECLAIR_return_number,global_ECLAIR_number_of_returns,global_ECLAIR_class
ECLAIR,/csehome/m23csa510/lidar_experiments/datasets/eclair/pointclouds/pointcloud_1344.laz,354976,369000.001,6678100.0,38.956,369099.999,6678199.998,70.674,99.99800000002142,99.99799999967217,31.718000000000004,35.49901994670703,"[9034.0, 16136.75, 39667.0, 50262.0, 65535.0]","[1.0, 1.0, 1.0, 4.0, 7.0]","[1.0, 1.0, 2.0, 4.0, 7.0]",global_ECLAIR_intensity,global_ECLAIR_return_number,global_ECLAIR_number_of_returns,global_ECLAIR_class
ECLAIR,/csehome/m23csa510/lidar_experiments/datasets/eclair/pointclouds/pointcloud_1345.laz,371126,369000.0,6678200.0,43.859,369099.999,6678299.999,146.596,99.99900000001071,99.99899999983609,102.737,37.11334226319079,"[7597.0, 12757.0, 40177.0, 52224.0, 65535.0]","[1.0, 1.0, 1.0, 4.0, 8.0]","[1.0, 1.0, 2.0, 5.0, 8.0]",global_ECLAIR_intensity,global_ECLAIR_return_number,global_ECLAIR_number_of_returns,global_ECLAIR_class
ECLAIR,/csehome/m23csa510/lidar_experiments/datasets/eclair/pointclouds/pointcloud_1346.laz,188295,369000.001,6678300.0,45.917,369099.999,6678399.998,77.62700000000001,99.99800000002142,99.99799999967217,31.710000000000008,18.8302532026537,"[9685.0, 14769.94, 42581.0, 53160.0, 65535.0]","[1.0, 1.0, 1.0, 4.0, 7.0]","[1.0, 1.0, 1.0, 4.0, 7.0]",global_ECLAIR_intensity,global_ECLAIR_return_number,global_ECLAIR_number_of_returns,global_ECLAIR_class
ECLAIR,/csehome/m23csa510/lidar_experiments/datasets/eclair/pointclouds/pointcloud_1347.laz,16593,369000.014,6678400.0,43.615,369076.496,6678442.77,55.532,76.48199999995995,42.769999999552965,11.916999999999994,5.072551053388189,"[20349.0, 32376.84, 42524.0, 50211.47999999999, 56240.0]","[1.0, 1.0, 1.0, 1.0, 3.0]","[1.0, 1.0, 1.0, 2.0, 3.0]",global_ECLAIR_intensity,global_ECLAIR_return_number,global_ECLAIR_number_of_returns,global_ECLAIR_class
ECLAIR,/csehome/m23csa510/lidar_experiments/datasets/eclair/pointclouds/pointcloud_1348.laz,2091,369100.012,6671948.43,13.553,369124.069,6671999.815,53.384,24.057000000029802,51.385000000707805,39.831,1.6915163646734444,"[26059.0, 27171.5, 37006.0, 47936.7, 50011.0]","[1.0, 1.0, 1.0, 3.0, 4.0]","[1.0, 1.0, 1.0, 3.0, 4.0]",global_ECLAIR_intensity,global_ECLAIR_return_number,global_ECLAIR_number_of_returns,global_ECLAIR_class
ECLAIR,/csehome/m23csa510/lidar_experiments/datasets/eclair/pointclouds/pointcloud_1349.laz,482,369100.005,6672000.175,15.209,369115.399,6672057.92,44.771,15.393999999971129,57.74500000011176,29.562,0.5422270387182292,"[25917.0, 26732.75, 34053.5, 46386.32, 47989.0]","[1.0, 1.0, 1.0, 3.0, 3.0]","[1.0, 1.0, 2.0, 3.0, 3.0]",global_ECLAIR_intensity,global_ECLAIR_return_number,global_ECLAIR_number_of_returns,global_ECLAIR_class
ECLAIR,/csehome/m23csa510/lidar_experiments/datasets/eclair/pointclouds/pointcloud_135.laz,35562,361927.657,6672900.0,32.034,361999.999,6672956.352,33.472,72.34200000000419,56.3519999999553,1.4380000000000024,8.723410949237394,"[21865.0, 41087.22, 43455.0, 48500.17, 53345.0]","[1.0, 1.0, 1.0, 1.0, 2.0]","[1.0, 1.0, 1.0, 1.0, 2.0]",global_ECLAIR_intensity,global_ECLAIR_return_number,global_ECLAIR_number_of_returns,global_ECLAIR_class
ECLAIR,/csehome/m23csa510/lidar_experiments/datasets/eclair/pointclouds/pointcloud_1350.laz,721,369100.051,6677890.456,51.978,369113.419,6677899.987,59.451,13.368000000016764,9.53099999949336,7.472999999999999,5.658878355035344,"[15063.0, 15601.6, 30776.0, 49236.399999999994, 50941.0]","[1.0, 1.0, 2.0, 5.0, 7.0]","[1.0, 1.0, 3.0, 5.0, 7.0]",global_ECLAIR_intensity,global_ECLAIR_return_number,global_ECLAIR_number_of_returns,global_ECLAIR_class
ECLAIR,/csehome/m23csa510/lidar_experiments/datasets/eclair/pointclouds/pointcloud_1351.laz,321464,369100.0,6677900.025,46.275,369199.998,6677999.999,79.858,99.99800000002142,99.97399999946356,33.583000000000006,32.15540334589436,"[8644.0, 12793.630000000001, 39658.0, 52319.0, 60505.0]","[1.0, 1.0, 1.0, 4.0, 8.0]","[1.0, 1.0, 2.0, 5.0, 8.0]",global_ECLAIR_intensity,global_ECLAIR_return_number,global_ECLAIR_number_of_returns,global_ECLAIR_class
ECLAIR,/csehome/m23csa510/lidar_experiments/datasets/eclair/pointclouds/pointcloud_1352.laz,477517,369100.0,6678000.0,40.676,369199.999,6678099.999,115.456,99.99900000001071,99.99899999983609,74.78,47.75265504839886,"[1459.0, 11959.0, 44649.0, 53144.0, 62718.0]","[1.0, 1.0, 1.0, 4.0, 8.0]","[1.0, 1.0, 1.0, 5.0, 8.0]",global_ECLAIR_intensity,global_ECLAIR_return_number,global_ECLAIR_number_of_returns,global_ECLAIR_class
ECLAIR,/csehome/m23csa510/lidar_experiments/datasets/eclair/pointclouds/pointcloud_1353.laz,617507,369100.0,6678100.0,6.660999999999998,369199.999,6678199.999,71.84,99.99900000001071,99.99899999983609,65.179,61.75193503262006,"[5973.0, 11378.0, 35782.0, 50689.0, 59734.0]","[1.0, 1.0, 1.0, 4.0, 8.0]","[1.0, 1.0, 2.0, 5.0, 8.0]",global_ECLAIR_intensity,global_ECLAIR_return_number,global_ECLAIR_number_of_returns,global_ECLAIR_class
ECLAIR,/csehome/m23csa510/lidar_experiments/datasets/eclair/pointclouds/pointcloud_1354.laz,184506,369100.001,6678200.0,19.472,369199.998,6678299.999,147.511,99.99700000003213,99.99899999983609,128.039,18.451338048010832,"[416.0, 15631.05, 42608.0, 51127.0, 62918.0]","[1.0, 1.0, 1.0, 4.0, 7.0]","[1.0, 1.0, 1.0, 4.0, 7.0]",global_ECLAIR_intensity,global_ECLAIR_return_number,global_ECLAIR_number_of_returns,global_ECLAIR_class
ECLAIR,/csehome/m23csa510/lidar_experiments/datasets/eclair/pointclouds/pointcloud_1355.laz,21926,369100.0,6678300.001,45.814,369123.871,6678351.251,71.095,23.870999999984633,51.25,25.281,17.92234888543328,"[9886.0, 12472.25, 35095.5, 50888.25, 55560.0]","[1.0, 1.0, 1.0, 4.0, 7.0]","[1.0, 1.0, 2.0, 5.0, 7.0]",global_ECLAIR_intensity,global_ECLAIR_return_number,global_ECLAIR_number_of_returns,global_ECLAIR_class
ECLAIR,/csehome/m23csa510/lidar_experiments/datasets/eclair/pointclouds/pointcloud_1356.laz,26231,369200.0,6677963.391,52.967,369264.412,6677999.999,71.148,64.41200000001118,36.60800000000745,18.180999999999997,11.124283811725281,"[11544.0, 14758.0, 39953.0, 52130.7, 65535.0]","[1.0, 1.0, 1.0, 4.0, 7.0]","[1.0, 1.0, 2.0, 5.0, 7.0]",global_ECLAIR_intensity,global_ECLAIR_return_number,global_ECLAIR_number_of_returns,global_ECLAIR_class
ECLAIR,/csehome/m23csa510/lidar_experiments/datasets/eclair/pointclouds/pointcloud_1357.laz,355799,369200.0,6678000.0,44.818,369299.999,6678099.999,109.912,99.99900000001071,99.99899999983609,65.09400000000001,35.580611608728624,"[6135.0, 14153.0, 42951.0, 51863.02000000002, 65535.0]","[1.0, 1.0, 1.0, 4.0, 7.0]","[1.0, 1.0, 1.0, 5.0, 7.0]",global_ECLAIR_intensity,global_ECLAIR_return_number,global_ECLAIR_number_of_returns,global_ECLAIR_class
ECLAIR,/csehome/m23csa510/lidar_experiments/datasets/eclair/pointclouds/pointcloud_1358.laz,355154,369200.0,6678100.0,40.766,369299.999,6678199.999,128.02100000000002,99.99900000001071,99.99899999983609,87.25500000000002,35.516110318709174,"[530.0, 15602.53, 47263.5, 52236.46999999997, 65535.0]","[1.0, 1.0, 1.0, 3.0, 8.0]","[1.0, 1.0, 1.0, 4.0, 8.0]",global_ECLAIR_intensity,global_ECLAIR_return_number,global_ECLAIR_number_of_returns,global_ECLAIR_class
ECLAIR,/csehome/m23csa510/lidar_experiments/datasets/eclair/pointclouds/pointcloud_1359.laz,96595,369200.002,6678200.0,40.033,369299.987,6678229.893,63.625,99.98500000004424,29.893000000156462,23.592,32.31843288501159,"[10318.0, 14026.82, 41217.0, 50631.0, 58017.0]","[1.0, 1.0, 1.0, 3.0, 6.0]","[1.0, 1.0, 1.0, 4.0, 6.0]",global_ECLAIR_intensity,global_ECLAIR_return_number,global_ECLAIR_number_of_returns,global_ECLAIR_class
ECLAIR,/csehome/m23csa510/lidar_experiments/datasets/eclair/pointclouds/pointcloud_136.laz,680,362081.709,6670786.646,41.236,362109.998,6670809.999,57.969,28.289000000047963,23.35300000011921,16.733000000000004,1.0293157963604713,"[13415.0, 14257.52, 28300.5, 50186.270000000004, 51276.0]","[1.0, 1.0, 3.0, 6.0, 8.0]","[1.0, 1.0, 3.0, 7.0, 8.0]",global_ECLAIR_intensity,global_ECLAIR_return_number,global_ECLAIR_number_of_returns,global_ECLAIR_class
ECLAIR,/csehome/m23csa510/lidar_experiments/datasets/eclair/pointclouds/pointcloud_1360.laz,78879,369300.0,6678017.345,41.711,369399.326,6678099.999,65.533,99.32600000000093,82.65400000009686,23.822000000000003,9.608034947949648,"[13207.0, 17102.0, 42495.0, 53980.880000000005, 59794.0]","[1.0, 1.0, 1.0, 4.0, 6.0]","[1.0, 1.0, 1.0, 4.0, 6.0]",global_ECLAIR_intensity,global_ECLAIR_return_number,global_ECLAIR_number_of_returns,global_ECLAIR_class
ECLAIR,/csehome/m23csa510/lidar_experiments/datasets/eclair/pointclouds/pointcloud_1361.laz,157904,369300.0,6678100.0,39.522999999999996,369399.997,6678199.998,115.161,99.99699999997392,99.99799999967217,75.638,15.791189550058673,"[7111.0, 13165.03, 42445.0, 51361.94, 59692.0]","[1.0, 1.0, 1.0, 4.0, 8.0]","[1.0, 1.0, 1.0, 5.0, 8.0]",global_ECLAIR_intensity,global_ECLAIR_return_number,global_ECLAIR_number_of_returns,global_ECLAIR_class
ECLAIR,/csehome/m23csa510/lidar_experiments/datasets/eclair/pointclouds/pointcloud_1362.laz,438,369300.0,6678200.0,41.965,369308.04,6678203.049,63.671,8.039999999979045,3.0489999996498227,21.705999999999996,17.86737026785741,"[10125.0, 30119.47, 44795.0, 50604.67, 50996.0]","[1.0, 1.0, 1.0, 2.0, 2.0]","[1.0, 1.0, 1.0, 2.0, 2.0]",global_ECLAIR_intensity,global_ECLAIR_return_number,global_ECLAIR_number_of_returns,global_ECLAIR_class
ECLAIR,/csehome/m23csa510/lidar_experiments/datasets/eclair/pointclouds/pointcloud_1363.laz,5557,369400.002,6678100.949,39.065,369427.086,6678164.481,52.34,27.084000000031665,63.53199999965727,13.275000000000006,3.229498330986592,"[18000.0, 22153.44, 43365.0, 49756.19999999999, 55817.0]","[1.0, 1.0, 1.0, 3.0, 4.0]","[1.0, 1.0, 1.0, 3.0, 4.0]",global_ECLAIR_intensity,global_ECLAIR_return_number,global_ECLAIR_number_of_returns,global_ECLAIR_class
ECLAIR,/csehome/m23csa510/lidar_experiments/datasets/eclair/pointclouds/pointcloud_137.laz,280116,362000.001,6670801.861,40.994,362099.999,6670899.999,75.111,99.99800000002142,98.13800000026822,34.117000000000004,28.543642873425483,"[4743.0, 10447.15, 35651.0, 52133.84999999998, 57384.0]","[1.0, 1.0, 2.0, 5.0, 8.0]","[1.0, 1.0, 2.0, 5.0, 8.0]",global_ECLAIR_intensity,global_ECLAIR_return_number,global_ECLAIR_number_of_returns,global_ECLAIR_class
ECLAIR,/csehome/m23csa510/lidar_experiments/datasets/eclair/pointclouds/pointcloud_138.laz,606199,362000.0,6670900.0,41.492,362099.999,6670999.999,92.42699999999999,99.99900000001071,99.99899999983609,50.934999999999995,60.62111241627908,"[1258.0, 9100.99, 41035.0, 54291.0, 59846.0]","[1.0, 1.0, 1.0, 4.0, 8.0]","[1.0, 1.0, 2.0, 5.0, 8.0]",global_ECLAIR_intensity,global_ECLAIR_return_number,global_ECLAIR_number_of_returns,global_ECLAIR_class
ECLAIR,/csehome/m23csa510/lidar_experiments/datasets/eclair/pointclouds/pointcloud_139.laz,566135,362000.0,6671000.0,44.486000000000004,362099.999,6671099.999,80.176,99.99900000001071,99.99899999983609,35.69,56.61463228707101,"[2010.0, 8266.0, 36656.0, 53919.0, 59021.0]","[1.0, 1.0, 1.0, 4.0, 8.0]","[1.0, 1.0, 2.0, 5.0, 8.0]",global_ECLAIR_intensity,global_ECLAIR_return_number,global_ECLAIR_number_of_returns,global_ECLAIR_class
ECLAIR,/csehome/m23csa510/lidar_experiments/datasets/eclair/pointclouds/pointcloud_14.laz,7213,360546.36,6672200.0,62.749,360599.997,6672219.435,79.436,53.63699999998789,19.434999999590218,16.687000000000005,6.91937563763019,"[10236.0, 12337.24, 37309.0, 53295.0, 57402.0]","[1.0, 1.0, 2.0, 5.0, 7.0]","[1.0, 1.0, 2.0, 5.0, 7.0]",global_ECLAIR_intensity,global_ECLAIR_return_number,global_ECLAIR_number_of_returns,global_ECLAIR_class
ECLAIR,/csehome/m23csa510/lidar_experiments/datasets/eclair/pointclouds/pointcloud_140.laz,58914,362000.0,6671100.0,44.461,362070.638,6671151.674,63.555,70.63799999997718,51.67399999964982,19.094,16.140167414235332,"[9756.0, 13101.26, 32474.5, 48477.83000000002, 56019.0]","[1.0, 1.0, 2.0, 5.0, 7.0]","[1.0, 1.0, 3.0, 6.0, 7.0]",global_ECLAIR_intensity,global_ECLAIR_return_number,global_ECLAIR_number_of_returns,global_ECLAIR_class
ECLAIR,/csehome/m23csa510/lidar_experiments/datasets/eclair/pointclouds/pointcloud_141.laz,30175,362000.0,6672641.994,32.511,362067.72,6672699.999,33.549,67.71999999997206,58.00499999988824,1.0379999999999967,7.68183364849105,"[42387.0, 44800.0, 48551.0, 52945.0, 55672.0]","[1.0, 1.0, 1.0, 1.0, 1.0]","[1.0, 1.0, 1.0, 1.0, 1.0]",global_ECLAIR_intensity,global_ECLAIR_return_number,global_ECLAIR_number_of_returns,global_ECLAIR_class
ECLAIR,/csehome/m23csa510/lidar_experiments/datasets/eclair/pointclouds/pointcloud_142.laz,224544,362000.0,6672700.001,32.278999999999996,362099.999,6672799.999,64.43299999999999,99.99900000001071,99.99799999967217,32.153999999999996,22.455073647789625,"[8362.0, 45583.0, 50494.0, 55065.57000000001, 57181.0]","[1.0, 1.0, 1.0, 1.0, 4.0]","[1.0, 1.0, 1.0, 1.0, 4.0]",global_ECLAIR_intensity,global_ECLAIR_return_number,global_ECLAIR_number_of_returns,global_ECLAIR_class
ECLAIR,/csehome/m23csa510/lidar_experiments/datasets/eclair/pointclouds/pointcloud_143.laz,337803,362000.0,6672800.0,31.273,362099.999,6672899.999,107.265,99.99900000001071,99.99899999983609,75.992,33.78097561618598,"[2413.0, 27479.02, 50204.0, 54826.0, 57379.0]","[1.0, 1.0, 1.0, 2.0, 6.0]","[1.0, 1.0, 1.0, 2.0, 6.0]",global_ECLAIR_intensity,global_ECLAIR_return_number,global_ECLAIR_number_of_returns,global_ECLAIR_class
ECLAIR,/csehome/m23csa510/lidar_experiments/datasets/eclair/pointclouds/pointcloud_144.laz,199348,362000.0,6672900.0,31.265,362099.999,6672999.999,35.165,99.99900000001071,99.99899999983609,3.8999999999999986,19.93519870201106,"[8965.0, 40958.94, 44836.0, 52267.0, 55554.0]","[1.0, 1.0, 1.0, 1.0, 2.0]","[1.0, 1.0, 1.0, 1.0, 2.0]",global_ECLAIR_intensity,global_ECLAIR_return_number,global_ECLAIR_number_of_returns,global_ECLAIR_class
ECLAIR,/csehome/m23csa510/lidar_experiments/datasets/eclair/pointclouds/pointcloud_145.laz,10430,362057.711,6673000.0,32.474,362099.999,6673030.291,32.964,42.288000000000466,30.291000000201166,0.490000000000002,8.14242096331574,"[39862.0, 41169.58, 43171.0, 45727.13, 47581.0]","[1.0, 1.0, 1.0, 1.0, 1.0]","[1.0, 1.0, 1.0, 1.0, 1.0]",global_ECLAIR_intensity,global_ECLAIR_return_number,global_ECLAIR_number_of_returns,global_ECLAIR_class
ECLAIR,/csehome/m23csa510/lidar_experiments/datasets/eclair/pointclouds/pointcloud_146.laz,91785,362100.174,6670730.359,39.565,362199.999,6670799.999,73.25200000000001,99.82500000001164,69.63999999966472,33.68700000000001,13.203030633941273,"[5527.0, 9562.68, 32132.0, 50984.16, 56525.0]","[1.0, 1.0, 2.0, 5.0, 8.0]","[1.0, 1.0, 3.0, 6.0, 8.0]",global_ECLAIR_intensity,global_ECLAIR_return_number,global_ECLAIR_number_of_returns,global_ECLAIR_class
ECLAIR,/csehome/m23csa510/lidar_experiments/datasets/eclair/pointclouds/pointcloud_147.laz,582275,362100.0,6670800.0,36.194,362199.999,6670899.999,100.22200000000001,99.99900000001071,99.99899999983609,64.028,58.22866456755769,"[3729.0, 9422.99, 41104.0, 53892.0, 58930.0]","[1.0, 1.0, 1.0, 4.0, 8.0]","[1.0, 1.0, 2.0, 5.0, 8.0]",global_ECLAIR_intensity,global_ECLAIR_return_number,global_ECLAIR_number_of_returns,global_ECLAIR_class
ECLAIR,/csehome/m23csa510/lidar_experiments/datasets/eclair/pointclouds/pointcloud_148.laz,665985,362100.0,6670900.0,36.34,362199.999,6670999.999,91.779,99.99900000001071,99.99899999983609,55.43899999999999,66.59983199008185,"[898.0, 9061.0, 37316.0, 53688.0, 59089.0]","[1.0, 1.0, 1.0, 4.0, 8.0]","[1.0, 1.0, 2.0, 5.0, 8.0]",global_ECLAIR_intensity,global_ECLAIR_return_number,global_ECLAIR_number_of_returns,global_ECLAIR_class
ECLAIR,/csehome/m23csa510/lidar_experiments/datasets/eclair/pointclouds/pointcloud_149.laz,112959,362100.0,6671000.0,36.392,362199.968,6671070.303,77.864,99.96799999999348,70.30300000030547,41.472,16.07259412119264,"[6098.0, 11003.58, 33594.0, 49583.42, 58199.0]","[1.0, 1.0, 2.0, 5.0, 7.0]","[1.0, 1.0, 3.0, 6.0, 7.0]",global_ECLAIR_intensity,global_ECLAIR_return_number,global_ECLAIR_number_of_returns,global_ECLAIR_class
ECLAIR,/csehome/m23csa510/lidar_experiments/datasets/eclair/pointclouds/pointcloud_15.laz,27878,360600.003,6671666.889,29.866,360699.999,6671699.999,58.268,99.99599999998463,33.10999999940395,28.402,8.42014955152907,"[12743.0, 15396.31, 38534.5, 53216.0, 56964.0]","[1.0, 1.0, 1.0, 5.0, 8.0]","[1.0, 1.0, 2.0, 5.0, 8.0]",global_ECLAIR_intensity,global_ECLAIR_return_number,global_ECLAIR_number_of_returns,global_ECLAIR_class
ECLAIR,/csehome/m23csa510/lidar_experiments/datasets/eclair/pointclouds/pointcloud_150.laz,60498,362100.0,6672726.782,33.118,362170.823,6672799.999,61.46,70.82299999997485,73.21700000017881,28.342,11.666881004616778,"[10107.0, 13108.94, 43080.0, 52423.03, 56205.0]","[1.0, 1.0, 1.0, 5.0, 8.0]","[1.0, 1.0, 2.0, 5.0, 8.0]",global_ECLAIR_intensity,global_ECLAIR_return_number,global_ECLAIR_number_of_returns,global_ECLAIR_class
ECLAIR,/csehome/m23csa510/lidar_experiments/datasets/eclair/pointclouds/pointcloud_151.laz,491716,362100.0,6672800.0,32.383,362199.999,6672899.999,76.575,99.99900000001071,99.99899999983609,44.192,49.17258344682701,"[5111.0, 10675.0, 43495.0, 54299.0, 59049.0]","[1.0, 1.0, 1.0, 4.0, 8.0]","[1.0, 1.0, 2.0, 5.0, 8.0]",global_ECLAIR_intensity,global_ECLAIR_return_number,global_ECLAIR_number_of_returns,global_ECLAIR_class
ECLAIR,/csehome/m23csa510/lidar_experiments/datasets/eclair/pointclouds/pointcloud_152.laz,349654,362100.0,6672900.0,31.277,362199.999,6672999.999,96.673,99.99900000001071,99.99899999983609,65.396,34.96609931854333,"[3800.0, 22839.65, 47651.0, 54252.0, 57692.0]","[1.0, 1.0, 1.0, 2.0, 5.0]","[1.0, 1.0, 1.0, 3.0, 6.0]",global_ECLAIR_intensity,global_ECLAIR_return_number,global_ECLAIR_number_of_returns,global_ECLAIR_class
ECLAIR,/csehome/m23csa510/lidar_experiments/datasets/eclair/pointclouds/pointcloud_153.laz,148291,362100.0,6673000.0,32.409,362199.999,6673099.997,34.802,99.99900000001071,99.99700000043958,2.3930000000000007,14.829693183211644,"[22947.0, 41343.0, 44398.0, 48456.100000000006, 53461.0]","[1.0, 1.0, 1.0, 1.0, 2.0]","[1.0, 1.0, 1.0, 1.0, 2.0]",global_ECLAIR_intensity,global_ECLAIR_return_number,global_ECLAIR_number_of_returns,global_ECLAIR_class
ECLAIR,/csehome/m23csa510/lidar_experiments/datasets/eclair/pointclouds/pointcloud_154.laz,4891,362184.624,6673090.001,34.196,362209.999,6673111.403,34.802,25.375,21.401999999769032,0.6060000000000016,9.006110105363355,"[40474.0, 41465.8, 44127.0, 47039.600000000006, 49052.0]","[1.0, 1.0, 1.0, 1.0, 1.0]","[1.0, 1.0, 1.0, 1.0, 1.0]",global_ECLAIR_intensity,global_ECLAIR_return_number,global_ECLAIR_number_of_returns,global_ECLAIR_class
ECLAIR,/csehome/m23csa510/lidar_experiments/datasets/eclair/pointclouds/pointcloud_155.laz,2856,362257.621,6670669.981,42.36,362299.999,6670699.999,66.285,42.37800000002608,30.018000000156462,23.924999999999997,2.2451015680516937,"[7468.0, 10103.25, 24847.5, 50042.399999999994, 52985.0]","[1.0, 1.0, 3.0, 6.0, 8.0]","[1.0, 1.0, 3.0, 7.0, 8.0]",global_ECLAIR_intensity,global_ECLAIR_return_number,global_ECLAIR_number_of_returns,global_ECLAIR_class
ECLAIR,/csehome/m23csa510/lidar_experiments/datasets/eclair/pointclouds/pointcloud_156.laz,498432,362200.0,6670700.001,41.011,362299.999,6670799.999,81.118,99.99900000001071,99.99799999967217,40.10699999999999,49.84469533104905,"[660.0, 7744.0, 39111.0, 53836.0, 58522.0]","[1.0, 1.0, 1.0, 4.0, 8.0]","[1.0, 1.0, 2.0, 5.0, 8.0]",global_ECLAIR_intensity,global_ECLAIR_return_number,global_ECLAIR_number_of_returns,global_ECLAIR_class
ECLAIR,/csehome/m23csa510/lidar_experiments/datasets/eclair/pointclouds/pointcloud_157.laz,556167,362200.0,6670800.0,35.131,362299.999,6670899.999,84.595,99.99900000001071,99.99899999983609,49.464,55.61781235077044,"[97.0, 8445.0, 43942.0, 54608.0, 59567.0]","[1.0, 1.0, 1.0, 4.0, 8.0]","[1.0, 1.0, 2.0, 5.0, 8.0]",global_ECLAIR_intensity,global_ECLAIR_return_number,global_ECLAIR_number_of_returns,global_ECLAIR_class
ECLAIR,/csehome/m23csa510/lidar_experiments/datasets/eclair/pointclouds/pointcloud_158.laz,218828,362200.0,6670900.0,35.044,362299.998,6670999.998,56.217,99.99800000002142,99.99799999967217,21.173000000000002,21.883675338327112,"[6817.0, 11665.0, 45372.0, 53102.0, 58181.0]","[1.0, 1.0, 1.0, 4.0, 8.0]","[1.0, 1.0, 1.0, 5.0, 8.0]",global_ECLAIR_intensity,global_ECLAIR_return_number,global_ECLAIR_number_of_returns,global_ECLAIR_class
ECLAIR,/csehome/m23csa510/lidar_experiments/datasets/eclair/pointclouds/pointcloud_159.laz,2947,362200.002,6671000.001,35.516,362221.371,6671013.823,41.085,21.369000000006054,13.821999999694526,5.569000000000003,9.977576083568978,"[15687.0, 17447.1, 42161.0, 51099.7, 53270.0]","[1.0, 1.0, 1.0, 3.0, 5.0]","[1.0, 1.0, 2.0, 4.0, 5.0]",global_ECLAIR_intensity,global_ECLAIR_return_number,global_ECLAIR_number_of_returns,global_ECLAIR_class
ECLAIR,/csehome/m23csa510/lidar_experiments/datasets/eclair/pointclouds/pointcloud_16.laz,349584,360600.0,6671700.0,29.847,360699.999,6671799.999,101.388,99.99900000001071,99.99899999983609,71.541,34.959099178541216,"[3855.0, 9923.83, 43092.0, 54440.0, 58677.0]","[1.0, 1.0, 1.0, 4.0, 8.0]","[1.0, 1.0, 2.0, 5.0, 8.0]",global_ECLAIR_intensity,global_ECLAIR_return_number,global_ECLAIR_number_of_returns,global_ECLAIR_class
ECLAIR,/csehome/m23csa510/lidar_experiments/datasets/eclair/pointclouds/pointcloud_160.laz,110608,362200.0,6672825.039,33.385,362299.998,6672899.999,66.587,99.99800000002142,74.95999999996275,33.202000000000005,14.755898106226702,"[4796.0, 10549.21, 44712.0, 52085.92999999999, 58118.0]","[1.0, 1.0, 1.0, 5.0, 7.0]","[1.0, 1.0, 2.0, 5.0, 7.0]",global_ECLAIR_intensity,global_ECLAIR_return_number,global_ECLAIR_number_of_returns,global_ECLAIR_class
ECLAIR,/csehome/m23csa510/lidar_experiments/datasets/eclair/pointclouds/pointcloud_161.laz,341762,362200.0,6672900.0,31.342,362299.998,6672999.999,93.423,99.99800000002142,99.99899999983609,62.081,34.17722530997255,"[810.0, 22816.61, 49248.0, 54524.0, 65535.0]","[1.0, 1.0, 1.0, 2.0, 6.0]","[1.0, 1.0, 1.0, 3.0, 7.0]",global_ECLAIR_intensity,global_ECLAIR_return_number,global_ECLAIR_number_of_returns,global_ECLAIR_class
ECLAIR,/csehome/m23csa510/lidar_experiments/datasets/eclair/pointclouds/pointcloud_162.laz,346611,362200.0,6673000.0,31.401,362299.999,6673099.999,84.178,99.99900000001071,99.99899999983609,52.777,34.66179323245157,"[3009.0, 15465.0, 45943.0, 52797.0, 60544.0]","[1.0, 1.0, 1.0, 3.0, 7.0]","[1.0, 1.0, 1.0, 4.0, 7.0]",global_ECLAIR_intensity,global_ECLAIR_return_number,global_ECLAIR_number_of_returns,global_ECLAIR_class
ECLAIR,/csehome/m23csa510/lidar_experiments/datasets/eclair/pointclouds/pointcloud_163.laz,90158,362200.028,6673100.0,33.003,362299.998,6673182.005,51.015,99.97000000003027,82.00499999988824,18.012,10.997506922352368,"[10057.0, 18503.71, 44857.0, 50972.42999999999, 56684.0]","[1.0, 1.0, 1.0, 3.0, 6.0]","[1.0, 1.0, 1.0, 3.0, 6.0]",global_ECLAIR_intensity,global_ECLAIR_return_number,global_ECLAIR_number_of_returns,global_ECLAIR_class
ECLAIR,/csehome/m23csa510/lidar_experiments/datasets/eclair/pointclouds/pointcloud_164.laz,240815,362300.002,6670614.114,41.684,362399.999,6670699.999,74.79400000000001,99.99700000003213,85.88499999977648,33.110000000000014,28.040079719076598,"[1526.0, 7498.0, 35221.0, 53224.0, 58667.0]","[1.0, 1.0, 2.0, 5.0, 8.0]","[1.0, 1.0, 2.0, 5.0, 8.0]",global_ECLAIR_intensity,global_ECLAIR_return_number,global_ECLAIR_number_of_returns,global_ECLAIR_class
ECLAIR,/csehome/m23csa510/lidar_experiments/datasets/eclair/pointclouds/pointcloud_165.laz,652760,362300.0,6670700.0,35.844,362399.999,6670799.999,108.555,99.99900000001071,99.99899999983609,72.71100000000001,65.27730553968307,"[0.0, 7196.0, 44570.0, 54447.0, 59759.0]","[1.0, 1.0, 1.0, 4.0, 8.0]","[1.0, 1.0, 2.0, 5.0, 8.0]",global_ECLAIR_intensity,global_ECLAIR_return_number,global_ECLAIR_number_of_returns,global_ECLAIR_class
ECLAIR,/csehome/m23csa510/lidar_experiments/datasets/eclair/pointclouds/pointcloud_166.laz,285881,362300.0,6670800.0,35.045,362399.999,6670899.998,82.858,99.99900000001071,99.99799999967217,47.813,28.58895766310276,"[1281.0, 8787.0, 45297.0, 54141.0, 59225.0]","[1.0, 1.0, 1.0, 4.0, 8.0]","[1.0, 1.0, 1.0, 5.0, 8.0]",global_ECLAIR_intensity,global_ECLAIR_return_number,global_ECLAIR_number_of_returns,global_ECLAIR_class
ECLAIR,/csehome/m23csa510/lidar_experiments/datasets/eclair/pointclouds/pointcloud_167.laz,11618,362300.006,6670900.0,35.757,362338.946,6670933.613,39.699,38.94000000000233,33.61299999989569,3.942,8.876221872935501,"[15798.0, 42380.02, 45822.0, 50846.15, 53599.0]","[1.0, 1.0, 1.0, 1.0, 3.0]","[1.0, 1.0, 1.0, 1.0, 3.0]",global_ECLAIR_intensity,global_ECLAIR_return_number,global_ECLAIR_number_of_returns,global_ECLAIR_class
ECLAIR,/csehome/m23csa510/lidar_experiments/datasets/eclair/pointclouds/pointcloud_168.laz,844,362300.005,6672890.99,33.189,362311.263,6672899.998,33.575,11.257999999972526,9.007999999448657,0.3860000000000028,8.322481239053742,"[43137.0, 44266.01, 46406.0, 48723.079999999994, 50843.0]","[1.0, 1.0, 1.0, 1.0, 1.0]","[1.0, 1.0, 1.0, 1.0, 1.0]",global_ECLAIR_intensity,global_ECLAIR_return_number,global_ECLAIR_number_of_returns,global_ECLAIR_class
ECLAIR,/csehome/m23csa510/lidar_experiments/datasets/eclair/pointclouds/pointcloud_169.laz,157430,362300.0,6672900.008,31.835,362399.999,6672999.999,47.058,99.99900000001071,99.99099999945611,15.222999999999999,15.744574443358164,"[8703.0, 19139.45, 49326.0, 54380.0, 57334.0]","[1.0, 1.0, 1.0, 3.0, 6.0]","[1.0, 1.0, 1.0, 3.0, 6.0]",global_ECLAIR_intensity,global_ECLAIR_return_number,global_ECLAIR_number_of_returns,global_ECLAIR_class
ECLAIR,/csehome/m23csa510/lidar_experiments/datasets/eclair/pointclouds/pointcloud_17.laz,460508,360600.0,6671800.0,31.875,360699.999,6671899.998,62.962,99.99900000001071,99.99799999967217,31.087000000000003,46.052181556382294,"[4953.0, 9443.0, 36091.0, 53169.0, 57976.0]","[1.0, 1.0, 1.0, 4.0, 8.0]","[1.0, 1.0, 2.0, 5.0, 8.0]",global_ECLAIR_intensity,global_ECLAIR_return_number,global_ECLAIR_number_of_returns,global_ECLAIR_class
ECLAIR,/csehome/m23csa510/lidar_experiments/datasets/eclair/pointclouds/pointcloud_170.laz,387637,362300.0,6673000.0,31.428,362399.999,6673099.999,85.22200000000001,99.99900000001071,99.99899999983609,53.79400000000001,38.764475285688654,"[0.0, 12309.36, 50115.0, 55148.0, 58692.0]","[1.0, 1.0, 1.0, 3.0, 7.0]","[1.0, 1.0, 1.0, 4.0, 7.0]",global_ECLAIR_intensity,global_ECLAIR_return_number,global_ECLAIR_number_of_returns,global_ECLAIR_class
ECLAIR,/csehome/m23csa510/lidar_experiments/datasets/eclair/pointclouds/pointcloud_171.laz,404114,362300.0,6673100.0,30.761,362399.999,6673199.999,96.369,99.99900000001071,99.99899999983609,65.608,40.41220824018549,"[1064.0, 10489.0, 43808.0, 53296.0, 65535.0]","[1.0, 1.0, 1.0, 4.0, 8.0]","[1.0, 1.0, 1.0, 5.0, 8.0]",global_ECLAIR_intensity,global_ECLAIR_return_number,global_ECLAIR_number_of_returns,global_ECLAIR_class
ECLAIR,/csehome/m23csa510/lidar_experiments/datasets/eclair/pointclouds/pointcloud_172.laz,101972,362319.353,6673200.0,31.958,362399.998,6673299.967,57.908,80.64500000001863,99.96700000017881,25.950000000000003,12.648727369112848,"[10016.0, 14523.71, 42230.0, 51029.28999999999, 65535.0]","[1.0, 1.0, 1.0, 4.0, 6.0]","[1.0, 1.0, 1.0, 4.0, 6.0]",global_ECLAIR_intensity,global_ECLAIR_return_number,global_ECLAIR_number_of_returns,global_ECLAIR_class
ECLAIR,/csehome/m23csa510/lidar_experiments/datasets/eclair/pointclouds/pointcloud_173.laz,191,362393.556,6673300.043,32.319,362399.999,6673305.564,36.054,6.443000000028405,5.5210000006482005,3.7349999999999994,5.369421391902269,"[18132.0, 18511.5, 31627.0, 45453.9, 45543.0]","[1.0, 1.0, 2.0, 5.0, 5.0]","[1.0, 1.0, 3.0, 5.0, 5.0]",global_ECLAIR_intensity,global_ECLAIR_return_number,global_ECLAIR_number_of_returns,global_ECLAIR_class
ECLAIR,/csehome/m23csa510/lidar_experiments/datasets/eclair/pointclouds/pointcloud_174.laz,55230,362432.395,6670557.266,38.45,362499.999,6670599.999,67.26400000000001,67.60399999999208,42.73300000000745,28.814000000000007,19.117859576542116,"[7595.0, 11396.58, 36178.0, 51604.0, 55526.0]","[1.0, 1.0, 2.0, 4.0, 8.0]","[1.0, 1.0, 2.0, 5.0, 8.0]",global_ECLAIR_intensity,global_ECLAIR_return_number,global_ECLAIR_number_of_returns,global_ECLAIR_class
ECLAIR,/csehome/m23csa510/lidar_experiments/datasets/eclair/pointclouds/pointcloud_175.laz,568332,362400.0,6670600.0,37.186,362499.999,6670699.999,108.60000000000001,99.99900000001071,99.99899999983609,71.41400000000002,56.83433668113726,"[0.0, 8166.0, 42435.0, 53901.0, 58570.0]","[1.0, 1.0, 1.0, 4.0, 8.0]","[1.0, 1.0, 2.0, 5.0, 8.0]",global_ECLAIR_intensity,global_ECLAIR_return_number,global_ECLAIR_number_of_returns,global_ECLAIR_class
ECLAIR,/csehome/m23csa510/lidar_experiments/datasets/eclair/pointclouds/pointcloud_176.laz,499447,362400.0,6670700.0,36.757,362499.999,6670799.999,93.114,99.99900000001071,99.99899999983609,56.357000000000006,49.94569890906013,"[0.0, 7882.0, 43731.0, 54562.53999999998, 65535.0]","[1.0, 1.0, 1.0, 4.0, 8.0]","[1.0, 1.0, 2.0, 5.0, 8.0]",global_ECLAIR_intensity,global_ECLAIR_return_number,global_ECLAIR_number_of_returns,global_ECLAIR_class
ECLAIR,/csehome/m23csa510/lidar_experiments/datasets/eclair/pointclouds/pointcloud_177.laz,53402,362400.0,6670800.0,36.313,362481.605,6670853.338,54.626999999999995,81.60499999998137,53.338000000454485,18.313999999999993,12.268854788320375,"[10865.0, 14703.04, 45653.0, 52120.979999999996, 65535.0]","[1.0, 1.0, 1.0, 3.0, 6.0]","[1.0, 1.0, 1.0, 4.0, 6.0]",global_ECLAIR_intensity,global_ECLAIR_return_number,global_ECLAIR_number_of_returns,global_ECLAIR_class
ECLAIR,/csehome/m23csa510/lidar_experiments/datasets/eclair/pointclouds/pointcloud_178.laz,7651,362400.0,6672975.909,32.215,362429.235,6672999.999,39.477000000000004,29.23499999998603,24.08999999985099,7.2620000000000005,10.863713500192336,"[13742.0, 15681.5, 39581.0, 50682.5, 54286.0]","[1.0, 1.0, 1.0, 4.0, 5.0]","[1.0, 1.0, 2.0, 4.0, 5.0]",global_ECLAIR_intensity,global_ECLAIR_return_number,global_ECLAIR_number_of_returns,global_ECLAIR_class
ECLAIR,/csehome/m23csa510/lidar_experiments/datasets/eclair/pointclouds/pointcloud_179.laz,258707,362400.0,6673000.0,31.901,362499.999,6673099.999,58.422,99.99900000001071,99.99899999983609,26.520999999999997,25.87121742180095,"[4666.0, 10512.0, 42917.0, 54191.0, 58154.0]","[1.0, 1.0, 1.0, 4.0, 7.0]","[1.0, 1.0, 2.0, 5.0, 7.0]",global_ECLAIR_intensity,global_ECLAIR_return_number,global_ECLAIR_number_of_returns,global_ECLAIR_class
ECLAIR,/csehome/m23csa510/lidar_experiments/datasets/eclair/pointclouds/pointcloud_18.laz,144624,360623.226,6671900.003,35.582,360699.999,6671999.999,58.929,76.7729999999865,99.99600000027567,23.347,18.83862623461821,"[11431.0, 15468.92, 36599.0, 50800.0, 56022.0]","[1.0, 1.0, 1.0, 4.0, 7.0]","[1.0, 1.0, 2.0, 4.0, 7.0]",global_ECLAIR_intensity,global_ECLAIR_return_number,global_ECLAIR_number_of_returns,global_ECLAIR_class
ECLAIR,/csehome/m23csa510/lidar_experiments/datasets/eclair/pointclouds/pointcloud_180.laz,454391,362400.0,6673100.0,32.045,362499.999,6673199.999,105.167,99.99900000001071,99.99899999983609,73.122,45.44000879570153,"[2893.0, 10092.0, 46949.0, 54267.0, 65535.0]","[1.0, 1.0, 1.0, 4.0, 8.0]","[1.0, 1.0, 1.0, 5.0, 8.0]",global_ECLAIR_intensity,global_ECLAIR_return_number,global_ECLAIR_number_of_returns,global_ECLAIR_class
ECLAIR,/csehome/m23csa510/lidar_experiments/datasets/eclair/pointclouds/pointcloud_181.laz,402235,362400.0,6673200.0,24.002,362499.999,6673299.999,79.685,99.99900000001071,99.99899999983609,55.68300000000001,40.22430448212884,"[6428.0, 12802.0, 42740.0, 53038.0, 65535.0]","[1.0, 1.0, 1.0, 4.0, 8.0]","[1.0, 1.0, 1.0, 5.0, 8.0]",global_ECLAIR_intensity,global_ECLAIR_return_number,global_ECLAIR_number_of_returns,global_ECLAIR_class
ECLAIR,/csehome/m23csa510/lidar_experiments/datasets/eclair/pointclouds/pointcloud_182.laz,156222,362400.011,6673300.0,31.147,362499.999,6673399.99,61.354,99.98800000001211,99.99000000022352,30.207,15.62563745269513,"[10950.0, 15992.0, 37651.0, 49496.79000000001, 56660.0]","[1.0, 1.0, 1.0, 4.0, 7.0]","[1.0, 1.0, 2.0, 5.0, 7.0]",global_ECLAIR_intensity,global_ECLAIR_return_number,global_ECLAIR_number_of_returns,global_ECLAIR_class
ECLAIR,/csehome/m23csa510/lidar_experiments/datasets/eclair/pointclouds/pointcloud_183.laz,2635,362475.268,6673400.005,33.481,362499.978,6673417.234,46.266,24.710000000020955,17.229000000283122,12.784999999999997,6.189389347693245,"[18182.0, 19638.02, 40086.0, 48336.37999999999, 52273.0]","[1.0, 1.0, 1.0, 4.0, 5.0]","[1.0, 1.0, 2.0, 4.0, 5.0]",global_ECLAIR_intensity,global_ECLAIR_return_number,global_ECLAIR_number_of_returns,global_ECLAIR_class
ECLAIR,/csehome/m23csa510/lidar_experiments/datasets/eclair/pointclouds/pointcloud_184.laz,209079,362500.0,6670505.094,33.74,362599.999,6670599.999,73.283,99.99900000001071,94.90500000026077,39.543,22.030566441210812,"[5273.0, 11278.0, 47795.0, 51927.0, 58276.0]","[1.0, 1.0, 1.0, 4.0, 7.0]","[1.0, 1.0, 1.0, 5.0, 8.0]",global_ECLAIR_intensity,global_ECLAIR_return_number,global_ECLAIR_number_of_returns,global_ECLAIR_class
ECLAIR,/csehome/m23csa510/lidar_experiments/datasets/eclair/pointclouds/pointcloud_185.laz,512651,362500.0,6670600.0,35.353,362599.999,6670699.999,86.334,99.99900000001071,99.99899999983609,50.981,51.266125317458275,"[0.0, 8761.99, 49852.0, 54222.0, 59726.0]","[1.0, 1.0, 1.0, 4.0, 7.0]","[1.0, 1.0, 1.0, 5.0, 7.0]",global_ECLAIR_intensity,global_ECLAIR_return_number,global_ECLAIR_number_of_returns,global_ECLAIR_class
ECLAIR,/csehome/m23csa510/lidar_experiments/datasets/eclair/pointclouds/pointcloud_186.laz,285596,362500.0,6670700.0,35.578,362599.999,6670790.636,65.547,99.99900000001071,90.6359999999404,29.968999999999994,31.510531796274893,"[2529.0, 8966.0, 40067.0, 53077.04999999999, 63211.0]","[1.0, 1.0, 1.0, 4.0, 8.0]","[1.0, 1.0, 2.0, 5.0, 8.0]",global_ECLAIR_intensity,global_ECLAIR_return_number,global_ECLAIR_number_of_returns,global_ECLAIR_class
ECLAIR,/csehome/m23csa510/lidar_experiments/datasets/eclair/pointclouds/pointcloud_187.laz,20630,362500.0,6673055.893,33.13,362551.94,6673099.998,41.221000000000004,51.94000000000233,44.10499999951571,8.091000000000001,9.00553371067477,"[13219.0, 19721.44, 47149.5, 52747.71, 55828.0]","[1.0, 1.0, 1.0, 3.0, 6.0]","[1.0, 1.0, 1.0, 3.0, 6.0]",global_ECLAIR_intensity,global_ECLAIR_return_number,global_ECLAIR_number_of_returns,global_ECLAIR_class
ECLAIR,/csehome/m23csa510/lidar_experiments/datasets/eclair/pointclouds/pointcloud_188.laz,319548,362500.0,6673100.0,33.045,362599.996,6673199.999,78.32,99.99599999998463,99.99899999983609,45.27499999999999,31.956397807165086,"[3223.0, 12500.470000000001, 41882.0, 54055.0, 65535.0]","[1.0, 1.0, 1.0, 4.0, 7.0]","[1.0, 1.0, 2.0, 5.0, 7.0]",global_ECLAIR_intensity,global_ECLAIR_return_number,global_ECLAIR_number_of_returns,global_ECLAIR_class
ECLAIR,/csehome/m23csa510/lidar_experiments/datasets/eclair/pointclouds/pointcloud_189.laz,502530,362500.0,6673200.0,33.855,362599.999,6673299.999,123.187,99.99900000001071,99.99899999983609,89.332,50.25400507515309,"[470.0, 11473.99, 45365.0, 54553.0, 65535.0]","[1.0, 1.0, 1.0, 4.0, 8.0]","[1.0, 1.0, 1.0, 5.0, 8.0]",global_ECLAIR_intensity,global_ECLAIR_return_number,global_ECLAIR_number_of_returns,global_ECLAIR_class
ECLAIR,/csehome/m23csa510/lidar_experiments/datasets/eclair/pointclouds/pointcloud_19.laz,566475,360600.0,6672000.0,43.058,360699.999,6672099.999,111.21600000000001,99.99900000001071,99.99899999983609,68.15800000000002,56.64863296708126,"[2561.0, 9740.99, 38880.5, 53674.0, 57570.0]","[1.0, 1.0, 1.0, 4.0, 7.0]","[1.0, 1.0, 2.0, 4.0, 7.0]",global_ECLAIR_intensity,global_ECLAIR_return_number,global_ECLAIR_number_of_returns,global_ECLAIR_class
ECLAIR,/csehome/m23csa510/lidar_experiments/datasets/eclair/pointclouds/pointcloud_190.laz,472389,362500.0,6673300.0,34.131,362599.999,6673399.999,120.184,99.99900000001071,99.99899999983609,86.053,47.239844792244234,"[2894.0, 12575.0, 40020.0, 52983.0, 65535.0]","[1.0, 1.0, 1.0, 4.0, 8.0]","[1.0, 1.0, 2.0, 5.0, 8.0]",global_ECLAIR_intensity,global_ECLAIR_return_number,global_ECLAIR_number_of_returns,global_ECLAIR_class
ECLAIR,/csehome/m23csa510/lidar_experiments/datasets/eclair/pointclouds/pointcloud_191.laz,130777,362500.005,6673400.0,35.311,362599.999,6673499.839,77.174,99.99400000000605,99.83899999968708,41.86300000000001,13.099575024912854,"[10840.0, 14919.52, 37762.0, 50730.240000000005, 55277.0]","[1.0, 1.0, 1.0, 4.0, 6.0]","[1.0, 1.0, 2.0, 4.0, 6.0]",global_ECLAIR_intensity,global_ECLAIR_return_number,global_ECLAIR_number_of_returns,global_ECLAIR_class
ECLAIR,/csehome/m23csa510/lidar_experiments/datasets/eclair/pointclouds/pointcloud_192.laz,243,362575.945,6673500.034,31.459,362599.866,6673534.891,49.535,23.92099999997299,34.85699999984354,18.075999999999997,0.2914317982741007,"[18886.0, 19471.94, 27686.0, 46461.659999999996, 48540.0]","[1.0, 1.0, 3.0, 5.0, 6.0]","[1.0, 2.0, 3.0, 6.0, 6.0]",global_ECLAIR_intensity,global_ECLAIR_return_number,global_ECLAIR_number_of_returns,global_ECLAIR_class
ECLAIR,/csehome/m23csa510/lidar_experiments/datasets/eclair/pointclouds/pointcloud_193.laz,35696,362612.47,6670465.031,30.394,362699.996,6670499.999,48.597,87.52600000001257,34.967999999411404,18.203000000000003,11.663037663813116,"[12969.0, 15619.0, 40547.0, 50686.05, 52863.0]","[1.0, 1.0, 1.0, 4.0, 7.0]","[1.0, 1.0, 1.0, 5.0, 7.0]",global_ECLAIR_intensity,global_ECLAIR_return_number,global_ECLAIR_number_of_returns,global_ECLAIR_class
ECLAIR,/csehome/m23csa510/lidar_experiments/datasets/eclair/pointclouds/pointcloud_194.laz,375785,362600.001,6670500.0,30.651,362699.999,6670599.999,75.066,99.99800000002142,99.99899999983609,44.415000000000006,37.57962738135906,"[1613.0, 11704.68, 48110.0, 52321.159999999974, 65535.0]","[1.0, 1.0, 1.0, 4.0, 7.0]","[1.0, 1.0, 1.0, 5.0, 7.0]",global_ECLAIR_intensity,global_ECLAIR_return_number,global_ECLAIR_number_of_returns,global_ECLAIR_class
ECLAIR,/csehome/m23csa510/lidar_experiments/datasets/eclair/pointclouds/pointcloud_195.laz,393362,362600.0,6670600.0,31.091,362699.999,6670699.999,97.527,99.99900000001071,99.99899999983609,66.436,39.33698673586128,"[2835.0, 9893.61, 49273.0, 53978.0, 64201.0]","[1.0, 1.0, 1.0, 4.0, 7.0]","[1.0, 1.0, 1.0, 4.0, 7.0]",global_ECLAIR_intensity,global_ECLAIR_return_number,global_ECLAIR_number_of_returns,global_ECLAIR_class
ECLAIR,/csehome/m23csa510/lidar_experiments/datasets/eclair/pointclouds/pointcloud_196.laz,73049,362600.001,6670700.0,33.879,362699.997,6670750.247,41.886,99.99599999998463,50.247000000439584,8.007000000000005,14.538563909537924,"[14944.0, 39583.84, 50443.0, 52574.0, 54659.0]","[1.0, 1.0, 1.0, 1.0, 5.0]","[1.0, 1.0, 1.0, 2.0, 5.0]",global_ECLAIR_intensity,global_ECLAIR_return_number,global_ECLAIR_number_of_returns,global_ECLAIR_class
ECLAIR,/csehome/m23csa510/lidar_experiments/datasets/eclair/pointclouds/pointcloud_197.laz,34770,362600.003,6673150.188,39.062,362659.702,6673199.998,59.525999999999996,59.698999999964144,49.80999999959022,20.464,11.692869225375707,"[14098.0, 16969.38, 41844.5, 52303.31, 55696.0]","[1.0, 1.0, 1.0, 4.0, 7.0]","[1.0, 1.0, 2.0, 4.0, 7.0]",global_ECLAIR_intensity,global_ECLAIR_return_number,global_ECLAIR_number_of_returns,global_ECLAIR_class
ECLAIR,/csehome/m23csa510/lidar_experiments/datasets/eclair/pointclouds/pointcloud_198.laz,390868,362600.0,6673200.003,41.321,362699.999,6673299.999,79.447,99.99900000001071,99.99600000027567,38.126000000000005,39.088754421973654,"[5116.0, 12102.0, 39396.0, 53615.330000000016, 65302.0]","[1.0, 1.0, 1.0, 4.0, 8.0]","[1.0, 1.0, 2.0, 5.0, 8.0]",global_ECLAIR_intensity,global_ECLAIR_return_number,global_ECLAIR_number_of_returns,global_ECLAIR_class
ECLAIR,/csehome/m23csa510/lidar_experiments/datasets/eclair/pointclouds/pointcloud_199.laz,529322,362600.0,6673300.0,49.003,362699.999,6673399.999,118.061,99.99900000001071,99.99899999983609,69.058,52.93325865996097,"[660.0, 10348.99, 45534.0, 54328.0, 65535.0]","[1.0, 1.0, 1.0, 4.0, 7.0]","[1.0, 1.0, 1.0, 5.0, 7.0]",global_ECLAIR_intensity,global_ECLAIR_return_number,global_ECLAIR_number_of_returns,global_ECLAIR_class
ECLAIR,/csehome/m23csa510/lidar_experiments/datasets/eclair/pointclouds/pointcloud_2.laz,2524,360385.546,6672000.0,57.493,360399.997,6672045.291,69.13499999999999,14.451000000000931,45.291000000201166,11.641999999999989,3.856377495189687,"[10440.0, 12292.44, 33450.5, 53257.77, 54242.0]","[1.0, 1.0, 2.0, 5.0, 6.0]","[1.0, 1.0, 3.0, 5.0, 6.0]",global_ECLAIR_intensity,global_ECLAIR_return_number,global_ECLAIR_number_of_returns,global_ECLAIR_class
ECLAIR,/csehome/m23csa510/lidar_experiments/datasets/eclair/pointclouds/pointcloud_20.laz,647268,360600.0,6672100.0,51.489000000000004,360699.999,6672199.999,117.218,99.99900000001071,99.99899999983609,65.729,64.72809455551746,"[1484.0, 6705.99, 39192.0, 53701.01000000001, 59284.0]","[1.0, 1.0, 1.0, 4.0, 7.0]","[1.0, 1.0, 2.0, 5.0, 7.0]",global_ECLAIR_intensity,global_ECLAIR_return_number,global_ECLAIR_number_of_returns,global_ECLAIR_class
ECLAIR,/csehome/m23csa510/lidar_experiments/datasets/eclair/pointclouds/pointcloud_200.laz,451597,362600.0,6673400.0,39.025999999999996,362699.999,6673499.999,83.592,99.99900000001071,99.99899999983609,44.566,45.16060320761728,"[4802.0, 10596.96, 40006.0, 53048.03999999998, 59299.0]","[1.0, 1.0, 1.0, 4.0, 7.0]","[1.0, 1.0, 2.0, 5.0, 7.0]",global_ECLAIR_intensity,global_ECLAIR_return_number,global_ECLAIR_number_of_returns,global_ECLAIR_class
ECLAIR,/csehome/m23csa510/lidar_experiments/datasets/eclair/pointclouds/pointcloud_201.laz,170599,362600.169,6673500.0,29.999,362699.999,6673599.999,82.949,99.8300000000163,99.99899999983609,52.95,17.08912210831532,"[7776.0, 13405.0, 33144.0, 48725.07999999996, 55793.0]","[1.0, 1.0, 2.0, 5.0, 8.0]","[1.0, 1.0, 2.0, 5.0, 8.0]",global_ECLAIR_intensity,global_ECLAIR_return_number,global_ECLAIR_number_of_returns,global_ECLAIR_class
ECLAIR,/csehome/m23csa510/lidar_experiments/datasets/eclair/pointclouds/pointcloud_202.laz,8881,362657.799,6673600.002,28.896,362699.998,6673644.108,49.202,42.19900000002235,44.105999999679625,20.305999999999997,4.771578108621488,"[17901.0, 19949.4, 35493.0, 49024.40000000001, 52334.0]","[1.0, 1.0, 2.0, 4.0, 7.0]","[1.0, 1.0, 2.0, 5.0, 7.0]",global_ECLAIR_intensity,global_ECLAIR_return_number,global_ECLAIR_number_of_returns,global_ECLAIR_class
ECLAIR,/csehome/m23csa510/lidar_experiments/datasets/eclair/pointclouds/pointcloud_203.laz,143984,362700.0,6670429.225,27.596,362799.999,6670499.999,60.333,99.99900000001071,70.77400000020862,32.736999999999995,20.344397639522807,"[8181.0, 12060.0, 35827.5, 50372.0, 55560.0]","[1.0, 1.0, 1.0, 5.0, 8.0]","[1.0, 1.0, 2.0, 5.0, 8.0]",global_ECLAIR_intensity,global_ECLAIR_return_number,global_ECLAIR_number_of_returns,global_ECLAIR_class
ECLAIR,/csehome/m23csa510/lidar_experiments/datasets/eclair/pointclouds/pointcloud_204.laz,437324,362700.0,6670500.0,29.195,362799.999,6670599.999,101.997,99.99900000001071,99.99899999983609,72.80199999999999,43.7332746611869,"[3716.0, 11338.0, 47315.0, 53768.0, 65535.0]","[1.0, 1.0, 1.0, 4.0, 7.0]","[1.0, 1.0, 1.0, 4.0, 7.0]",global_ECLAIR_intensity,global_ECLAIR_return_number,global_ECLAIR_number_of_returns,global_ECLAIR_class
ECLAIR,/csehome/m23csa510/lidar_experiments/datasets/eclair/pointclouds/pointcloud_205.laz,279719,362700.0,6670600.0,28.895,362799.999,6670699.999,98.798,99.99900000001071,99.99899999983609,69.903,27.972459446434538,"[9421.0, 22742.0, 50429.0, 53123.0, 60436.0]","[1.0, 1.0, 1.0, 2.0, 5.0]","[1.0, 1.0, 1.0, 3.0, 5.0]",global_ECLAIR_intensity,global_ECLAIR_return_number,global_ECLAIR_number_of_returns,global_ECLAIR_class
ECLAIR,/csehome/m23csa510/lidar_experiments/datasets/eclair/pointclouds/pointcloud_206.laz,10912,362700.0,6670700.0,31.101,362768.787,6670718.417,35.978,68.78700000001118,18.41700000036508,4.8770000000000024,8.613488935523069,"[15267.0, 25284.06, 46881.0, 52486.139999999985, 59447.0]","[1.0, 1.0, 1.0, 2.0, 5.0]","[1.0, 1.0, 1.0, 2.0, 5.0]",global_ECLAIR_intensity,global_ECLAIR_return_number,global_ECLAIR_number_of_returns,global_ECLAIR_class
ECLAIR,/csehome/m23csa510/lidar_experiments/datasets/eclair/pointclouds/pointcloud_207.laz,25204,362700.001,6673241.588,48.994,362746.029,6673299.999,74.88499999999999,46.02799999999115,58.4109999993816,25.89099999999999,9.374599545989854,"[12143.0, 14783.09, 37227.0, 51819.0, 57298.0]","[1.0, 1.0, 2.0, 4.0, 7.0]","[1.0, 1.0, 2.0, 5.0, 7.0]",global_ECLAIR_intensity,global_ECLAIR_return_number,global_ECLAIR_number_of_returns,global_ECLAIR_class
ECLAIR,/csehome/m23csa510/lidar_experiments/datasets/eclair/pointclouds/pointcloud_208.laz,339839,362700.0,6673300.001,54.385999999999996,362799.998,6673399.999,81.35300000000001,99.99800000002142,99.99799999967217,26.967000000000013,33.9852593968859,"[4960.0, 11683.0, 39991.0, 53322.0, 60959.0]","[1.0, 1.0, 1.0, 4.0, 8.0]","[1.0, 1.0, 2.0, 5.0, 8.0]",global_ECLAIR_intensity,global_ECLAIR_return_number,global_ECLAIR_number_of_returns,global_ECLAIR_class
ECLAIR,/csehome/m23csa510/lidar_experiments/datasets/eclair/pointclouds/pointcloud_209.laz,580420,362700.0,6673400.0,51.947,362799.999,6673499.999,132.901,99.99900000001071,99.99899999983609,80.95400000000001,58.04316085750175,"[1363.0, 9398.99, 43633.0, 54164.01000000001, 59027.0]","[1.0, 1.0, 1.0, 4.0, 8.0]","[1.0, 1.0, 2.0, 5.0, 8.0]",global_ECLAIR_intensity,global_ECLAIR_return_number,global_ECLAIR_number_of_returns,global_ECLAIR_class
ECLAIR,/csehome/m23csa510/lidar_experiments/datasets/eclair/pointclouds/pointcloud_21.laz,31268,360600.0,6672200.0,57.339,360699.984,6672227.053,81.479,99.98399999999674,27.053000000305474,24.14,11.559902295581558,"[9341.0, 12378.02, 36576.0, 52870.659999999996, 58429.0]","[1.0, 1.0, 2.0, 4.0, 7.0]","[1.0, 1.0, 2.0, 5.0, 7.0]",global_ECLAIR_intensity,global_ECLAIR_return_number,global_ECLAIR_number_of_returns,global_ECLAIR_class
ECLAIR,/csehome/m23csa510/lidar_experiments/datasets/eclair/pointclouds/pointcloud_210.laz,559013,362700.0,6673500.0,29.479,362799.999,6673599.999,124.82300000000001,99.99900000001071,99.99899999983609,95.34400000000001,55.902418042856254,"[814.0, 10720.99, 36741.0, 52932.0, 58317.0]","[1.0, 1.0, 1.0, 4.0, 8.0]","[1.0, 1.0, 2.0, 5.0, 8.0]",global_ECLAIR_intensity,global_ECLAIR_return_number,global_ECLAIR_number_of_returns,global_ECLAIR_class
ECLAIR,/csehome/m23csa510/lidar_experiments/datasets/eclair/pointclouds/pointcloud_211.laz,285019,362700.0,6673600.0,28.823999999999998,362799.999,6673699.997,61.726,99.99900000001071,99.99700000043958,32.902,28.50304011292526,"[11427.0, 15660.0, 34624.0, 49366.0, 54935.0]","[1.0, 1.0, 1.0, 4.0, 8.0]","[1.0, 1.0, 2.0, 5.0, 8.0]",global_ECLAIR_intensity,global_ECLAIR_return_number,global_ECLAIR_number_of_returns,global_ECLAIR_class
ECLAIR,/csehome/m23csa510/lidar_experiments/datasets/eclair/pointclouds/pointcloud_212.laz,21731,362748.673,6673700.0,29.597,362799.999,6673744.083,54.677,51.32600000000093,44.08299999963492,25.08,9.604420147371439,"[15519.0, 17886.2, 33632.0, 45737.8, 52025.0]","[1.0, 1.0, 2.0, 4.0, 7.0]","[1.0, 1.0, 2.0, 5.0, 7.0]",global_ECLAIR_intensity,global_ECLAIR_return_number,global_ECLAIR_number_of_returns,global_ECLAIR_class
ECLAIR,/csehome/m23csa510/lidar_experiments/datasets/eclair/pointclouds/pointcloud_213.laz,426,362880.669,6670395.003,20.576999999999998,362899.915,6670399.999,21.378999999999998,19.245999999984633,4.9960000002756715,0.8019999999999996,4.430438250390753,"[19895.0, 23251.75, 43689.5, 47298.75, 47944.0]","[1.0, 1.0, 1.0, 2.0, 3.0]","[1.0, 1.0, 1.0, 2.0, 3.0]",global_ECLAIR_intensity,global_ECLAIR_return_number,global_ECLAIR_number_of_returns,global_ECLAIR_class
ECLAIR,/csehome/m23csa510/lidar_experiments/datasets/eclair/pointclouds/pointcloud_214.laz,278169,362800.0,6670400.002,20.703,362899.999,6670499.999,58.518,99.99900000001071,99.99699999950826,37.815,27.8180127122969,"[4844.0, 10430.0, 38228.0, 51130.32000000001, 56073.0]","[1.0, 1.0, 1.0, 4.0, 8.0]","[1.0, 1.0, 2.0, 5.0, 8.0]",global_ECLAIR_intensity,global_ECLAIR_return_number,global_ECLAIR_number_of_returns,global_ECLAIR_class
ECLAIR,/csehome/m23csa510/lidar_experiments/datasets/eclair/pointclouds/pointcloud_215.laz,546891,362800.0,6670500.0,29.322,362899.999,6670599.999,61.161,99.99900000001071,99.99899999983609,31.839000000000002,54.69019379849073,"[3595.0, 9039.0, 44831.0, 54424.0, 59115.0]","[1.0, 1.0, 1.0, 4.0, 8.0]","[1.0, 1.0, 2.0, 5.0, 8.0]",global_ECLAIR_intensity,global_ECLAIR_return_number,global_ECLAIR_number_of_returns,global_ECLAIR_class
ECLAIR,/csehome/m23csa510/lidar_experiments/datasets/eclair/pointclouds/pointcloud_216.laz,204236,362800.0,6670600.0,28.645,362899.999,6670689.396,56.231,99.99900000001071,89.39599999971688,27.586000000000002,22.846440822972927,"[8020.0, 13031.35, 42334.0, 53542.0, 58879.0]","[1.0, 1.0, 1.0, 4.0, 7.0]","[1.0, 1.0, 1.0, 5.0, 7.0]",global_ECLAIR_intensity,global_ECLAIR_return_number,global_ECLAIR_number_of_returns,global_ECLAIR_class
ECLAIR,/csehome/m23csa510/lidar_experiments/datasets/eclair/pointclouds/pointcloud_217.laz,22031,362800.0,6673356.708,55.756,362847.636,6673399.999,75.423,47.6359999999986,43.291000000201166,19.667,10.683198698471626,"[11949.0, 14977.9, 38817.0, 52473.90000000001, 56783.0]","[1.0, 1.0, 2.0, 4.0, 7.0]","[1.0, 1.0, 2.0, 5.0, 7.0]",global_ECLAIR_intensity,global_ECLAIR_return_number,global_ECLAIR_number_of_returns,global_ECLAIR_class
ECLAIR,/csehome/m23csa510/lidar_experiments/datasets/eclair/pointclouds/pointcloud_218.laz,360847,362800.0,6673400.0,38.199,362899.962,6673499.999,125.21600000000001,99.96199999999953,99.99899999983609,87.01700000000001,36.098778386454676,"[2928.0, 10950.46, 36378.0, 53167.0, 58968.0]","[1.0, 1.0, 2.0, 5.0, 8.0]","[1.0, 1.0, 2.0, 5.0, 8.0]",global_ECLAIR_intensity,global_ECLAIR_return_number,global_ECLAIR_number_of_returns,global_ECLAIR_class
ECLAIR,/csehome/m23csa510/lidar_experiments/datasets/eclair/pointclouds/pointcloud_219.laz,646597,362800.0,6673500.0,29.115000000000002,362899.999,6673599.999,129.175,99.99900000001071,99.99899999983609,100.06,64.66099321349724,"[3432.0, 10549.0, 36952.0, 53145.0, 58594.0]","[1.0, 1.0, 1.0, 4.0, 8.0]","[1.0, 1.0, 2.0, 5.0, 8.0]",global_ECLAIR_intensity,global_ECLAIR_return_number,global_ECLAIR_number_of_returns,global_ECLAIR_class
ECLAIR,/csehome/m23csa510/lidar_experiments/datasets/eclair/pointclouds/pointcloud_22.laz,15099,360700.0,6671681.152,32.308,360776.498,6671699.999,46.317,76.49800000002142,18.847000000067055,14.009,10.472632738387999,"[15242.0, 17080.9, 38944.0, 50203.04, 54400.0]","[1.0, 1.0, 1.0, 4.0, 6.0]","[1.0, 1.0, 2.0, 5.0, 6.0]",global_ECLAIR_intensity,global_ECLAIR_return_number,global_ECLAIR_number_of_returns,global_ECLAIR_class
ECLAIR,/csehome/m23csa510/lidar_experiments/datasets/eclair/pointclouds/pointcloud_220.laz,566084,362800.0,6673600.0,28.740000000000002,362899.999,6673699.999,124.879,99.99900000001071,99.99899999983609,96.13900000000001,56.609532185069476,"[493.0, 11843.99, 35725.0, 52939.0, 58667.0]","[1.0, 1.0, 1.0, 4.0, 8.0]","[1.0, 1.0, 2.0, 5.0, 8.0]",global_ECLAIR_intensity,global_ECLAIR_return_number,global_ECLAIR_number_of_returns,global_ECLAIR_class
ECLAIR,/csehome/m23csa510/lidar_experiments/datasets/eclair/pointclouds/pointcloud_221.laz,349834,362800.0,6673700.0,28.982,362899.999,6673799.999,61.667,99.99900000001071,99.99899999983609,32.685,34.98409967854876,"[8255.0, 14292.33, 36030.0, 50316.0, 56282.0]","[1.0, 1.0, 1.0, 4.0, 7.0]","[1.0, 1.0, 2.0, 5.0, 7.0]",global_ECLAIR_intensity,global_ECLAIR_return_number,global_ECLAIR_number_of_returns,global_ECLAIR_class
ECLAIR,/csehome/m23csa510/lidar_experiments/datasets/eclair/pointclouds/pointcloud_222.laz,24956,362854.349,6673800.0,33.264,362899.999,6673848.676,56.694,45.65000000002328,48.67599999997765,23.43,11.231022897047096,"[13238.0, 16050.0, 38485.0, 49431.45, 65535.0]","[1.0, 1.0, 1.0, 4.0, 7.0]","[1.0, 1.0, 2.0, 4.0, 7.0]",global_ECLAIR_intensity,global_ECLAIR_return_number,global_ECLAIR_number_of_returns,global_ECLAIR_class
ECLAIR,/csehome/m23csa510/lidar_experiments/datasets/eclair/pointclouds/pointcloud_223.laz,12947,362900.011,6670378.868,18.758,362999.99,6670399.999,33.844,99.97899999999208,21.131000000052154,15.086000000000002,6.128304122403905,"[16558.0, 18575.22, 34499.0, 46370.54, 52690.0]","[1.0, 1.0, 2.0, 4.0, 6.0]","[1.0, 1.0, 2.0, 5.0, 6.0]",global_ECLAIR_intensity,global_ECLAIR_return_number,global_ECLAIR_number_of_returns,global_ECLAIR_class
ECLAIR,/csehome/m23csa510/lidar_experiments/datasets/eclair/pointclouds/pointcloud_224.laz,283182,362900.0,6670400.0,18.689,362999.999,6670499.999,56.465,99.99900000001071,99.99899999983609,37.776,28.31876637253896,"[5116.0, 14050.0, 42743.0, 52280.0, 56135.0]","[1.0, 1.0, 1.0, 4.0, 8.0]","[1.0, 1.0, 1.0, 5.0, 8.0]",global_ECLAIR_intensity,global_ECLAIR_return_number,global_ECLAIR_number_of_returns,global_ECLAIR_class
ECLAIR,/csehome/m23csa510/lidar_experiments/datasets/eclair/pointclouds/pointcloud_225.laz,437387,362900.0,6670500.0,19.505,362999.999,6670599.999,69.626,99.99900000001071,99.99899999983609,50.12100000000001,43.73957478718879,"[2399.0, 10324.0, 45827.0, 53986.0, 58154.0]","[1.0, 1.0, 1.0, 4.0, 8.0]","[1.0, 1.0, 1.0, 5.0, 8.0]",global_ECLAIR_intensity,global_ECLAIR_return_number,global_ECLAIR_number_of_returns,global_ECLAIR_class
ECLAIR,/csehome/m23csa510/lidar_experiments/datasets/eclair/pointclouds/pointcloud_226.laz,120897,362900.0,6670600.0,26.985,362999.999,6670655.894,51.141000000000005,99.99900000001071,55.894000000320375,24.156000000000006,21.62990821579846,"[9984.0, 14379.92, 42475.0, 52189.03999999999, 57495.0]","[1.0, 1.0, 1.0, 4.0, 8.0]","[1.0, 1.0, 1.0, 5.0, 8.0]",global_ECLAIR_intensity,global_ECLAIR_return_number,global_ECLAIR_number_of_returns,global_ECLAIR_class
ECLAIR,/csehome/m23csa510/lidar_experiments/datasets/eclair/pointclouds/pointcloud_227.laz,24729,362900.006,6673434.317,36.943,362957.552,6673499.999,55.657,57.5460000000312,65.6820000000298,18.714,6.5425197860797715,"[15705.0, 19792.28, 46280.0, 49850.16, 52573.0]","[1.0, 1.0, 1.0, 4.0, 7.0]","[1.0, 1.0, 1.0, 4.0, 7.0]",global_ECLAIR_intensity,global_ECLAIR_return_number,global_ECLAIR_number_of_returns,global_ECLAIR_class
ECLAIR,/csehome/m23csa510/lidar_experiments/datasets/eclair/pointclouds/pointcloud_228.laz,239465,362900.0,6673500.002,29.396,362999.999,6673599.999,53.504000000000005,99.99900000001071,99.99699999950826,24.108000000000004,23.947457891246604,"[10972.0, 16488.0, 43509.0, 52231.359999999986, 56216.0]","[1.0, 1.0, 1.0, 4.0, 7.0]","[1.0, 1.0, 1.0, 4.0, 7.0]",global_ECLAIR_intensity,global_ECLAIR_return_number,global_ECLAIR_number_of_returns,global_ECLAIR_class
ECLAIR,/csehome/m23csa510/lidar_experiments/datasets/eclair/pointclouds/pointcloud_229.laz,547543,362900.0,6673600.0,28.692,362999.999,6673699.999,126.495,99.99900000001071,99.99899999983609,97.803,54.7553951025104,"[276.0, 11776.0, 36762.0, 53147.0, 58496.0]","[1.0, 1.0, 1.0, 5.0, 8.0]","[1.0, 1.0, 2.0, 5.0, 8.0]",global_ECLAIR_intensity,global_ECLAIR_return_number,global_ECLAIR_number_of_returns,global_ECLAIR_class
ECLAIR,/csehome/m23csa510/lidar_experiments/datasets/eclair/pointclouds/pointcloud_23.laz,396246,360700.0,6671700.001,29.845,360799.999,6671799.999,88.831,99.99900000001071,99.99799999967217,58.986000000000004,39.625788765863476,"[6181.0, 11493.45, 38008.0, 53714.0, 65535.0]","[1.0, 1.0, 1.0, 4.0, 8.0]","[1.0, 1.0, 2.0, 5.0, 8.0]",global_ECLAIR_intensity,global_ECLAIR_return_number,global_ECLAIR_number_of_returns,global_ECLAIR_class
ECLAIR,/csehome/m23csa510/lidar_experiments/datasets/eclair/pointclouds/pointcloud_230.laz,420719,362900.0,6673700.0,28.668,362999.999,6673799.999,111.455,99.99900000001071,99.99899999983609,82.787,42.072741450686195,"[4538.0, 11921.0, 44650.0, 54108.0, 65535.0]","[1.0, 1.0, 1.0, 4.0, 7.0]","[1.0, 1.0, 1.0, 5.0, 8.0]",global_ECLAIR_intensity,global_ECLAIR_return_number,global_ECLAIR_number_of_returns,global_ECLAIR_class
ECLAIR,/csehome/m23csa510/lidar_experiments/datasets/eclair/pointclouds/pointcloud_231.laz,281347,362900.0,6673800.0,30.402,362999.999,6673899.999,58.146,99.99900000001071,99.99899999983609,27.744,28.135262702483626,"[6422.0, 14510.0, 44568.0, 50173.0, 56223.0]","[1.0, 1.0, 1.0, 4.0, 7.0]","[1.0, 1.0, 1.0, 4.0, 7.0]",global_ECLAIR_intensity,global_ECLAIR_return_number,global_ECLAIR_number_of_returns,global_ECLAIR_class
ECLAIR,/csehome/m23csa510/lidar_experiments/datasets/eclair/pointclouds/pointcloud_232.laz,22733,362954.386,6673900.0,37.651,362999.999,6673947.548,39.229,45.61300000001211,47.54800000041723,1.5779999999999959,10.481799808102458,"[36641.0, 42727.0, 45672.0, 49338.72, 51787.0]","[1.0, 1.0, 1.0, 1.0, 1.0]","[1.0, 1.0, 1.0, 1.0, 1.0]",global_ECLAIR_intensity,global_ECLAIR_return_number,global_ECLAIR_number_of_returns,global_ECLAIR_class
ECLAIR,/csehome/m23csa510/lidar_experiments/datasets/eclair/pointclouds/pointcloud_233.laz,1086,362991.746,6677535.453,47.028999999999996,362999.984,6677599.975,50.519,8.238000000012107,64.52199999988079,3.490000000000002,2.0431498344728998,"[29168.0, 32934.15, 42347.5, 46528.950000000004, 48683.0]","[1.0, 1.0, 1.0, 2.0, 3.0]","[1.0, 1.0, 1.0, 2.0, 3.0]",global_ECLAIR_intensity,global_ECLAIR_return_number,global_ECLAIR_number_of_returns,global_ECLAIR_class
ECLAIR,/csehome/m23csa510/lidar_experiments/datasets/eclair/pointclouds/pointcloud_234.laz,1035,362992.001,6677600.021,47.262,362999.994,6677665.569,47.755,7.993000000016764,65.54800000041723,0.4930000000000021,1.9754729703939955,"[39561.0, 40602.58, 42734.0, 46026.1, 47261.0]","[1.0, 1.0, 1.0, 1.0, 2.0]","[1.0, 1.0, 1.0, 1.0, 2.0]",global_ECLAIR_intensity,global_ECLAIR_return_number,global_ECLAIR_number_of_returns,global_ECLAIR_class
ECLAIR,/csehome/m23csa510/lidar_experiments/datasets/eclair/pointclouds/pointcloud_235.laz,37165,363000.001,6670376.63,18.788999999999998,363099.999,6670399.999,36.4,99.99800000002142,23.368999999947846,17.611,15.903865511977955,"[16293.0, 18662.2, 41652.0, 48088.08, 52184.0]","[1.0, 1.0, 1.0, 4.0, 6.0]","[1.0, 1.0, 1.0, 4.0, 6.0]",global_ECLAIR_intensity,global_ECLAIR_return_number,global_ECLAIR_number_of_returns,global_ECLAIR_class
ECLAIR,/csehome/m23csa510/lidar_experiments/datasets/eclair/pointclouds/pointcloud_236.laz,334227,363000.001,6670400.0,18.561,363099.999,6670499.999,40.762,99.99800000002142,99.99899999983609,22.201,33.42370270444402,"[8309.0, 13666.0, 39576.0, 50647.73999999999, 57735.0]","[1.0, 1.0, 1.0, 4.0, 7.0]","[1.0, 1.0, 2.0, 5.0, 7.0]",global_ECLAIR_intensity,global_ECLAIR_return_number,global_ECLAIR_number_of_returns,global_ECLAIR_class
ECLAIR,/csehome/m23csa510/lidar_experiments/datasets/eclair/pointclouds/pointcloud_237.laz,356763,363000.0,6670500.0,18.645,363099.999,6670599.999,99.662,99.99900000001071,99.99899999983609,81.01700000000001,35.67701353675769,"[1172.0, 13625.0, 45836.0, 54353.0, 65535.0]","[1.0, 1.0, 1.0, 4.0, 8.0]","[1.0, 1.0, 1.0, 5.0, 8.0]",global_ECLAIR_intensity,global_ECLAIR_return_number,global_ECLAIR_number_of_returns,global_ECLAIR_class
ECLAIR,/csehome/m23csa510/lidar_experiments/datasets/eclair/pointclouds/pointcloud_238.laz,97766,363000.001,6670600.0,20.102,363099.999,6670651.361,34.433,99.99800000002142,51.360999999567866,14.331,19.035446225717727,"[14768.0, 19909.95, 46139.0, 52451.350000000006, 56342.0]","[1.0, 1.0, 1.0, 3.0, 7.0]","[1.0, 1.0, 1.0, 4.0, 7.0]",global_ECLAIR_intensity,global_ECLAIR_return_number,global_ECLAIR_number_of_returns,global_ECLAIR_class
ECLAIR,/csehome/m23csa510/lidar_experiments/datasets/eclair/pointclouds/pointcloud_239.laz,11094,363000.0,6673559.527,29.252,363036.928,6673599.999,44.383,36.928000000014435,40.472000000067055,15.131000000000004,7.422970045304448,"[17985.0, 21024.95, 46282.5, 49938.0, 51986.0]","[1.0, 1.0, 1.0, 3.0, 5.0]","[1.0, 1.0, 1.0, 3.0, 5.0]",global_ECLAIR_intensity,global_ECLAIR_return_number,global_ECLAIR_number_of_returns,global_ECLAIR_class
ECLAIR,/csehome/m23csa510/lidar_experiments/datasets/eclair/pointclouds/pointcloud_24.laz,710212,360700.0,6671800.0,29.91,360799.999,6671899.999,96.90100000000001,99.99900000001071,99.99899999983609,66.99100000000001,71.02262044541546,"[2960.0, 9755.0, 41134.0, 54629.01000000001, 65535.0]","[1.0, 1.0, 1.0, 4.0, 8.0]","[1.0, 1.0, 2.0, 5.0, 8.0]",global_ECLAIR_intensity,global_ECLAIR_return_number,global_ECLAIR_number_of_returns,global_ECLAIR_class
ECLAIR,/csehome/m23csa510/lidar_experiments/datasets/eclair/pointclouds/pointcloud_240.laz,223314,363000.0,6673600.0,28.692,363099.939,6673699.999,55.702,99.93900000001304,99.99899999983609,27.009999999999998,22.34525392115876,"[9172.0, 14472.130000000001, 34858.5, 50581.869999999995, 56534.0]","[1.0, 1.0, 2.0, 5.0, 7.0]","[1.0, 1.0, 3.0, 5.0, 7.0]",global_ECLAIR_intensity,global_ECLAIR_return_number,global_ECLAIR_number_of_returns,global_ECLAIR_class
ECLAIR,/csehome/m23csa510/lidar_experiments/datasets/eclair/pointclouds/pointcloud_241.laz,360463,363000.0,6673700.0,28.692,363099.998,6673799.999,57.769000000000005,99.99800000002142,99.99899999983609,29.077000000000005,36.04738141428432,"[6884.0, 15566.0, 47132.0, 55144.0, 57997.0]","[1.0, 1.0, 1.0, 4.0, 7.0]","[1.0, 1.0, 1.0, 5.0, 7.0]",global_ECLAIR_intensity,global_ECLAIR_return_number,global_ECLAIR_number_of_returns,global_ECLAIR_class
ECLAIR,/csehome/m23csa510/lidar_experiments/datasets/eclair/pointclouds/pointcloud_242.laz,403235,363000.0,6673800.0,28.87,363099.999,6673899.999,73.54599999999999,99.99900000001071,99.99899999983609,44.67599999999999,40.32430648215899,"[4163.0, 40597.34, 46978.0, 53105.0, 57278.0]","[1.0, 1.0, 1.0, 1.0, 2.0]","[1.0, 1.0, 1.0, 2.0, 2.0]",global_ECLAIR_intensity,global_ECLAIR_return_number,global_ECLAIR_number_of_returns,global_ECLAIR_class
ECLAIR,/csehome/m23csa510/lidar_experiments/datasets/eclair/pointclouds/pointcloud_243.laz,288249,363000.001,6673900.0,31.164,363099.999,6673999.998,46.89,99.99800000002142,99.99799999967217,15.725999999999999,28.826053030679127,"[4330.0, 41719.48, 46127.0, 50251.0, 54344.0]","[1.0, 1.0, 1.0, 1.0, 2.0]","[1.0, 1.0, 1.0, 1.0, 2.0]",global_ECLAIR_intensity,global_ECLAIR_return_number,global_ECLAIR_number_of_returns,global_ECLAIR_class
ECLAIR,/csehome/m23csa510/lidar_experiments/datasets/eclair/pointclouds/pointcloud_244.laz,67588,363041.91,6674000.001,34.394,363099.999,6674081.075,40.785,58.08900000003632,81.07400000002235,6.390999999999998,14.351394230865797,"[16259.0, 42136.0, 45099.0, 49265.0, 52643.0]","[1.0, 1.0, 1.0, 1.0, 3.0]","[1.0, 1.0, 1.0, 1.0, 3.0]",global_ECLAIR_intensity,global_ECLAIR_return_number,global_ECLAIR_number_of_returns,global_ECLAIR_class
ECLAIR,/csehome/m23csa510/lidar_experiments/datasets/eclair/pointclouds/pointcloud_245.laz,1447,363060.938,6677340.068,40.291,363099.998,6677399.951,73.19200000000001,39.05999999999767,59.88300000037998,32.90100000000001,0.6186325153433495,"[25715.0, 27164.18, 37696.0, 49303.119999999995, 51062.0]","[1.0, 1.0, 1.0, 3.0, 4.0]","[1.0, 1.0, 2.0, 3.0, 4.0]",global_ECLAIR_intensity,global_ECLAIR_return_number,global_ECLAIR_number_of_returns,global_ECLAIR_class
ECLAIR,/csehome/m23csa510/lidar_experiments/datasets/eclair/pointclouds/pointcloud_246.laz,21631,363018.131,6677400.057,35.254,363099.998,6677499.997,82.059,81.86700000002747,99.94000000040978,46.805,2.6437986480192373,"[22772.0, 25227.2, 40455.0, 50303.0, 54117.0]","[1.0, 1.0, 1.0, 3.0, 5.0]","[1.0, 1.0, 1.0, 3.0, 5.0]",global_ECLAIR_intensity,global_ECLAIR_return_number,global_ECLAIR_number_of_returns,global_ECLAIR_class
ECLAIR,/csehome/m23csa510/lidar_experiments/datasets/eclair/pointclouds/pointcloud_247.laz,47557,363000.001,6677500.002,21.21,363099.998,6677599.997,82.575,99.99700000003213,99.99500000011176,61.365,4.756080479297379,"[22021.0, 24848.68, 43686.0, 49272.32000000001, 53004.0]","[1.0, 1.0, 1.0, 3.0, 5.0]","[1.0, 1.0, 1.0, 3.0, 5.0]",global_ECLAIR_intensity,global_ECLAIR_return_number,global_ECLAIR_number_of_returns,global_ECLAIR_class
ECLAIR,/csehome/m23csa510/lidar_experiments/datasets/eclair/pointclouds/pointcloud_248.laz,42974,363000.017,6677600.0,18.587,363099.999,6677699.998,70.509,99.98200000001816,99.99799999967217,51.922,4.298259636466866,"[25867.0, 41422.46, 44971.0, 48786.0, 51819.0]","[1.0, 1.0, 1.0, 1.0, 2.0]","[1.0, 1.0, 1.0, 1.0, 3.0]",global_ECLAIR_intensity,global_ECLAIR_return_number,global_ECLAIR_number_of_returns,global_ECLAIR_class
ECLAIR,/csehome/m23csa510/lidar_experiments/datasets/eclair/pointclouds/pointcloud_249.laz,28548,363010.775,6677700.0,18.192,363099.997,6677799.999,76.662,89.22199999995064,99.99899999983609,58.470000000000006,3.1996912737797203,"[23803.0, 25437.35, 37698.5, 49128.53, 55975.0]","[1.0, 1.0, 1.0, 3.0, 5.0]","[1.0, 1.0, 2.0, 3.0, 5.0]",global_ECLAIR_intensity,global_ECLAIR_return_number,global_ECLAIR_number_of_returns,global_ECLAIR_class
ECLAIR,/csehome/m23csa510/lidar_experiments/datasets/eclair/pointclouds/pointcloud_25.laz,764877,360700.0,6671900.0,30.557,360799.999,6671999.999,106.292,99.99900000001071,99.99899999983609,75.735,76.4892297770638,"[1030.0, 11070.0, 37267.0, 53616.0, 57537.0]","[1.0, 1.0, 1.0, 4.0, 8.0]","[1.0, 1.0, 2.0, 5.0, 8.0]",global_ECLAIR_intensity,global_ECLAIR_return_number,global_ECLAIR_number_of_returns,global_ECLAIR_class
ECLAIR,/csehome/m23csa510/lidar_experiments/datasets/eclair/pointclouds/pointcloud_250.laz,2119,363063.376,6677800.003,42.796,363099.994,6677829.564,67.886,36.618000000016764,29.561000000685453,25.089999999999996,1.957569612999883,"[26538.0, 28215.86, 40749.0, 47149.620000000024, 49594.0]","[1.0, 1.0, 1.0, 2.0, 3.0]","[1.0, 1.0, 1.0, 3.0, 3.0]",global_ECLAIR_intensity,global_ECLAIR_return_number,global_ECLAIR_number_of_returns,global_ECLAIR_class
ECLAIR,/csehome/m23csa510/lidar_experiments/datasets/eclair/pointclouds/pointcloud_251.laz,1609,363011.136,6677981.742,42.071,363072.328,6677999.998,63.8,61.19199999998091,18.256000000052154,21.729,1.4403093139139715,"[30313.0, 37473.76, 42749.0, 47566.76, 48730.0]","[1.0, 1.0, 1.0, 1.0, 2.0]","[1.0, 1.0, 1.0, 1.0, 2.0]",global_ECLAIR_intensity,global_ECLAIR_return_number,global_ECLAIR_number_of_returns,global_ECLAIR_class
ECLAIR,/csehome/m23csa510/lidar_experiments/datasets/eclair/pointclouds/pointcloud_252.laz,32675,363004.035,6678000.003,25.361,363099.995,6678099.998,72.61,95.96000000002095,99.99500000011176,47.248999999999995,3.4052348719933234,"[22976.0, 28559.7, 44219.0, 48445.03999999999, 51926.0]","[1.0, 1.0, 1.0, 2.0, 5.0]","[1.0, 1.0, 1.0, 2.0, 5.0]",global_ECLAIR_intensity,global_ECLAIR_return_number,global_ECLAIR_number_of_returns,global_ECLAIR_class
ECLAIR,/csehome/m23csa510/lidar_experiments/datasets/eclair/pointclouds/pointcloud_253.laz,41650,363005.796,6678100.001,23.682000000000002,363099.999,6678199.997,77.161,94.20300000003772,99.99600000027567,53.479,4.42147979008218,"[22700.0, 25072.49, 36615.0, 48462.080000000016, 60718.0]","[1.0, 1.0, 1.0, 3.0, 5.0]","[1.0, 1.0, 2.0, 4.0, 5.0]",global_ECLAIR_intensity,global_ECLAIR_return_number,global_ECLAIR_number_of_returns,global_ECLAIR_class
ECLAIR,/csehome/m23csa510/lidar_experiments/datasets/eclair/pointclouds/pointcloud_254.laz,15983,363031.905,6678200.0,13.733,363099.998,6678299.937,77.059,68.09299999999348,99.93699999991804,63.32599999999999,2.348710680637711,"[23962.0, 26224.82, 40249.0, 49315.08, 52650.0]","[1.0, 1.0, 1.0, 3.0, 4.0]","[1.0, 1.0, 1.0, 3.0, 4.0]",global_ECLAIR_intensity,global_ECLAIR_return_number,global_ECLAIR_number_of_returns,global_ECLAIR_class
ECLAIR,/csehome/m23csa510/lidar_experiments/datasets/eclair/pointclouds/pointcloud_255.laz,137,363086.295,6678300.025,47.072,363099.453,6678311.55,47.945,13.157999999995809,11.524999999441206,0.8729999999999976,0.9034201045704559,"[27979.0, 28155.36, 44280.0, 47015.799999999996, 47089.0]","[1.0, 1.0, 1.0, 2.0, 3.0]","[1.0, 1.0, 1.0, 2.0, 3.0]",global_ECLAIR_intensity,global_ECLAIR_return_number,global_ECLAIR_number_of_returns,global_ECLAIR_class
ECLAIR,/csehome/m23csa510/lidar_experiments/datasets/eclair/pointclouds/pointcloud_256.laz,32508,363100.001,6670376.966,22.977,363199.998,6670399.999,40.931,99.99700000003213,23.032999999821186,17.953999999999997,14.114086427951205,"[15540.0, 18881.49, 46568.0, 49069.93, 51610.0]","[1.0, 1.0, 1.0, 3.0, 6.0]","[1.0, 1.0, 1.0, 4.0, 6.0]",global_ECLAIR_intensity,global_ECLAIR_return_number,global_ECLAIR_number_of_returns,global_ECLAIR_class
ECLAIR,/csehome/m23csa510/lidar_experiments/datasets/eclair/pointclouds/pointcloud_257.laz,275247,363100.0,6670400.0,18.544999999999998,363199.999,6670499.999,41.548,99.99900000001071,99.99899999983609,23.003000000000004,27.525250502299688,"[7443.0, 13022.92, 47873.0, 52050.0, 59831.0]","[1.0, 1.0, 1.0, 4.0, 8.0]","[1.0, 1.0, 1.0, 5.0, 8.0]",global_ECLAIR_intensity,global_ECLAIR_return_number,global_ECLAIR_number_of_returns,global_ECLAIR_class
ECLAIR,/csehome/m23csa510/lidar_experiments/datasets/eclair/pointclouds/pointcloud_258.laz,388852,363100.0,6670500.0,18.543,363199.999,6670599.999,94.938,99.99900000001071,99.99899999983609,76.39500000000001,38.88597771572529,"[4228.0, 12247.51, 40135.0, 53642.0, 65535.0]","[1.0, 1.0, 1.0, 4.0, 8.0]","[1.0, 1.0, 2.0, 5.0, 8.0]",global_ECLAIR_intensity,global_ECLAIR_return_number,global_ECLAIR_number_of_returns,global_ECLAIR_class
ECLAIR,/csehome/m23csa510/lidar_experiments/datasets/eclair/pointclouds/pointcloud_259.laz,95518,363100.001,6670600.0,18.61,363199.999,6670649.355,34.208,99.99800000002142,49.355000000447035,15.597999999999999,19.353644088202273,"[14270.0, 18207.17, 41388.5, 53158.0, 57629.0]","[1.0, 1.0, 1.0, 3.0, 6.0]","[1.0, 1.0, 2.0, 4.0, 6.0]",global_ECLAIR_intensity,global_ECLAIR_return_number,global_ECLAIR_number_of_returns,global_ECLAIR_class
ECLAIR,/csehome/m23csa510/lidar_experiments/datasets/eclair/pointclouds/pointcloud_26.laz,601971,360700.0,6672000.0,35.181,360799.999,6672099.999,104.908,99.99900000001071,99.99899999983609,69.727,60.1983039601516,"[4068.0, 9871.0, 39823.0, 54920.0, 59272.0]","[1.0, 1.0, 1.0, 4.0, 8.0]","[1.0, 1.0, 2.0, 4.0, 8.0]",global_ECLAIR_intensity,global_ECLAIR_return_number,global_ECLAIR_number_of_returns,global_ECLAIR_class
ECLAIR,/csehome/m23csa510/lidar_experiments/datasets/eclair/pointclouds/pointcloud_260.laz,1538,363090.013,6673682.013,28.889,363107.244,6673709.995,39.534,17.23100000002887,27.981999999843538,10.645,3.18982678706701,"[16279.0, 17634.66, 30539.0, 48301.459999999985, 51910.0]","[1.0, 1.0, 2.0, 5.0, 7.0]","[1.0, 1.0, 3.0, 6.0, 7.0]",global_ECLAIR_intensity,global_ECLAIR_return_number,global_ECLAIR_number_of_returns,global_ECLAIR_class
ECLAIR,/csehome/m23csa510/lidar_experiments/datasets/eclair/pointclouds/pointcloud_261.laz,71758,363100.0,6673700.077,28.652,363164.439,6673799.998,46.001,64.43900000001304,99.9210000000894,17.348999999999997,11.14460709190032,"[13979.0, 17087.0, 45468.0, 54168.0, 56862.0]","[1.0, 1.0, 1.0, 4.0, 7.0]","[1.0, 1.0, 1.0, 5.0, 7.0]",global_ECLAIR_intensity,global_ECLAIR_return_number,global_ECLAIR_number_of_returns,global_ECLAIR_class
ECLAIR,/csehome/m23csa510/lidar_experiments/datasets/eclair/pointclouds/pointcloud_262.laz,306750,363100.0,6673800.0,28.591,363199.999,6673899.999,55.308,99.99900000001071,99.99899999983609,26.717,30.67561350924962,"[6848.0, 13496.470000000001, 46450.0, 53225.0, 65535.0]","[1.0, 1.0, 1.0, 4.0, 8.0]","[1.0, 1.0, 1.0, 4.0, 8.0]",global_ECLAIR_intensity,global_ECLAIR_return_number,global_ECLAIR_number_of_returns,global_ECLAIR_class
ECLAIR,/csehome/m23csa510/lidar_experiments/datasets/eclair/pointclouds/pointcloud_263.laz,441992,363100.0,6673900.0,29.67,363199.999,6673999.999,76.50800000000001,99.99900000001071,99.99899999983609,46.83800000000001,44.20008399732765,"[799.0, 15614.82, 48386.0, 53638.0, 59377.0]","[1.0, 1.0, 1.0, 3.0, 7.0]","[1.0, 1.0, 1.0, 4.0, 7.0]",global_ECLAIR_intensity,global_ECLAIR_return_number,global_ECLAIR_number_of_returns,global_ECLAIR_class
ECLAIR,/csehome/m23csa510/lidar_experiments/datasets/eclair/pointclouds/pointcloud_264.laz,379904,363100.0,6674000.0,31.524,363199.999,6674099.999,89.661,99.99900000001071,99.99899999983609,58.137,37.991159819455476,"[2828.0, 41456.0, 48360.0, 52585.0, 55730.0]","[1.0, 1.0, 1.0, 1.0, 2.0]","[1.0, 1.0, 1.0, 2.0, 2.0]",global_ECLAIR_intensity,global_ECLAIR_return_number,global_ECLAIR_number_of_returns,global_ECLAIR_class
ECLAIR,/csehome/m23csa510/lidar_experiments/datasets/eclair/pointclouds/pointcloud_265.laz,170563,363112.687,6674100.0,37.979,363199.999,6674199.999,63.491,87.31200000003446,99.99899999983609,25.512,19.53508173530199,"[8211.0, 14817.62, 47458.0, 51165.380000000005, 56622.0]","[1.0, 1.0, 1.0, 3.0, 7.0]","[1.0, 1.0, 1.0, 4.0, 7.0]",global_ECLAIR_intensity,global_ECLAIR_return_number,global_ECLAIR_number_of_returns,global_ECLAIR_class
ECLAIR,/csehome/m23csa510/lidar_experiments/datasets/eclair/pointclouds/pointcloud_266.laz,13456,363172.803,6674200.0,39.804,363199.999,6674266.038,59.968,27.195999999996275,66.03799999970943,20.164,7.492332352894819,"[9807.0, 12804.05, 42490.0, 51901.45, 55658.0]","[1.0, 1.0, 1.0, 4.0, 7.0]","[1.0, 1.0, 1.0, 5.0, 7.0]",global_ECLAIR_intensity,global_ECLAIR_return_number,global_ECLAIR_number_of_returns,global_ECLAIR_class
ECLAIR,/csehome/m23csa510/lidar_experiments/datasets/eclair/pointclouds/pointcloud_267.laz,772,363156.643,6677277.159,41.369,363199.985,6677299.993,60.266000000000005,43.34200000000419,22.833999999798834,18.897000000000006,0.7800570312292908,"[27420.0, 28467.3, 41036.0, 47483.869999999995, 49151.0]","[1.0, 1.0, 1.0, 3.0, 3.0]","[1.0, 1.0, 1.0, 3.0, 3.0]",global_ECLAIR_intensity,global_ECLAIR_return_number,global_ECLAIR_number_of_returns,global_ECLAIR_class
ECLAIR,/csehome/m23csa510/lidar_experiments/datasets/eclair/pointclouds/pointcloud_268.laz,37153,363100.002,6677300.021,28.844,363199.999,6677399.998,79.42699999999999,99.99700000003213,99.9769999999553,50.58299999999999,3.716266203571159,"[21525.0, 24418.04, 36818.0, 48919.44000000001, 52567.0]","[1.0, 1.0, 1.0, 3.0, 6.0]","[1.0, 1.0, 2.0, 4.0, 6.0]",global_ECLAIR_intensity,global_ECLAIR_return_number,global_ECLAIR_number_of_returns,global_ECLAIR_class
ECLAIR,/csehome/m23csa510/lidar_experiments/datasets/eclair/pointclouds/pointcloud_269.laz,115158,363100.005,6677400.001,45.391999999999996,363199.999,6677499.999,84.547,99.99400000000605,99.99799999967217,39.155,11.516721323922903,"[17589.0, 20934.57, 37335.5, 50429.42999999999, 53391.0]","[1.0, 1.0, 1.0, 4.0, 7.0]","[1.0, 1.0, 2.0, 4.0, 7.0]",global_ECLAIR_intensity,global_ECLAIR_return_number,global_ECLAIR_number_of_returns,global_ECLAIR_class
ECLAIR,/csehome/m23csa510/lidar_experiments/datasets/eclair/pointclouds/pointcloud_27.laz,373659,360700.0,6672100.0,40.407,360799.998,6672199.999,77.655,99.99800000002142,99.99899999983609,37.248000000000005,37.367021003209935,"[4118.0, 10782.74, 39578.0, 54306.419999999984, 58481.0]","[1.0, 1.0, 1.0, 4.0, 7.0]","[1.0, 1.0, 2.0, 5.0, 7.0]",global_ECLAIR_intensity,global_ECLAIR_return_number,global_ECLAIR_number_of_returns,global_ECLAIR_class
ECLAIR,/csehome/m23csa510/lidar_experiments/datasets/eclair/pointclouds/pointcloud_270.laz,164044,363100.0,6677500.001,46.561,363199.999,6677599.999,82.12,99.99900000001071,99.99799999967217,35.559000000000005,16.40489214353535,"[17968.0, 20330.0, 38582.0, 52013.0, 54896.0]","[1.0, 1.0, 1.0, 4.0, 6.0]","[1.0, 1.0, 2.0, 4.0, 6.0]",global_ECLAIR_intensity,global_ECLAIR_return_number,global_ECLAIR_number_of_returns,global_ECLAIR_class
ECLAIR,/csehome/m23csa510/lidar_experiments/datasets/eclair/pointclouds/pointcloud_271.laz,178588,363100.001,6677600.0,45.322,363199.999,6677699.999,83.569,99.99800000002142,99.99899999983609,38.247,17.859335776526876,"[17232.0, 19699.0, 35809.0, 51333.0, 54630.0]","[1.0, 1.0, 1.0, 4.0, 7.0]","[1.0, 1.0, 2.0, 4.0, 7.0]",global_ECLAIR_intensity,global_ECLAIR_return_number,global_ECLAIR_number_of_returns,global_ECLAIR_class
ECLAIR,/csehome/m23csa510/lidar_experiments/datasets/eclair/pointclouds/pointcloud_272.laz,72295,363100.001,6677700.0,12.924,363199.998,6677797.219,82.386,99.99700000003213,97.21899999957532,69.46199999999999,7.4365266990362,"[17829.0, 20820.94, 34573.0, 48614.0, 52763.0]","[1.0, 1.0, 1.0, 4.0, 6.0]","[1.0, 1.0, 2.0, 4.0, 6.0]",global_ECLAIR_intensity,global_ECLAIR_return_number,global_ECLAIR_number_of_returns,global_ECLAIR_class
ECLAIR,/csehome/m23csa510/lidar_experiments/datasets/eclair/pointclouds/pointcloud_273.laz,107,363100.0,6677800.021,43.393,363105.668,6677808.211,60.007999999999996,5.668000000005122,8.190000000409782,16.614999999999995,2.3049952477148152,"[26927.0, 27699.14, 39047.0, 45979.82, 46742.0]","[1.0, 1.0, 1.0, 2.9399999999999977, 3.0]","[1.0, 1.0, 1.0, 2.9399999999999977, 3.0]",global_ECLAIR_intensity,global_ECLAIR_return_number,global_ECLAIR_number_of_returns,global_ECLAIR_class
ECLAIR,/csehome/m23csa510/lidar_experiments/datasets/eclair/pointclouds/pointcloud_274.laz,103749,363100.0,6678008.893,29.733,363199.996,6678099.999,181.028,99.99599999998463,91.10599999967963,151.295,11.388179716636207,"[6004.0, 20621.48, 37056.0, 51820.0, 54503.0]","[1.0, 1.0, 1.0, 4.0, 6.0]","[1.0, 1.0, 2.0, 4.0, 6.0]",global_ECLAIR_intensity,global_ECLAIR_return_number,global_ECLAIR_number_of_returns,global_ECLAIR_class
ECLAIR,/csehome/m23csa510/lidar_experiments/datasets/eclair/pointclouds/pointcloud_275.laz,170902,363100.0,6678100.001,14.386,363199.999,6678199.998,80.566,99.99900000001071,99.99699999950826,66.18,17.09088363030016,"[17994.0, 20665.0, 35790.0, 50976.98999999999, 53923.0]","[1.0, 1.0, 1.0, 4.0, 6.0]","[1.0, 1.0, 2.0, 4.0, 6.0]",global_ECLAIR_intensity,global_ECLAIR_return_number,global_ECLAIR_number_of_returns,global_ECLAIR_class
ECLAIR,/csehome/m23csa510/lidar_experiments/datasets/eclair/pointclouds/pointcloud_276.laz,93662,363100.003,6678200.001,22.099,363199.999,6678299.997,76.25800000000001,99.99599999998463,99.99600000027567,54.159000000000006,9.366949340935776,"[18888.0, 22222.22, 36138.0, 49028.17, 65535.0]","[1.0, 1.0, 1.0, 4.0, 7.0]","[1.0, 1.0, 2.0, 4.0, 7.0]",global_ECLAIR_intensity,global_ECLAIR_return_number,global_ECLAIR_number_of_returns,global_ECLAIR_class
ECLAIR,/csehome/m23csa510/lidar_experiments/datasets/eclair/pointclouds/pointcloud_277.laz,24877,363100.091,6678300.001,16.918,363199.999,6678399.992,74.803,99.90799999999581,99.99099999945611,57.885,2.490214910883834,"[22590.0, 25108.04, 42302.0, 50113.03999999996, 53161.0]","[1.0, 1.0, 1.0, 3.0, 5.0]","[1.0, 1.0, 1.0, 3.0, 5.0]",global_ECLAIR_intensity,global_ECLAIR_return_number,global_ECLAIR_number_of_returns,global_ECLAIR_class
ECLAIR,/csehome/m23csa510/lidar_experiments/datasets/eclair/pointclouds/pointcloud_278.laz,1268,363178.407,6678390.024,44.684,363209.99,6678409.154,47.551,31.582999999984168,19.12999999988824,2.8670000000000044,2.0987026128434465,"[28766.0, 33183.7, 44671.5, 47437.899999999994, 49975.0]","[1.0, 1.0, 1.0, 2.0, 2.0]","[1.0, 1.0, 1.0, 2.0, 2.0]",global_ECLAIR_intensity,global_ECLAIR_return_number,global_ECLAIR_number_of_returns,global_ECLAIR_class
ECLAIR,/csehome/m23csa510/lidar_experiments/datasets/eclair/pointclouds/pointcloud_279.laz,40830,363200.004,6670373.829,27.689999999999998,363299.996,6670399.999,47.669,99.99199999996927,26.169999999925494,19.979,15.60308240789519,"[14691.0, 17498.19, 46403.5, 49856.84, 54282.0]","[1.0, 1.0, 1.0, 3.0, 6.0]","[1.0, 1.0, 1.0, 4.0, 6.0]",global_ECLAIR_intensity,global_ECLAIR_return_number,global_ECLAIR_number_of_returns,global_ECLAIR_class
ECLAIR,/csehome/m23csa510/lidar_experiments/datasets/eclair/pointclouds/pointcloud_28.laz,2223,360700.044,6672200.003,54.588,360744.765,6672216.158,71.392,44.72100000001956,16.15500000026077,16.803999999999995,3.0769539326542605,"[12219.0, 14203.24, 36704.0, 52851.68000000001, 55667.0]","[1.0, 1.0, 2.0, 4.0, 5.0]","[1.0, 1.0, 2.0, 5.0, 5.0]",global_ECLAIR_intensity,global_ECLAIR_return_number,global_ECLAIR_number_of_returns,global_ECLAIR_class
ECLAIR,/csehome/m23csa510/lidar_experiments/datasets/eclair/pointclouds/pointcloud_280.laz,227318,363200.0,6670400.0,21.901,363299.999,6670499.999,107.606,99.99900000001071,99.99899999983609,85.705,22.732254642854457,"[191.0, 44702.17, 49096.0, 51308.0, 55057.0]","[1.0, 1.0, 1.0, 1.0, 2.0]","[1.0, 1.0, 1.0, 1.0, 2.0]",global_ECLAIR_intensity,global_ECLAIR_return_number,global_ECLAIR_number_of_returns,global_ECLAIR_class
ECLAIR,/csehome/m23csa510/lidar_experiments/datasets/eclair/pointclouds/pointcloud_281.laz,242993,363200.0,6670500.0,18.842,363299.999,6670599.999,41.641,99.99900000001071,99.99899999983609,22.799,24.299785993327117,"[7789.0, 25378.92, 50073.0, 52607.0, 56310.0]","[1.0, 1.0, 1.0, 2.0, 5.0]","[1.0, 1.0, 1.0, 3.0, 5.0]",global_ECLAIR_intensity,global_ECLAIR_return_number,global_ECLAIR_number_of_returns,global_ECLAIR_class
ECLAIR,/csehome/m23csa510/lidar_experiments/datasets/eclair/pointclouds/pointcloud_282.laz,78806,363200.0,6670600.0,18.57,363299.997,6670646.303,42.994,99.99699999997392,46.303000000305474,24.424,17.020142161507493,"[14568.0, 18440.1, 41843.0, 52584.95, 56280.0]","[1.0, 1.0, 1.0, 3.0, 6.0]","[1.0, 1.0, 1.0, 4.0, 6.0]",global_ECLAIR_intensity,global_ECLAIR_return_number,global_ECLAIR_number_of_returns,global_ECLAIR_class
ECLAIR,/csehome/m23csa510/lidar_experiments/datasets/eclair/pointclouds/pointcloud_283.laz,11996,363200.0,6673851.16,30.672,363233.047,6673899.999,46.848,33.04700000002049,48.838999999687076,16.176,7.432546820086377,"[11637.0, 15208.0, 48044.0, 56076.59999999999, 65535.0]","[1.0, 1.0, 1.0, 4.0, 7.0]","[1.0, 1.0, 1.0, 4.0, 7.0]",global_ECLAIR_intensity,global_ECLAIR_return_number,global_ECLAIR_number_of_returns,global_ECLAIR_class
ECLAIR,/csehome/m23csa510/lidar_experiments/datasets/eclair/pointclouds/pointcloud_284.laz,222654,363200.0,6673900.0,30.604,363299.998,6673999.999,73.686,99.99800000002142,99.99899999983609,43.08200000000001,22.26606797761784,"[5161.0, 12376.0, 45683.0, 52890.0, 58386.0]","[1.0, 1.0, 1.0, 4.0, 7.0]","[1.0, 1.0, 1.0, 4.0, 7.0]",global_ECLAIR_intensity,global_ECLAIR_return_number,global_ECLAIR_number_of_returns,global_ECLAIR_class
ECLAIR,/csehome/m23csa510/lidar_experiments/datasets/eclair/pointclouds/pointcloud_285.laz,434239,363200.0,6674000.0,31.216,363299.998,6674099.999,86.39500000000001,99.99800000002142,99.99899999983609,55.17900000000001,43.42520274745926,"[2896.0, 10539.0, 48210.0, 53296.0, 57509.0]","[1.0, 1.0, 1.0, 3.0, 7.0]","[1.0, 1.0, 1.0, 4.0, 7.0]",global_ECLAIR_intensity,global_ECLAIR_return_number,global_ECLAIR_number_of_returns,global_ECLAIR_class
ECLAIR,/csehome/m23csa510/lidar_experiments/datasets/eclair/pointclouds/pointcloud_286.laz,545016,363200.0,6674100.0,34.138,363299.999,6674199.999,93.46600000000001,99.99900000001071,99.99899999983609,59.32800000000001,54.5026900484342,"[875.0, 9198.98, 46909.0, 52796.0, 64428.0]","[1.0, 1.0, 1.0, 3.0, 7.0]","[1.0, 1.0, 1.0, 4.0, 7.0]",global_ECLAIR_intensity,global_ECLAIR_return_number,global_ECLAIR_number_of_returns,global_ECLAIR_class
ECLAIR,/csehome/m23csa510/lidar_experiments/datasets/eclair/pointclouds/pointcloud_287.laz,373537,363200.0,6674200.0,37.922,363299.999,6674299.999,63.853,99.99900000001071,99.99899999983609,25.931000000000004,37.35444708526349,"[3374.0, 11160.0, 46153.0, 52198.0, 56810.0]","[1.0, 1.0, 1.0, 4.0, 8.0]","[1.0, 1.0, 1.0, 5.0, 8.0]",global_ECLAIR_intensity,global_ECLAIR_return_number,global_ECLAIR_number_of_returns,global_ECLAIR_class
ECLAIR,/csehome/m23csa510/lidar_experiments/datasets/eclair/pointclouds/pointcloud_288.laz,158312,363213.878,6674300.0,38.153,363299.999,6674399.999,39.794,86.12099999998463,99.99899999983609,1.6409999999999982,18.3826921582563,"[15927.0, 40691.0, 45434.0, 51363.0, 54794.0]","[1.0, 1.0, 1.0, 1.0, 2.0]","[1.0, 1.0, 1.0, 1.0, 2.0]",global_ECLAIR_intensity,global_ECLAIR_return_number,global_ECLAIR_number_of_returns,global_ECLAIR_class
ECLAIR,/csehome/m23csa510/lidar_experiments/datasets/eclair/pointclouds/pointcloud_289.laz,44094,363256.693,6674400.002,38.155,363299.999,6674499.184,39.483,43.305999999982305,99.1820000000298,1.3279999999999959,10.265936288038754,"[19446.0, 38695.93, 45005.0, 50489.21, 53234.0]","[1.0, 1.0, 1.0, 1.0, 2.0]","[1.0, 1.0, 1.0, 1.0, 2.0]",global_ECLAIR_intensity,global_ECLAIR_return_number,global_ECLAIR_number_of_returns,global_ECLAIR_class
ECLAIR,/csehome/m23csa510/lidar_experiments/datasets/eclair/pointclouds/pointcloud_29.laz,3531,360883.25,6671678.959,36.678,360899.998,6671699.999,43.918,16.74800000002142,21.040000000037253,7.240000000000002,10.020491635767735,"[16684.0, 18279.0, 34886.0, 48349.7, 50799.0]","[1.0, 1.0, 1.0, 3.0, 4.0]","[1.0, 1.0, 2.0, 4.0, 4.0]",global_ECLAIR_intensity,global_ECLAIR_return_number,global_ECLAIR_number_of_returns,global_ECLAIR_class
ECLAIR,/csehome/m23csa510/lidar_experiments/datasets/eclair/pointclouds/pointcloud_290.laz,11950,363200.017,6677248.689,24.814999999999998,363299.999,6677299.997,73.12899999999999,99.98200000001816,51.308000000193715,48.31399999999999,2.3294907981606,"[25240.0, 26733.96, 38019.0, 48725.04, 51867.0]","[1.0, 1.0, 1.0, 3.0, 4.0]","[1.0, 1.0, 2.0, 3.0, 4.0]",global_ECLAIR_intensity,global_ECLAIR_return_number,global_ECLAIR_number_of_returns,global_ECLAIR_class
ECLAIR,/csehome/m23csa510/lidar_experiments/datasets/eclair/pointclouds/pointcloud_291.laz,82687,363200.004,6677300.002,19.909,363299.999,6677399.998,78.771,99.99499999999534,99.99599999934435,58.862,8.269444233496728,"[19634.0, 22323.0, 37514.0, 48905.14, 55944.0]","[1.0, 1.0, 1.0, 4.0, 6.0]","[1.0, 1.0, 2.0, 4.0, 6.0]",global_ECLAIR_intensity,global_ECLAIR_return_number,global_ECLAIR_number_of_returns,global_ECLAIR_class
ECLAIR,/csehome/m23csa510/lidar_experiments/datasets/eclair/pointclouds/pointcloud_292.laz,256349,363200.0,6677400.0,51.324,363299.999,6677499.999,85.28399999999999,99.99900000001071,99.99899999983609,33.959999999999994,25.635412705729845,"[15784.0, 18537.0, 36455.0, 52442.0, 57006.0]","[1.0, 1.0, 1.0, 4.0, 7.0]","[1.0, 1.0, 2.0, 5.0, 7.0]",global_ECLAIR_intensity,global_ECLAIR_return_number,global_ECLAIR_number_of_returns,global_ECLAIR_class
ECLAIR,/csehome/m23csa510/lidar_experiments/datasets/eclair/pointclouds/pointcloud_293.laz,518602,363200.0,6677500.0,43.152,363299.999,6677599.999,204.518,99.99900000001071,99.99899999983609,161.36599999999999,51.86123721963772,"[275.0, 19014.989999999998, 36204.5, 51971.01000000001, 56613.0]","[1.0, 1.0, 1.0, 4.0, 8.0]","[1.0, 1.0, 2.0, 5.0, 8.0]",global_ECLAIR_intensity,global_ECLAIR_return_number,global_ECLAIR_number_of_returns,global_ECLAIR_class
ECLAIR,/csehome/m23csa510/lidar_experiments/datasets/eclair/pointclouds/pointcloud_294.laz,275929,363200.0,6677600.0,42.986,363299.999,6677699.998,189.837,99.99900000001071,99.99799999967217,146.851,27.59372780640295,"[6328.0, 19115.0, 35455.0, 51511.71999999997, 57431.0]","[1.0, 1.0, 1.0, 4.0, 7.0]","[1.0, 1.0, 2.0, 5.0, 7.0]",global_ECLAIR_intensity,global_ECLAIR_return_number,global_ECLAIR_number_of_returns,global_ECLAIR_class
ECLAIR,/csehome/m23csa510/lidar_experiments/datasets/eclair/pointclouds/pointcloud_295.laz,4391,363200.002,6677700.002,36.551,363249.607,6677799.998,81.003,49.60500000003958,99.99599999934435,44.452,0.8852284340391431,"[18125.0, 20468.6, 33465.0, 49677.0, 52815.0]","[1.0, 1.0, 1.0, 3.0, 5.0]","[1.0, 1.0, 1.0, 4.0, 5.0]",global_ECLAIR_intensity,global_ECLAIR_return_number,global_ECLAIR_number_of_returns,global_ECLAIR_class
ECLAIR,/csehome/m23csa510/lidar_experiments/datasets/eclair/pointclouds/pointcloud_296.laz,91654,363241.217,6677800.001,23.822,363299.999,6677871.156,78.267,58.78200000000652,71.15500000026077,54.44499999999999,21.912990070590947,"[19180.0, 21104.53, 33778.0, 46925.41, 52309.0]","[1.0, 1.0, 1.0, 4.0, 6.0]","[1.0, 1.0, 2.0, 4.0, 6.0]",global_ECLAIR_intensity,global_ECLAIR_return_number,global_ECLAIR_number_of_returns,global_ECLAIR_class
ECLAIR,/csehome/m23csa510/lidar_experiments/datasets/eclair/pointclouds/pointcloud_297.laz,137592,363200.001,6678040.755,55.858000000000004,363299.999,6678099.999,206.96200000000002,99.99800000002142,59.243999999947846,151.104,23.2250948442255,"[2279.0, 18714.0, 38358.0, 52728.09, 56401.0]","[1.0, 1.0, 1.0, 4.0, 6.0]","[1.0, 1.0, 2.0, 4.0, 6.0]",global_ECLAIR_intensity,global_ECLAIR_return_number,global_ECLAIR_number_of_returns,global_ECLAIR_class
ECLAIR,/csehome/m23csa510/lidar_experiments/datasets/eclair/pointclouds/pointcloud_298.laz,358386,363200.0,6678100.0,48.6,363299.999,6678199.999,186.968,99.99900000001071,99.99899999983609,138.368,35.83931678280663,"[11089.0, 18209.85, 38977.0, 52616.15000000002, 56554.0]","[1.0, 1.0, 1.0, 4.0, 7.0]","[1.0, 1.0, 2.0, 5.0, 7.0]",global_ECLAIR_intensity,global_ECLAIR_return_number,global_ECLAIR_number_of_returns,global_ECLAIR_class
ECLAIR,/csehome/m23csa510/lidar_experiments/datasets/eclair/pointclouds/pointcloud_299.laz,205224,363200.0,6678200.0,46.83,363299.999,6678299.999,79.727,99.99900000001071,99.99899999983609,32.897000000000006,20.522810454188242,"[16912.0, 20004.0, 38349.0, 52032.0, 57546.0]","[1.0, 1.0, 1.0, 4.0, 6.0]","[1.0, 1.0, 2.0, 4.0, 6.0]",global_ECLAIR_intensity,global_ECLAIR_return_number,global_ECLAIR_number_of_returns,global_ECLAIR_class
ECLAIR,/csehome/m23csa510/lidar_experiments/datasets/eclair/pointclouds/pointcloud_3.laz,64533,360424.399,6671713.37,34.894,360499.999,6671799.999,64.581,75.60000000003492,86.62899999972433,29.687000000000005,9.85364151858423,"[6715.0, 12536.0, 36789.0, 53561.68, 57366.0]","[1.0, 1.0, 2.0, 4.0, 7.0]","[1.0, 1.0, 2.0, 5.0, 7.0]",global_ECLAIR_intensity,global_ECLAIR_return_number,global_ECLAIR_number_of_returns,global_ECLAIR_class
ECLAIR,/csehome/m23csa510/lidar_experiments/datasets/eclair/pointclouds/pointcloud_30.laz,272254,360800.0,6671700.001,34.354,360899.999,6671799.999,63.413,99.99900000001071,99.99799999967217,29.058999999999997,27.226216781144526,"[10348.0, 15074.53, 37733.0, 51989.0, 57388.0]","[1.0, 1.0, 1.0, 3.0, 6.0]","[1.0, 1.0, 2.0, 4.0, 6.0]",global_ECLAIR_intensity,global_ECLAIR_return_number,global_ECLAIR_number_of_returns,global_ECLAIR_class
ECLAIR,/csehome/m23csa510/lidar_experiments/datasets/eclair/pointclouds/pointcloud_300.laz,87670,363200.001,6678300.0,20.775,363299.996,6678399.997,79.666,99.99499999999534,99.99700000043958,58.891,8.767701402922551,"[20347.0, 22868.0, 36466.0, 48574.31, 52817.0]","[1.0, 1.0, 1.0, 3.0, 6.0]","[1.0, 1.0, 2.0, 4.0, 6.0]",global_ECLAIR_intensity,global_ECLAIR_return_number,global_ECLAIR_number_of_returns,global_ECLAIR_class
ECLAIR,/csehome/m23csa510/lidar_experiments/datasets/eclair/pointclouds/pointcloud_301.laz,9993,363200.004,6678400.004,23.401,363299.997,6678442.241,56.816,99.99299999995856,42.2370000006631,33.415000000000006,2.3661007076298914,"[26636.0, 28943.72, 44032.0, 47676.32, 50125.0]","[1.0, 1.0, 1.0, 2.0, 3.0]","[1.0, 1.0, 1.0, 2.0, 3.0]",global_ECLAIR_intensity,global_ECLAIR_return_number,global_ECLAIR_number_of_returns,global_ECLAIR_class
ECLAIR,/csehome/m23csa510/lidar_experiments/datasets/eclair/pointclouds/pointcloud_302.laz,48859,363300.002,6670369.595,30.436,363399.998,6670399.999,56.788,99.99600000004284,30.404000000096858,26.351999999999997,16.070567832522347,"[12501.0, 15078.0, 35786.0, 50025.42, 56972.0]","[1.0, 1.0, 2.0, 4.0, 7.0]","[1.0, 1.0, 2.0, 5.0, 7.0]",global_ECLAIR_intensity,global_ECLAIR_return_number,global_ECLAIR_number_of_returns,global_ECLAIR_class
ECLAIR,/csehome/m23csa510/lidar_experiments/datasets/eclair/pointclouds/pointcloud_303.laz,288411,363300.0,6670400.0,25.704,363399.999,6670499.999,85.265,99.99900000001071,99.99899999983609,59.561,28.84167683069663,"[1562.0, 15385.0, 47915.0, 51689.90000000002, 55860.0]","[1.0, 1.0, 1.0, 3.0, 8.0]","[1.0, 1.0, 1.0, 4.0, 8.0]",global_ECLAIR_intensity,global_ECLAIR_return_number,global_ECLAIR_number_of_returns,global_ECLAIR_class
ECLAIR,/csehome/m23csa510/lidar_experiments/datasets/eclair/pointclouds/pointcloud_304.laz,306644,363300.0,6670500.0,20.823999999999998,363399.999,6670599.999,73.902,99.99900000001071,99.99899999983609,53.078,30.66501329724642,"[0.0, 14110.43, 46331.0, 54344.0, 60894.0]","[1.0, 1.0, 1.0, 4.0, 7.0]","[1.0, 1.0, 1.0, 5.0, 7.0]",global_ECLAIR_intensity,global_ECLAIR_return_number,global_ECLAIR_number_of_returns,global_ECLAIR_class
ECLAIR,/csehome/m23csa510/lidar_experiments/datasets/eclair/pointclouds/pointcloud_305.laz,34567,363300.0,6670600.0,19.608,363399.998,6670640.007,47.713,99.99800000002142,40.00700000021607,28.105,8.640410766524104,"[14307.0, 16680.3, 39621.0, 50924.67999999999, 55538.0]","[1.0, 1.0, 1.0, 4.0, 7.0]","[1.0, 1.0, 2.0, 5.0, 7.0]",global_ECLAIR_intensity,global_ECLAIR_return_number,global_ECLAIR_number_of_returns,global_ECLAIR_class
ECLAIR,/csehome/m23csa510/lidar_experiments/datasets/eclair/pointclouds/pointcloud_306.laz,239,363300.004,6673993.188,32.957,363303.494,6673999.979,33.326,3.4899999999906868,6.791000000201166,0.3689999999999998,10.084137145681101,"[43231.0, 43426.68, 45118.0, 47305.62, 47929.0]","[1.0, 1.0, 1.0, 1.0, 1.0]","[1.0, 1.0, 1.0, 1.0, 1.0]",global_ECLAIR_intensity,global_ECLAIR_return_number,global_ECLAIR_number_of_returns,global_ECLAIR_class
ECLAIR,/csehome/m23csa510/lidar_experiments/datasets/eclair/pointclouds/pointcloud_307.laz,64259,363300.0,6674000.0,33.219,363352.557,6674099.998,42.153,52.556999999971595,99.99799999967217,8.933999999999997,12.22677953573254,"[39486.0, 43368.58, 47408.0, 50557.42, 52614.0]","[1.0, 1.0, 1.0, 1.0, 2.0]","[1.0, 1.0, 1.0, 1.0, 2.0]",global_ECLAIR_intensity,global_ECLAIR_return_number,global_ECLAIR_number_of_returns,global_ECLAIR_class
ECLAIR,/csehome/m23csa510/lidar_experiments/datasets/eclair/pointclouds/pointcloud_308.laz,274138,363300.0,6674100.0,39.432,363399.992,6674199.999,90.065,99.99200000002747,99.99899999983609,50.632999999999996,27.416267442174185,"[4897.0, 12736.0, 47979.0, 53046.0, 65535.0]","[1.0, 1.0, 1.0, 4.0, 8.0]","[1.0, 1.0, 1.0, 4.0, 8.0]",global_ECLAIR_intensity,global_ECLAIR_return_number,global_ECLAIR_number_of_returns,global_ECLAIR_class
ECLAIR,/csehome/m23csa510/lidar_experiments/datasets/eclair/pointclouds/pointcloud_309.laz,431622,363300.0,6674200.0,37.939,363399.999,6674299.999,67.941,99.99900000001071,99.99899999983609,30.002000000000002,43.16306325701496,"[3937.0, 13122.0, 48065.0, 52704.0, 65535.0]","[1.0, 1.0, 1.0, 3.0, 7.0]","[1.0, 1.0, 1.0, 4.0, 8.0]",global_ECLAIR_intensity,global_ECLAIR_return_number,global_ECLAIR_number_of_returns,global_ECLAIR_class
ECLAIR,/csehome/m23csa510/lidar_experiments/datasets/eclair/pointclouds/pointcloud_31.laz,802811,360800.0,6671800.0,30.012999999999998,360899.999,6671899.999,84.382,99.99900000001071,99.99899999983609,54.36900000000001,80.28270564620765,"[3881.0, 12715.0, 43663.0, 54664.0, 59292.0]","[1.0, 1.0, 1.0, 3.0, 7.0]","[1.0, 1.0, 1.0, 4.0, 7.0]",global_ECLAIR_intensity,global_ECLAIR_return_number,global_ECLAIR_number_of_returns,global_ECLAIR_class
ECLAIR,/csehome/m23csa510/lidar_experiments/datasets/eclair/pointclouds/pointcloud_310.laz,395084,363300.0,6674300.0,37.956,363399.999,6674399.999,95.63300000000001,99.99900000001071,99.99899999983609,57.67700000000001,39.509190179913205,"[1259.0, 21924.83, 48462.0, 53463.0, 65535.0]","[1.0, 1.0, 1.0, 2.0, 7.0]","[1.0, 1.0, 1.0, 3.0, 7.0]",global_ECLAIR_intensity,global_ECLAIR_return_number,global_ECLAIR_number_of_returns,global_ECLAIR_class
ECLAIR,/csehome/m23csa510/lidar_experiments/datasets/eclair/pointclouds/pointcloud_311.laz,339076,363300.0,6674400.0,38.841,363399.999,6674499.999,110.678,99.99900000001071,99.99899999983609,71.83699999999999,33.90827816222436,"[1403.0, 40968.75, 46850.0, 52852.0, 56356.0]","[1.0, 1.0, 1.0, 1.0, 2.0]","[1.0, 1.0, 1.0, 1.0, 2.0]",global_ECLAIR_intensity,global_ECLAIR_return_number,global_ECLAIR_number_of_returns,global_ECLAIR_class
ECLAIR,/csehome/m23csa510/lidar_experiments/datasets/eclair/pointclouds/pointcloud_312.laz,212689,363300.348,6674500.0,39.164,363399.999,6674599.999,44.217,99.65100000001257,99.99899999983609,5.052999999999997,21.343601861656275,"[10669.0, 41808.0, 47163.0, 51973.0, 55237.0]","[1.0, 1.0, 1.0, 1.0, 3.0]","[1.0, 1.0, 1.0, 1.0, 3.0]",global_ECLAIR_intensity,global_ECLAIR_return_number,global_ECLAIR_number_of_returns,global_ECLAIR_class
ECLAIR,/csehome/m23csa510/lidar_experiments/datasets/eclair/pointclouds/pointcloud_313.laz,61954,363348.292,6674600.0,42.038,363399.999,6674698.355,52.867000000000004,51.70699999999488,98.35500000044703,10.829000000000008,12.1821394786453,"[14071.0, 28896.96, 45005.0, 48326.47, 52738.0]","[1.0, 1.0, 1.0, 2.0, 5.0]","[1.0, 1.0, 1.0, 2.0, 5.0]",global_ECLAIR_intensity,global_ECLAIR_return_number,global_ECLAIR_number_of_returns,global_ECLAIR_class
ECLAIR,/csehome/m23csa510/lidar_experiments/datasets/eclair/pointclouds/pointcloud_314.laz,2418,363393.153,6674690.0,47.349000000000004,363409.994,6674720.21,55.075,16.8410000000149,30.209999999962747,7.725999999999999,4.7526703845616805,"[12956.0, 14385.51, 34750.5, 47420.979999999996, 51939.0]","[1.0, 1.0, 2.0, 5.0, 6.0]","[1.0, 1.0, 2.0, 5.0, 6.0]",global_ECLAIR_intensity,global_ECLAIR_return_number,global_ECLAIR_number_of_returns,global_ECLAIR_class
ECLAIR,/csehome/m23csa510/lidar_experiments/datasets/eclair/pointclouds/pointcloud_315.laz,16668,363300.002,6677249.46,23.988999999999997,363399.99,6677299.997,77.406,99.98800000001211,50.53700000047684,53.41700000000001,3.2985734016440826,"[24412.0, 26262.34, 38762.0, 49637.659999999996, 52800.0]","[1.0, 1.0, 1.0, 3.0, 5.0]","[1.0, 1.0, 2.0, 3.0, 5.0]",global_ECLAIR_intensity,global_ECLAIR_return_number,global_ECLAIR_number_of_returns,global_ECLAIR_class
ECLAIR,/csehome/m23csa510/lidar_experiments/datasets/eclair/pointclouds/pointcloud_316.laz,92936,363300.0,6677300.0,27.756999999999998,363399.999,6677399.998,76.056,99.99900000001071,99.99799999967217,48.299,9.293878814535132,"[18441.0, 22565.0, 38779.0, 49401.0, 65535.0]","[1.0, 1.0, 1.0, 3.0, 6.0]","[1.0, 1.0, 2.0, 4.0, 6.0]",global_ECLAIR_intensity,global_ECLAIR_return_number,global_ECLAIR_number_of_returns,global_ECLAIR_class
ECLAIR,/csehome/m23csa510/lidar_experiments/datasets/eclair/pointclouds/pointcloud_317.laz,247553,363300.0,6677400.003,42.739,363399.999,6677499.999,186.163,99.99900000001071,99.99600000027567,143.424,24.756537816917334,"[818.0, 18919.0, 40400.0, 52060.48000000001, 55760.0]","[1.0, 1.0, 1.0, 4.0, 8.0]","[1.0, 1.0, 2.0, 5.0, 8.0]",global_ECLAIR_intensity,global_ECLAIR_return_number,global_ECLAIR_number_of_returns,global_ECLAIR_class
ECLAIR,/csehome/m23csa510/lidar_experiments/datasets/eclair/pointclouds/pointcloud_318.laz,518685,363300.0,6677500.0,41.178,363399.999,6677599.999,154.472,99.99900000001071,99.99899999983609,113.29400000000001,51.86953738564022,"[10840.0, 20482.0, 37798.0, 50095.01000000001, 55732.0]","[1.0, 1.0, 1.0, 4.0, 7.0]","[1.0, 1.0, 1.0, 4.0, 7.0]",global_ECLAIR_intensity,global_ECLAIR_return_number,global_ECLAIR_number_of_returns,global_ECLAIR_class
ECLAIR,/csehome/m23csa510/lidar_experiments/datasets/eclair/pointclouds/pointcloud_319.laz,61531,363300.0,6677600.0,41.217,363399.999,6677674.832,69.273,99.99900000001071,74.83200000040233,28.055999999999997,8.222634075771829,"[20598.0, 27463.0, 48986.0, 53044.399999999994, 56636.0]","[1.0, 1.0, 1.0, 1.0, 5.0]","[1.0, 1.0, 1.0, 2.0, 5.0]",global_ECLAIR_intensity,global_ECLAIR_return_number,global_ECLAIR_number_of_returns,global_ECLAIR_class
ECLAIR,/csehome/m23csa510/lidar_experiments/datasets/eclair/pointclouds/pointcloud_32.laz,1193057,360800.0,6671900.0,29.92,360899.999,6671999.999,112.349,99.99900000001071,99.99899999983609,82.429,119.30808614997497,"[2303.0, 9822.0, 40068.0, 54325.0, 65535.0]","[1.0, 1.0, 1.0, 4.0, 8.0]","[1.0, 1.0, 2.0, 5.0, 8.0]",global_ECLAIR_intensity,global_ECLAIR_return_number,global_ECLAIR_number_of_returns,global_ECLAIR_class
ECLAIR,/csehome/m23csa510/lidar_experiments/datasets/eclair/pointclouds/pointcloud_320.laz,27618,363335.651,6677752.343,44.535,363399.997,6677799.999,184.787,64.34599999996135,47.65599999949336,140.252,9.006438411968643,"[4470.0, 27559.63, 47922.0, 49734.0, 52444.0]","[1.0, 1.0, 1.0, 2.0, 4.0]","[1.0, 1.0, 1.0, 3.0, 5.0]",global_ECLAIR_intensity,global_ECLAIR_return_number,global_ECLAIR_number_of_returns,global_ECLAIR_class
ECLAIR,/csehome/m23csa510/lidar_experiments/datasets/eclair/pointclouds/pointcloud_321.laz,457813,363300.0,6677800.0,45.056,363399.999,6677899.999,176.606,99.99900000001071,99.99899999983609,131.55,45.78221563980471,"[7440.0, 20025.0, 37107.0, 50891.880000000005, 54948.0]","[1.0, 1.0, 1.0, 4.0, 8.0]","[1.0, 1.0, 2.0, 4.0, 8.0]",global_ECLAIR_intensity,global_ECLAIR_return_number,global_ECLAIR_number_of_returns,global_ECLAIR_class
ECLAIR,/csehome/m23csa510/lidar_experiments/datasets/eclair/pointclouds/pointcloud_322.laz,80813,363324.612,6677900.0,54.47,363399.999,6677990.455,199.36,75.38699999998789,90.4550000000745,144.89000000000001,11.850923379037289,"[3264.0, 18972.36, 38719.0, 51529.0, 54790.0]","[1.0, 1.0, 1.0, 4.0, 7.0]","[1.0, 1.0, 2.0, 4.0, 7.0]",global_ECLAIR_intensity,global_ECLAIR_return_number,global_ECLAIR_number_of_returns,global_ECLAIR_class
ECLAIR,/csehome/m23csa510/lidar_experiments/datasets/eclair/pointclouds/pointcloud_323.laz,24222,363300.0,6678073.004,70.658,363326.425,6678099.999,92.245,26.42499999998836,26.99500000011176,21.587000000000003,33.95562057013662,"[17519.0, 19524.63, 37185.0, 50358.58, 54659.0]","[1.0, 1.0, 1.0, 3.0, 5.0]","[1.0, 1.0, 2.0, 4.0, 5.0]",global_ECLAIR_intensity,global_ECLAIR_return_number,global_ECLAIR_number_of_returns,global_ECLAIR_class
ECLAIR,/csehome/m23csa510/lidar_experiments/datasets/eclair/pointclouds/pointcloud_324.laz,486161,363300.001,6678100.0,50.388,363399.999,6678199.999,145.248,99.99800000002142,99.99899999983609,94.85999999999999,48.61755851710127,"[8572.0, 18095.6, 39017.0, 52282.0, 56299.0]","[1.0, 1.0, 1.0, 4.0, 7.0]","[1.0, 1.0, 2.0, 4.0, 7.0]",global_ECLAIR_intensity,global_ECLAIR_return_number,global_ECLAIR_number_of_returns,global_ECLAIR_class
ECLAIR,/csehome/m23csa510/lidar_experiments/datasets/eclair/pointclouds/pointcloud_325.laz,285799,363300.001,6678200.0,46.004,363399.999,6678299.999,186.832,99.99800000002142,99.99899999983609,140.828,28.580757417047085,"[4352.0, 19010.0, 38854.0, 52540.02000000002, 56104.0]","[1.0, 1.0, 1.0, 4.0, 7.0]","[1.0, 1.0, 2.0, 5.0, 7.0]",global_ECLAIR_intensity,global_ECLAIR_return_number,global_ECLAIR_number_of_returns,global_ECLAIR_class
ECLAIR,/csehome/m23csa510/lidar_experiments/datasets/eclair/pointclouds/pointcloud_326.laz,93567,363300.0,6678300.0,22.509999999999998,363399.999,6678399.999,70.107,99.99900000001071,99.99899999983609,47.597,9.356887136821383,"[19507.0, 23163.64, 45298.0, 49690.0, 52927.0]","[1.0, 1.0, 1.0, 3.0, 5.0]","[1.0, 1.0, 1.0, 4.0, 5.0]",global_ECLAIR_intensity,global_ECLAIR_return_number,global_ECLAIR_number_of_returns,global_ECLAIR_class
ECLAIR,/csehome/m23csa510/lidar_experiments/datasets/eclair/pointclouds/pointcloud_327.laz,18602,363300.001,6678400.0,19.791,363399.997,6678451.155,63.507000000000005,99.99599999998463,51.15500000026077,43.71600000000001,3.636544640733539,"[24833.0, 26597.01, 43103.0, 47856.990000000005, 50109.0]","[1.0, 1.0, 1.0, 3.0, 4.0]","[1.0, 1.0, 1.0, 3.0, 4.0]",global_ECLAIR_intensity,global_ECLAIR_return_number,global_ECLAIR_number_of_returns,global_ECLAIR_class
ECLAIR,/csehome/m23csa510/lidar_experiments/datasets/eclair/pointclouds/pointcloud_328.laz,427,363466.073,6669867.426,17.666,363509.996,6669909.982,64.866,43.92300000000978,42.55599999986589,47.2,0.22844154012104784,"[21409.0, 21771.48, 32724.0, 50226.740000000005, 52858.0]","[1.0, 1.0, 3.0, 5.0, 5.0]","[1.0, 1.0, 3.0, 5.0, 5.0]",global_ECLAIR_intensity,global_ECLAIR_return_number,global_ECLAIR_number_of_returns,global_ECLAIR_class
ECLAIR,/csehome/m23csa510/lidar_experiments/datasets/eclair/pointclouds/pointcloud_329.laz,421,363495.438,6669911.957,55.784,363499.99,6669973.112,59.305,4.551999999966938,61.15499999932945,3.521000000000001,1.512334543084845,"[22114.0, 22485.6, 35415.0, 51690.200000000004, 52777.0]","[1.0, 1.0, 3.0, 5.0, 5.0]","[1.0, 1.0, 3.0, 5.0, 5.0]",global_ECLAIR_intensity,global_ECLAIR_return_number,global_ECLAIR_number_of_returns,global_ECLAIR_class
ECLAIR,/csehome/m23csa510/lidar_experiments/datasets/eclair/pointclouds/pointcloud_33.laz,628769,360800.0,6672000.0,30.012999999999998,360899.999,6672099.999,62.165,99.99900000001071,99.99899999983609,32.152,62.87815755695965,"[5650.0, 12250.0, 35913.0, 54035.0, 58878.0]","[1.0, 1.0, 1.0, 4.0, 8.0]","[1.0, 1.0, 2.0, 5.0, 8.0]",global_ECLAIR_intensity,global_ECLAIR_return_number,global_ECLAIR_number_of_returns,global_ECLAIR_class
ECLAIR,/csehome/m23csa510/lidar_experiments/datasets/eclair/pointclouds/pointcloud_330.laz,53089,363400.0,6670356.526,29.115000000000002,363499.999,6670399.999,54.287,99.99900000001071,43.47300000023097,25.171999999999997,12.212069766296601,"[12495.0, 15459.0, 43967.0, 48787.0, 65535.0]","[1.0, 1.0, 1.0, 4.0, 8.0]","[1.0, 1.0, 1.0, 5.0, 8.0]",global_ECLAIR_intensity,global_ECLAIR_return_number,global_ECLAIR_number_of_returns,global_ECLAIR_class
ECLAIR,/csehome/m23csa510/lidar_experiments/datasets/eclair/pointclouds/pointcloud_331.laz,267691,363400.0,6670400.0,28.164,363499.999,6670499.999,109.661,99.99900000001071,99.99899999983609,81.497,26.769635390071848,"[0.0, 14349.0, 46043.0, 52535.0, 65535.0]","[1.0, 1.0, 1.0, 3.0, 7.0]","[1.0, 1.0, 1.0, 4.0, 7.0]",global_ECLAIR_intensity,global_ECLAIR_return_number,global_ECLAIR_number_of_returns,global_ECLAIR_class
ECLAIR,/csehome/m23csa510/lidar_experiments/datasets/eclair/pointclouds/pointcloud_332.laz,226370,363400.0,6670500.0,28.243,363499.999,6670599.997,70.59100000000001,99.99900000001071,99.99700000043958,42.34800000000001,22.637905509327066,"[7084.0, 16139.07, 48534.0, 53210.0, 59558.0]","[1.0, 1.0, 1.0, 3.0, 7.0]","[1.0, 1.0, 1.0, 4.0, 7.0]",global_ECLAIR_intensity,global_ECLAIR_return_number,global_ECLAIR_number_of_returns,global_ECLAIR_class
ECLAIR,/csehome/m23csa510/lidar_experiments/datasets/eclair/pointclouds/pointcloud_333.laz,25682,363400.002,6670600.0,27.959,363499.996,6670621.15,46.429,99.99400000000605,21.15000000037253,18.470000000000002,12.143518208986672,"[14743.0, 18030.81, 45112.0, 50858.19, 54710.0]","[1.0, 1.0, 1.0, 4.0, 6.0]","[1.0, 1.0, 1.0, 4.0, 6.0]",global_ECLAIR_intensity,global_ECLAIR_return_number,global_ECLAIR_number_of_returns,global_ECLAIR_class
ECLAIR,/csehome/m23csa510/lidar_experiments/datasets/eclair/pointclouds/pointcloud_334.laz,1202,363400.016,6674181.772,44.917,363412.768,6674199.996,52.599000000000004,12.75199999997858,18.22400000039488,7.682000000000002,5.172285116493863,"[13284.0, 14956.32, 42226.5, 52737.53, 65535.0]","[1.0, 1.0, 1.0, 4.0, 6.0]","[1.0, 1.0, 1.0, 5.0, 6.0]",global_ECLAIR_intensity,global_ECLAIR_return_number,global_ECLAIR_number_of_returns,global_ECLAIR_class
ECLAIR,/csehome/m23csa510/lidar_experiments/datasets/eclair/pointclouds/pointcloud_335.laz,110335,363400.0,6674200.018,39.413,363475.484,6674299.997,57.732,75.48399999999674,99.97900000028312,18.319000000000003,14.62007514393617,"[11936.0, 21291.7, 46256.0, 51140.0, 57453.0]","[1.0, 1.0, 1.0, 3.0, 5.0]","[1.0, 1.0, 1.0, 3.0, 5.0]",global_ECLAIR_intensity,global_ECLAIR_return_number,global_ECLAIR_number_of_returns,global_ECLAIR_class
ECLAIR,/csehome/m23csa510/lidar_experiments/datasets/eclair/pointclouds/pointcloud_336.laz,278860,363400.0,6674300.0,38.191,363499.998,6674399.999,80.07,99.99800000002142,99.99899999983609,41.87899999999999,27.886836599560354,"[10609.0, 36613.59, 47527.0, 53011.81999999995, 56902.0]","[1.0, 1.0, 1.0, 2.0, 5.0]","[1.0, 1.0, 1.0, 2.0, 5.0]",global_ECLAIR_intensity,global_ECLAIR_return_number,global_ECLAIR_number_of_returns,global_ECLAIR_class
ECLAIR,/csehome/m23csa510/lidar_experiments/datasets/eclair/pointclouds/pointcloud_337.laz,391726,363400.0,6674400.0,39.157,363499.999,6674499.999,100.958,99.99900000001071,99.99899999983609,61.801,39.17338346381195,"[4081.0, 40567.5, 50141.0, 54713.0, 65535.0]","[1.0, 1.0, 1.0, 1.0, 4.0]","[1.0, 1.0, 1.0, 2.0, 6.0]",global_ECLAIR_intensity,global_ECLAIR_return_number,global_ECLAIR_number_of_returns,global_ECLAIR_class
ECLAIR,/csehome/m23csa510/lidar_experiments/datasets/eclair/pointclouds/pointcloud_338.laz,433042,363400.0,6674500.0,39.411,363499.999,6674599.999,77.842,99.99900000001071,99.99899999983609,38.431,43.305066097057775,"[4272.0, 41413.0, 48419.0, 53623.0, 59453.0]","[1.0, 1.0, 1.0, 1.0, 3.0]","[1.0, 1.0, 1.0, 2.0, 3.0]",global_ECLAIR_intensity,global_ECLAIR_return_number,global_ECLAIR_number_of_returns,global_ECLAIR_class
ECLAIR,/csehome/m23csa510/lidar_experiments/datasets/eclair/pointclouds/pointcloud_339.laz,464669,363400.0,6674600.0,42.263,363499.999,6674699.999,94.27199999999999,99.99900000001071,99.99899999983609,52.00899999999999,46.46782935201144,"[2616.0, 12305.68, 46938.0, 52473.32000000001, 59437.0]","[1.0, 1.0, 1.0, 3.0, 7.0]","[1.0, 1.0, 1.0, 4.0, 7.0]",global_ECLAIR_intensity,global_ECLAIR_return_number,global_ECLAIR_number_of_returns,global_ECLAIR_class
ECLAIR,/csehome/m23csa510/lidar_experiments/datasets/eclair/pointclouds/pointcloud_34.laz,56898,360800.0,6672100.0,30.277,360882.167,6672165.741,65.945,82.16700000001583,65.74100000038743,35.66799999999999,10.53327115546105,"[11584.0, 15058.880000000001, 38376.0, 53355.0, 56850.0]","[1.0, 1.0, 1.0, 4.0, 6.0]","[1.0, 1.0, 2.0, 5.0, 6.0]",global_ECLAIR_intensity,global_ECLAIR_return_number,global_ECLAIR_number_of_returns,global_ECLAIR_class
ECLAIR,/csehome/m23csa510/lidar_experiments/datasets/eclair/pointclouds/pointcloud_340.laz,415435,363400.138,6674700.0,48.788,363499.999,6674799.999,85.738,99.86100000003353,99.99899999983609,36.95,41.60174186039448,"[1956.0, 8613.68, 37550.0, 53015.0, 58345.0]","[1.0, 1.0, 1.0, 4.0, 8.0]","[1.0, 1.0, 2.0, 5.0, 8.0]",global_ECLAIR_intensity,global_ECLAIR_return_number,global_ECLAIR_number_of_returns,global_ECLAIR_class
ECLAIR,/csehome/m23csa510/lidar_experiments/datasets/eclair/pointclouds/pointcloud_341.laz,116153,363445.955,6674800.0,57.442,363499.999,6674899.979,84.28200000000001,54.04399999999441,99.97900000028312,26.84000000000001,21.49681689976801,"[5670.0, 9795.52, 33522.0, 49963.95999999999, 56419.0]","[1.0, 1.0, 2.0, 5.0, 8.0]","[1.0, 1.0, 3.0, 5.0, 8.0]",global_ECLAIR_intensity,global_ECLAIR_return_number,global_ECLAIR_number_of_returns,global_ECLAIR_class
ECLAIR,/csehome/m23csa510/lidar_experiments/datasets/eclair/pointclouds/pointcloud_342.laz,757,363489.936,6674900.003,60.766000000000005,363499.988,6674923.115,68.238,10.052000000025146,23.1120000006631,7.471999999999994,3.258411056450673,"[13046.0, 13899.0, 31164.0, 48155.99999999999, 50210.0]","[1.0, 1.0, 2.0, 5.0, 6.0]","[1.0, 1.0, 3.0, 5.0, 6.0]",global_ECLAIR_intensity,global_ECLAIR_return_number,global_ECLAIR_number_of_returns,global_ECLAIR_class
ECLAIR,/csehome/m23csa510/lidar_experiments/datasets/eclair/pointclouds/pointcloud_343.laz,21670,363400.003,6677233.764,40.838,363499.998,6677299.999,84.018,99.99499999999534,66.23499999940395,43.18,3.271847747319957,"[11188.0, 14161.59, 36391.5, 49963.93000000001, 55515.0]","[1.0, 1.0, 1.0, 4.0, 6.0]","[1.0, 1.0, 2.0, 5.0, 7.0]",global_ECLAIR_intensity,global_ECLAIR_return_number,global_ECLAIR_number_of_returns,global_ECLAIR_class
ECLAIR,/csehome/m23csa510/lidar_experiments/datasets/eclair/pointclouds/pointcloud_344.laz,172896,363400.0,6677300.0,10.332,363499.999,6677399.998,84.305,99.99900000001071,99.99799999967217,73.97300000000001,17.29011870015781,"[7272.0, 12224.0, 39284.0, 50680.0, 56180.0]","[1.0, 1.0, 1.0, 4.0, 7.0]","[1.0, 1.0, 2.0, 5.0, 7.0]",global_ECLAIR_intensity,global_ECLAIR_return_number,global_ECLAIR_number_of_returns,global_ECLAIR_class
ECLAIR,/csehome/m23csa510/lidar_experiments/datasets/eclair/pointclouds/pointcloud_345.laz,175388,363400.0,6677400.0,40.892,363499.999,6677499.999,45.751,99.99900000001071,99.99899999983609,4.858999999999995,17.53915078128858,"[17466.0, 42758.87, 47055.0, 51386.0, 55783.0]","[1.0, 1.0, 1.0, 1.0, 3.0]","[1.0, 1.0, 1.0, 1.0, 3.0]",global_ECLAIR_intensity,global_ECLAIR_return_number,global_ECLAIR_number_of_returns,global_ECLAIR_class
ECLAIR,/csehome/m23csa510/lidar_experiments/datasets/eclair/pointclouds/pointcloud_346.laz,239012,363400.0,6677500.0,40.953,363499.999,6677599.999,178.175,99.99900000001071,99.99899999983609,137.222,23.901678031207073,"[3212.0, 40644.11, 46576.0, 51138.889999999985, 65535.0]","[1.0, 1.0, 1.0, 1.0, 3.0]","[1.0, 1.0, 1.0, 1.0, 3.0]",global_ECLAIR_intensity,global_ECLAIR_return_number,global_ECLAIR_number_of_returns,global_ECLAIR_class
ECLAIR,/csehome/m23csa510/lidar_experiments/datasets/eclair/pointclouds/pointcloud_347.laz,199962,363400.0,6677600.0,41.756,363499.999,6677699.999,192.114,99.99900000001071,99.99899999983609,150.358,19.996599930029575,"[3993.0, 43426.22, 48831.0, 53145.0, 57122.0]","[1.0, 1.0, 1.0, 1.0, 4.0]","[1.0, 1.0, 1.0, 1.0, 4.0]",global_ECLAIR_intensity,global_ECLAIR_return_number,global_ECLAIR_number_of_returns,global_ECLAIR_class
ECLAIR,/csehome/m23csa510/lidar_experiments/datasets/eclair/pointclouds/pointcloud_348.laz,128963,363400.001,6677700.0,17.845,363499.999,6677799.999,78.13900000000001,99.99800000002142,99.99899999983609,60.29400000000001,12.89668689804598,"[18387.0, 23950.62, 46877.0, 52350.140000000014, 56455.0]","[1.0, 1.0, 1.0, 3.0, 5.0]","[1.0, 1.0, 1.0, 3.0, 5.0]",global_ECLAIR_intensity,global_ECLAIR_return_number,global_ECLAIR_number_of_returns,global_ECLAIR_class
ECLAIR,/csehome/m23csa510/lidar_experiments/datasets/eclair/pointclouds/pointcloud_349.laz,173693,363400.0,6677800.001,31.77,363499.999,6677899.998,85.846,99.99900000001071,99.99699999950826,54.07600000000001,17.36999479466434,"[17807.0, 21079.0, 40114.0, 50695.0, 55024.0]","[1.0, 1.0, 1.0, 3.0, 6.0]","[1.0, 1.0, 1.0, 4.0, 6.0]",global_ECLAIR_intensity,global_ECLAIR_return_number,global_ECLAIR_number_of_returns,global_ECLAIR_class
ECLAIR,/csehome/m23csa510/lidar_experiments/datasets/eclair/pointclouds/pointcloud_35.laz,1420,360977.476,6671581.014,37.874,360999.986,6671599.996,50.455,22.509999999951106,18.981999999843538,12.580999999999996,3.3233101986042684,"[15239.0, 16498.47, 30499.5, 49544.649999999994, 51573.0]","[1.0, 1.0, 3.0, 5.0, 6.0]","[1.0, 1.0, 3.0, 5.0, 6.0]",global_ECLAIR_intensity,global_ECLAIR_return_number,global_ECLAIR_number_of_returns,global_ECLAIR_class
ECLAIR,/csehome/m23csa510/lidar_experiments/datasets/eclair/pointclouds/pointcloud_350.laz,133374,363400.001,6677900.0,18.556,363499.999,6677999.999,90.437,99.99800000002142,99.99899999983609,71.881,13.337800131355385,"[18233.0, 21255.73, 38474.0, 50510.26999999999, 54281.0]","[1.0, 1.0, 1.0, 3.0, 6.0]","[1.0, 1.0, 2.0, 4.0, 6.0]",global_ECLAIR_intensity,global_ECLAIR_return_number,global_ECLAIR_number_of_returns,global_ECLAIR_class
ECLAIR,/csehome/m23csa510/lidar_experiments/datasets/eclair/pointclouds/pointcloud_351.laz,142159,363405.538,6678000.004,35.857,363499.999,6678099.999,91.985,94.46100000001024,99.99500000011176,56.128,15.050243836635328,"[16838.0, 20460.0, 35768.0, 50159.840000000026, 54736.0]","[1.0, 1.0, 1.0, 4.0, 6.0]","[1.0, 1.0, 2.0, 4.0, 6.0]",global_ECLAIR_intensity,global_ECLAIR_return_number,global_ECLAIR_number_of_returns,global_ECLAIR_class
ECLAIR,/csehome/m23csa510/lidar_experiments/datasets/eclair/pointclouds/pointcloud_352.laz,369329,363400.0,6678100.0,49.897999999999996,363499.999,6678199.999,144.608,99.99900000001071,99.99899999983609,94.71000000000001,36.9336386691366,"[11886.0, 18155.28, 38823.0, 52714.71999999997, 57455.0]","[1.0, 1.0, 1.0, 4.0, 8.0]","[1.0, 1.0, 2.0, 5.0, 8.0]",global_ECLAIR_intensity,global_ECLAIR_return_number,global_ECLAIR_number_of_returns,global_ECLAIR_class
ECLAIR,/csehome/m23csa510/lidar_experiments/datasets/eclair/pointclouds/pointcloud_353.laz,294184,363400.0,6678200.0,48.189,363499.999,6678299.999,189.309,99.99900000001071,99.99899999983609,141.12,29.418988376870708,"[7377.0, 18033.83, 37960.0, 52298.0, 65535.0]","[1.0, 1.0, 1.0, 4.0, 7.0]","[1.0, 1.0, 2.0, 5.0, 7.0]",global_ECLAIR_intensity,global_ECLAIR_return_number,global_ECLAIR_number_of_returns,global_ECLAIR_class
ECLAIR,/csehome/m23csa510/lidar_experiments/datasets/eclair/pointclouds/pointcloud_354.laz,125790,363400.0,6678300.001,16.011,363499.999,6678399.999,85.35300000000001,99.99900000001071,99.99799999967217,69.34200000000001,12.57937737884538,"[18112.0, 21237.0, 36392.0, 49753.22, 53936.0]","[1.0, 1.0, 1.0, 3.0, 6.0]","[1.0, 1.0, 2.0, 4.0, 6.0]",global_ECLAIR_intensity,global_ECLAIR_return_number,global_ECLAIR_number_of_returns,global_ECLAIR_class
ECLAIR,/csehome/m23csa510/lidar_experiments/datasets/eclair/pointclouds/pointcloud_355.laz,17678,363400.005,6678400.001,13.701,363499.994,6678450.134,65.049,99.9890000000014,50.13299999944866,51.348000000000006,3.526608181062678,"[24855.0, 26957.55, 43649.5, 48648.0, 50727.0]","[1.0, 1.0, 1.0, 3.0, 4.0]","[1.0, 1.0, 1.0, 3.0, 5.0]",global_ECLAIR_intensity,global_ECLAIR_return_number,global_ECLAIR_number_of_returns,global_ECLAIR_class
ECLAIR,/csehome/m23csa510/lidar_experiments/datasets/eclair/pointclouds/pointcloud_356.laz,23504,363540.151,6669725.559,52.316,363599.999,6669799.999,75.678,59.84799999999814,74.43999999947846,23.361999999999995,5.275769007117288,"[18061.0, 20149.03, 40894.5, 51688.73000000001, 55583.0]","[1.0, 1.0, 1.0, 4.0, 6.0]","[1.0, 1.0, 2.0, 4.0, 6.0]",global_ECLAIR_intensity,global_ECLAIR_return_number,global_ECLAIR_number_of_returns,global_ECLAIR_class
ECLAIR,/csehome/m23csa510/lidar_experiments/datasets/eclair/pointclouds/pointcloud_357.laz,138305,363501.784,6669800.002,51.763000000000005,363599.999,6669899.999,78.202,98.21500000002561,99.99699999950826,26.438999999999993,14.082283691403788,"[13956.0, 17680.08, 36670.0, 51733.95999999999, 56777.0]","[1.0, 1.0, 2.0, 4.0, 7.0]","[1.0, 1.0, 2.0, 5.0, 7.0]",global_ECLAIR_intensity,global_ECLAIR_return_number,global_ECLAIR_number_of_returns,global_ECLAIR_class
ECLAIR,/csehome/m23csa510/lidar_experiments/datasets/eclair/pointclouds/pointcloud_358.laz,131818,363500.001,6669900.0,55.835,363599.999,6669974.824,81.53,99.99800000002142,74.82400000002235,25.695,17.617427083911664,"[12286.0, 17199.34, 40484.5, 53664.0, 57101.0]","[1.0, 1.0, 1.0, 4.0, 6.0]","[1.0, 1.0, 2.0, 5.0, 6.0]",global_ECLAIR_intensity,global_ECLAIR_return_number,global_ECLAIR_number_of_returns,global_ECLAIR_class
ECLAIR,/csehome/m23csa510/lidar_experiments/datasets/eclair/pointclouds/pointcloud_359.laz,90375,363500.0,6670354.248,28.657,363599.999,6670399.999,67.769,99.99900000001071,45.75100000016391,39.11200000000001,19.753864125091063,"[9792.0, 13889.0, 38070.0, 49454.259999999995, 54047.0]","[1.0, 1.0, 1.0, 4.0, 6.0]","[1.0, 1.0, 2.0, 5.0, 6.0]",global_ECLAIR_intensity,global_ECLAIR_return_number,global_ECLAIR_number_of_returns,global_ECLAIR_class
ECLAIR,/csehome/m23csa510/lidar_experiments/datasets/eclair/pointclouds/pointcloud_36.laz,232238,360900.0,6671600.0,35.396,360999.999,6671699.999,63.305,99.99900000001071,99.99899999983609,27.909,23.224264483002813,"[7435.0, 14505.0, 35070.0, 49438.0, 55569.0]","[1.0, 1.0, 1.0, 4.0, 6.0]","[1.0, 1.0, 2.0, 5.0, 6.0]",global_ECLAIR_intensity,global_ECLAIR_return_number,global_ECLAIR_number_of_returns,global_ECLAIR_class
ECLAIR,/csehome/m23csa510/lidar_experiments/datasets/eclair/pointclouds/pointcloud_360.laz,318494,363500.0,6670400.0,26.083,363599.999,6670499.999,66.592,99.99900000001071,99.99899999983609,40.509,31.85003699760374,"[6204.0, 11748.93, 44243.0, 52665.0, 59936.0]","[1.0, 1.0, 1.0, 4.0, 8.0]","[1.0, 1.0, 1.0, 5.0, 8.0]",global_ECLAIR_intensity,global_ECLAIR_return_number,global_ECLAIR_number_of_returns,global_ECLAIR_class
ECLAIR,/csehome/m23csa510/lidar_experiments/datasets/eclair/pointclouds/pointcloud_361.laz,180342,363500.001,6670500.0,25.484,363599.998,6670599.998,69.497,99.99700000003213,99.99799999967217,44.013,18.035101744319483,"[8962.0, 37714.41, 48455.0, 53594.0, 65535.0]","[1.0, 1.0, 1.0, 1.0, 4.0]","[1.0, 1.0, 1.0, 2.0, 4.0]",global_ECLAIR_intensity,global_ECLAIR_return_number,global_ECLAIR_number_of_returns,global_ECLAIR_class
ECLAIR,/csehome/m23csa510/lidar_experiments/datasets/eclair/pointclouds/pointcloud_362.laz,20050,363500.007,6670600.001,25.404,363599.997,6670620.225,36.77,99.98999999999069,20.223999999463558,11.366000000000003,9.914955103369165,"[16964.0, 33284.92, 46070.0, 49828.53, 56809.0]","[1.0, 1.0, 1.0, 2.0, 3.0]","[1.0, 1.0, 1.0, 2.0, 3.0]",global_ECLAIR_intensity,global_ECLAIR_return_number,global_ECLAIR_number_of_returns,global_ECLAIR_class
ECLAIR,/csehome/m23csa510/lidar_experiments/datasets/eclair/pointclouds/pointcloud_363.laz,9651,363500.0,6674353.612,39.546,363519.789,6674399.997,52.236000000000004,19.788999999989755,46.385000000707805,12.690000000000005,10.51407101834751,"[14689.0, 18236.0, 46049.0, 48389.5, 52046.0]","[1.0, 1.0, 1.0, 4.0, 6.0]","[1.0, 1.0, 1.0, 4.0, 6.0]",global_ECLAIR_intensity,global_ECLAIR_return_number,global_ECLAIR_number_of_returns,global_ECLAIR_class
ECLAIR,/csehome/m23csa510/lidar_experiments/datasets/eclair/pointclouds/pointcloud_364.laz,129385,363500.001,6674400.0,39.514,363556.493,6674499.998,65.297,56.492000000027474,99.99799999967217,25.782999999999994,22.9037010111372,"[10395.0, 14095.0, 42029.0, 52175.32000000001, 56536.0]","[1.0, 1.0, 1.0, 4.0, 7.0]","[1.0, 1.0, 2.0, 5.0, 7.0]",global_ECLAIR_intensity,global_ECLAIR_return_number,global_ECLAIR_number_of_returns,global_ECLAIR_class
ECLAIR,/csehome/m23csa510/lidar_experiments/datasets/eclair/pointclouds/pointcloud_365.laz,268316,363500.0,6674500.0,40.479,363596.337,6674599.999,64.71000000000001,96.33699999999953,99.99899999983609,24.23100000000001,27.852090389702088,"[10266.0, 15531.3, 47392.0, 52113.0, 59912.0]","[1.0, 1.0, 1.0, 3.0, 6.0]","[1.0, 1.0, 1.0, 4.0, 6.0]",global_ECLAIR_intensity,global_ECLAIR_return_number,global_ECLAIR_number_of_returns,global_ECLAIR_class
ECLAIR,/csehome/m23csa510/lidar_experiments/datasets/eclair/pointclouds/pointcloud_366.laz,451236,363500.0,6674600.0,43.486000000000004,363599.999,6674699.999,87.14699999999999,99.99900000001071,99.99899999983609,43.66099999999999,45.12450248560639,"[1924.0, 9613.0, 48131.0, 53233.65000000002, 58808.0]","[1.0, 1.0, 1.0, 4.0, 8.0]","[1.0, 1.0, 1.0, 5.0, 8.0]",global_ECLAIR_intensity,global_ECLAIR_return_number,global_ECLAIR_number_of_returns,global_ECLAIR_class
ECLAIR,/csehome/m23csa510/lidar_experiments/datasets/eclair/pointclouds/pointcloud_367.laz,737983,363500.0,6674700.0,50.298,363599.999,6674799.999,97.78200000000001,99.99900000001071,99.99899999983609,47.48400000000001,73.79977598825285,"[1490.0, 7790.99, 44507.0, 54148.0, 58683.0]","[1.0, 1.0, 1.0, 4.0, 7.0]","[1.0, 1.0, 2.0, 5.0, 8.0]",global_ECLAIR_intensity,global_ECLAIR_return_number,global_ECLAIR_number_of_returns,global_ECLAIR_class
ECLAIR,/csehome/m23csa510/lidar_experiments/datasets/eclair/pointclouds/pointcloud_368.laz,706519,363500.0,6674800.0,57.626000000000005,363599.999,6674899.999,86.24799999999999,99.99900000001071,99.99899999983609,28.621999999999986,70.6533130593041,"[931.0, 8101.0, 42174.0, 53252.0, 59429.0]","[1.0, 1.0, 1.0, 4.0, 8.0]","[1.0, 1.0, 2.0, 5.0, 8.0]",global_ECLAIR_intensity,global_ECLAIR_return_number,global_ECLAIR_number_of_returns,global_ECLAIR_class
ECLAIR,/csehome/m23csa510/lidar_experiments/datasets/eclair/pointclouds/pointcloud_369.laz,502995,363500.0,6674900.0,57.79,363599.999,6674999.999,85.76400000000001,99.99900000001071,99.99899999983609,27.97400000000001,50.300506005167115,"[2444.0, 9392.0, 38686.0, 52271.0, 57430.0]","[1.0, 1.0, 1.0, 4.0, 7.0]","[1.0, 1.0, 2.0, 5.0, 7.0]",global_ECLAIR_intensity,global_ECLAIR_return_number,global_ECLAIR_number_of_returns,global_ECLAIR_class
ECLAIR,/csehome/m23csa510/lidar_experiments/datasets/eclair/pointclouds/pointcloud_37.laz,484585,360900.0,6671700.0,35.15,360999.999,6671799.999,93.07300000000001,99.99900000001071,99.99899999983609,57.92300000000001,48.45946918461198,"[1559.0, 12577.0, 38034.0, 53273.0, 65535.0]","[1.0, 1.0, 1.0, 4.0, 7.0]","[1.0, 1.0, 2.0, 5.0, 7.0]",global_ECLAIR_intensity,global_ECLAIR_return_number,global_ECLAIR_number_of_returns,global_ECLAIR_class
ECLAIR,/csehome/m23csa510/lidar_experiments/datasets/eclair/pointclouds/pointcloud_370.laz,185504,363535.024,6675000.0,57.447,363599.999,6675099.997,84.449,64.97500000003492,99.99700000043958,27.001999999999995,28.550914241791983,"[6565.0, 11185.0, 35537.0, 49638.0, 57170.0]","[1.0, 1.0, 2.0, 4.0, 7.0]","[1.0, 1.0, 2.0, 5.0, 7.0]",global_ECLAIR_intensity,global_ECLAIR_return_number,global_ECLAIR_number_of_returns,global_ECLAIR_class
ECLAIR,/csehome/m23csa510/lidar_experiments/datasets/eclair/pointclouds/pointcloud_371.laz,13401,363574.787,6675100.001,54.61,363599.999,6675158.288,76.93299999999999,25.211999999999534,58.286999999545515,22.322999999999993,9.119230763742975,"[12176.0, 15168.0, 39764.0, 49459.0, 53302.0]","[1.0, 1.0, 1.0, 4.0, 7.0]","[1.0, 1.0, 2.0, 4.0, 7.0]",global_ECLAIR_intensity,global_ECLAIR_return_number,global_ECLAIR_number_of_returns,global_ECLAIR_class
ECLAIR,/csehome/m23csa510/lidar_experiments/datasets/eclair/pointclouds/pointcloud_372.laz,135,363571.262,6676832.245,10.387999999999998,363599.965,6676891.543,46.66,28.70300000003772,59.29799999948591,36.272,0.07931702779526875,"[23615.0, 24282.02, 45183.0, 48463.76, 48740.0]","[1.0, 1.0, 1.0, 4.0, 4.0]","[1.0, 1.0, 1.0, 4.0, 4.0]",global_ECLAIR_intensity,global_ECLAIR_return_number,global_ECLAIR_number_of_returns,global_ECLAIR_class
ECLAIR,/csehome/m23csa510/lidar_experiments/datasets/eclair/pointclouds/pointcloud_373.laz,115795,363500.0,6677234.02,47.906,363599.999,6677299.999,85.416,99.99900000001071,65.97900000028312,37.51,17.550456654552253,"[10220.0, 14044.0, 35711.0, 50393.06, 55287.0]","[1.0, 1.0, 2.0, 4.0, 7.0]","[1.0, 1.0, 2.0, 5.0, 7.0]",global_ECLAIR_intensity,global_ECLAIR_return_number,global_ECLAIR_number_of_returns,global_ECLAIR_class
ECLAIR,/csehome/m23csa510/lidar_experiments/datasets/eclair/pointclouds/pointcloud_374.laz,538605,363500.0,6677300.0,15.908999999999999,363599.999,6677399.999,138.63299999999998,99.99900000001071,99.99899999983609,122.72399999999999,53.86157722624088,"[1149.0, 10147.0, 37029.0, 52241.0, 58163.0]","[1.0, 1.0, 1.0, 4.0, 8.0]","[1.0, 1.0, 2.0, 5.0, 8.0]",global_ECLAIR_intensity,global_ECLAIR_return_number,global_ECLAIR_number_of_returns,global_ECLAIR_class
ECLAIR,/csehome/m23csa510/lidar_experiments/datasets/eclair/pointclouds/pointcloud_375.laz,261251,363500.0,6677400.0,16.89,363599.999,6677499.999,66.31700000000001,99.99900000001071,99.99899999983609,49.42700000000001,26.125622509877658,"[14142.0, 27579.0, 46722.0, 51804.0, 56181.0]","[1.0, 1.0, 1.0, 2.0, 5.0]","[1.0, 1.0, 1.0, 3.0, 5.0]",global_ECLAIR_intensity,global_ECLAIR_return_number,global_ECLAIR_number_of_returns,global_ECLAIR_class
ECLAIR,/csehome/m23csa510/lidar_experiments/datasets/eclair/pointclouds/pointcloud_376.laz,171780,363500.0,6677500.0,42.704,363599.998,6677599.998,78.586,99.99800000002142,99.99799999967217,35.882,17.178687140666785,"[17430.0, 21521.58, 44107.0, 48921.419999999984, 54682.0]","[1.0, 1.0, 1.0, 3.0, 5.0]","[1.0, 1.0, 1.0, 4.0, 5.0]",global_ECLAIR_intensity,global_ECLAIR_return_number,global_ECLAIR_number_of_returns,global_ECLAIR_class
ECLAIR,/csehome/m23csa510/lidar_experiments/datasets/eclair/pointclouds/pointcloud_377.laz,185562,363500.0,6677600.001,20.094,363599.996,6677699.999,79.481,99.99599999998463,99.99799999967217,59.38699999999999,18.557313424023278,"[16991.0, 20192.0, 41837.0, 51945.0, 56038.0]","[1.0, 1.0, 1.0, 3.0, 6.0]","[1.0, 1.0, 1.0, 4.0, 6.0]",global_ECLAIR_intensity,global_ECLAIR_return_number,global_ECLAIR_number_of_returns,global_ECLAIR_class
ECLAIR,/csehome/m23csa510/lidar_experiments/datasets/eclair/pointclouds/pointcloud_378.laz,199087,363500.0,6677700.0,22.65,363599.999,6677799.998,86.065,99.99900000001071,99.99799999967217,63.415,19.909297274999524,"[18772.0, 25560.88, 44138.0, 52604.139999999985, 56117.0]","[1.0, 1.0, 1.0, 2.0, 4.0]","[1.0, 1.0, 1.0, 3.0, 4.0]",global_ECLAIR_intensity,global_ECLAIR_return_number,global_ECLAIR_number_of_returns,global_ECLAIR_class
ECLAIR,/csehome/m23csa510/lidar_experiments/datasets/eclair/pointclouds/pointcloud_379.laz,168308,363500.0,6677800.001,-15.987000000000002,363599.999,6677899.999,85.828,99.99900000001071,99.99799999967217,101.815,16.83130493583519,"[19661.0, 23357.07, 39662.0, 50708.92999999999, 56425.0]","[1.0, 1.0, 1.0, 3.0, 5.0]","[1.0, 1.0, 1.0, 3.0, 5.0]",global_ECLAIR_intensity,global_ECLAIR_return_number,global_ECLAIR_number_of_returns,global_ECLAIR_class
ECLAIR,/csehome/m23csa510/lidar_experiments/datasets/eclair/pointclouds/pointcloud_38.laz,702531,360900.0,6671800.0,35.269,360999.999,6671899.999,109.614,99.99900000001071,99.99899999983609,74.345,70.25450508318384,"[1499.0, 11102.98, 40809.0, 54752.0, 59603.0]","[1.0, 1.0, 1.0, 4.0, 8.0]","[1.0, 1.0, 2.0, 5.0, 8.0]",global_ECLAIR_intensity,global_ECLAIR_return_number,global_ECLAIR_number_of_returns,global_ECLAIR_class
ECLAIR,/csehome/m23csa510/lidar_experiments/datasets/eclair/pointclouds/pointcloud_380.laz,265365,363500.0,6677900.0,27.003,363599.999,6677999.999,88.459,99.99900000001071,99.99899999983609,61.456,26.53703073800171,"[15412.0, 19622.64, 36533.0, 50500.71999999997, 54476.0]","[1.0, 1.0, 1.0, 4.0, 7.0]","[1.0, 1.0, 2.0, 4.0, 7.0]",global_ECLAIR_intensity,global_ECLAIR_return_number,global_ECLAIR_number_of_returns,global_ECLAIR_class
ECLAIR,/csehome/m23csa510/lidar_experiments/datasets/eclair/pointclouds/pointcloud_381.laz,312479,363500.0,6678000.0,43.95,363599.999,6678099.999,93.807,99.99900000001071,99.99899999983609,49.857,31.24852496742237,"[14593.0, 18039.78, 38957.0, 52628.0, 56478.0]","[1.0, 1.0, 1.0, 4.0, 7.0]","[1.0, 1.0, 2.0, 4.0, 7.0]",global_ECLAIR_intensity,global_ECLAIR_return_number,global_ECLAIR_number_of_returns,global_ECLAIR_class
ECLAIR,/csehome/m23csa510/lidar_experiments/datasets/eclair/pointclouds/pointcloud_382.laz,339910,363500.0,6678100.0,53.001999999999995,363599.999,6678199.999,173.917,99.99900000001071,99.99899999983609,120.915,33.99167983024951,"[1313.0, 16817.0, 36316.0, 51969.0, 56656.0]","[1.0, 1.0, 1.0, 4.0, 8.0]","[1.0, 1.0, 2.0, 5.0, 8.0]",global_ECLAIR_intensity,global_ECLAIR_return_number,global_ECLAIR_number_of_returns,global_ECLAIR_class
ECLAIR,/csehome/m23csa510/lidar_experiments/datasets/eclair/pointclouds/pointcloud_383.laz,246762,363500.001,6678200.0,58.706,363599.998,6678299.999,175.457,99.99700000003213,99.99899999983609,116.75099999999999,24.677187080112567,"[13570.0, 17924.0, 35843.0, 50942.0, 55088.0]","[1.0, 1.0, 1.0, 4.0, 7.0]","[1.0, 1.0, 2.0, 5.0, 7.0]",global_ECLAIR_intensity,global_ECLAIR_return_number,global_ECLAIR_number_of_returns,global_ECLAIR_class
ECLAIR,/csehome/m23csa510/lidar_experiments/datasets/eclair/pointclouds/pointcloud_384.laz,82864,363500.0,6678300.001,24.528,363599.999,6678399.978,84.904,99.99900000001071,99.9769999999553,60.376,8.288389194346165,"[19475.0, 22783.0, 38283.0, 50506.0, 54292.0]","[1.0, 1.0, 1.0, 3.0, 5.0]","[1.0, 1.0, 2.0, 4.0, 5.0]",global_ECLAIR_intensity,global_ECLAIR_return_number,global_ECLAIR_number_of_returns,global_ECLAIR_class
ECLAIR,/csehome/m23csa510/lidar_experiments/datasets/eclair/pointclouds/pointcloud_385.laz,460,363500.033,6678400.035,35.91,363543.234,6678427.914,66.309,43.20100000000093,27.87899999972433,30.399,0.38193269733663,"[26214.0, 26727.18, 33882.0, 45646.02, 49939.0]","[1.0, 1.0, 2.0, 3.0, 5.0]","[1.0, 1.0, 2.0, 3.0, 5.0]",global_ECLAIR_intensity,global_ECLAIR_return_number,global_ECLAIR_number_of_returns,global_ECLAIR_class
ECLAIR,/csehome/m23csa510/lidar_experiments/datasets/eclair/pointclouds/pointcloud_386.laz,5393,363643.771,6669675.598,53.788,363699.986,6669699.999,69.52799999999999,56.214999999967404,24.40099999960512,15.739999999999995,3.9316113520239537,"[19334.0, 21261.44, 44635.0, 52779.24, 54447.0]","[1.0, 1.0, 1.0, 4.0, 5.0]","[1.0, 1.0, 2.0, 4.0, 5.0]",global_ECLAIR_intensity,global_ECLAIR_return_number,global_ECLAIR_number_of_returns,global_ECLAIR_class
ECLAIR,/csehome/m23csa510/lidar_experiments/datasets/eclair/pointclouds/pointcloud_387.laz,184557,363600.001,6669700.002,49.265,363699.999,6669799.999,76.34100000000001,99.99800000002142,99.99699999950826,27.076000000000008,18.45662282015384,"[12924.0, 16488.56, 37017.0, 51819.44, 56522.0]","[1.0, 1.0, 1.0, 4.0, 6.0]","[1.0, 1.0, 2.0, 5.0, 6.0]",global_ECLAIR_intensity,global_ECLAIR_return_number,global_ECLAIR_number_of_returns,global_ECLAIR_class
ECLAIR,/csehome/m23csa510/lidar_experiments/datasets/eclair/pointclouds/pointcloud_388.laz,380783,363600.0,6669800.0,50.524,363699.999,6669899.999,117.033,99.99900000001071,99.99899999983609,66.509,38.07906157748198,"[5069.0, 13925.0, 36720.0, 53291.0, 56713.0]","[1.0, 1.0, 1.0, 4.0, 7.0]","[1.0, 1.0, 2.0, 5.0, 7.0]",global_ECLAIR_intensity,global_ECLAIR_return_number,global_ECLAIR_number_of_returns,global_ECLAIR_class
ECLAIR,/csehome/m23csa510/lidar_experiments/datasets/eclair/pointclouds/pointcloud_389.laz,354416,363600.0,6669900.0,55.872,363699.999,6669976.909,79.852,99.99900000001071,76.9089999999851,23.980000000000004,46.08297392964057,"[10480.0, 13560.0, 38042.0, 53873.0, 57494.0]","[1.0, 1.0, 1.0, 4.0, 7.0]","[1.0, 1.0, 2.0, 5.0, 7.0]",global_ECLAIR_intensity,global_ECLAIR_return_number,global_ECLAIR_number_of_returns,global_ECLAIR_class
ECLAIR,/csehome/m23csa510/lidar_experiments/datasets/eclair/pointclouds/pointcloud_39.laz,1021142,360900.0,6671900.0,32.421,360999.999,6671999.999,87.474,99.99900000001071,99.99899999983609,55.053000000000004,102.11624231479111,"[452.0, 8483.99, 40533.0, 54211.0, 58880.0]","[1.0, 1.0, 1.0, 4.0, 8.0]","[1.0, 1.0, 2.0, 5.0, 8.0]",global_ECLAIR_intensity,global_ECLAIR_return_number,global_ECLAIR_number_of_returns,global_ECLAIR_class
ECLAIR,/csehome/m23csa510/lidar_experiments/datasets/eclair/pointclouds/pointcloud_390.laz,141533,363600.001,6670340.306,37.883,363699.999,6670399.999,74.36699999999999,99.99800000002142,59.6929999999702,36.48399999999999,23.710624481372136,"[7359.0, 11485.0, 34757.0, 51365.359999999986, 56909.0]","[1.0, 1.0, 2.0, 4.0, 7.0]","[1.0, 1.0, 2.0, 5.0, 7.0]",global_ECLAIR_intensity,global_ECLAIR_return_number,global_ECLAIR_number_of_returns,global_ECLAIR_class
ECLAIR,/csehome/m23csa510/lidar_experiments/datasets/eclair/pointclouds/pointcloud_391.laz,552411,363600.0,6670400.0,26.71,363699.999,6670499.999,99.784,99.99900000001071,99.99899999983609,73.07400000000001,55.24220483865718,"[2488.0, 8334.0, 36543.0, 53431.0, 57569.0]","[1.0, 1.0, 1.0, 4.0, 8.0]","[1.0, 1.0, 2.0, 5.0, 8.0]",global_ECLAIR_intensity,global_ECLAIR_return_number,global_ECLAIR_number_of_returns,global_ECLAIR_class
ECLAIR,/csehome/m23csa510/lidar_experiments/datasets/eclair/pointclouds/pointcloud_392.laz,233245,363600.0,6670500.0,24.349,363699.999,6670599.999,65.697,99.99900000001071,99.99899999983609,41.348,23.324966497033177,"[6641.0, 12131.76, 42278.0, 52307.0, 58068.0]","[1.0, 1.0, 1.0, 4.0, 7.0]","[1.0, 1.0, 2.0, 5.0, 7.0]",global_ECLAIR_intensity,global_ECLAIR_return_number,global_ECLAIR_number_of_returns,global_ECLAIR_class
ECLAIR,/csehome/m23csa510/lidar_experiments/datasets/eclair/pointclouds/pointcloud_393.laz,9747,363600.001,6670600.001,24.195999999999998,363693.822,6670615.924,25.971,93.82099999999627,15.92299999948591,1.7750000000000021,6.524481640235566,"[19991.0, 42553.9, 45548.0, 48834.7, 52363.0]","[1.0, 1.0, 1.0, 1.0, 5.0]","[1.0, 1.0, 1.0, 1.0, 5.0]",global_ECLAIR_intensity,global_ECLAIR_return_number,global_ECLAIR_number_of_returns,global_ECLAIR_class
ECLAIR,/csehome/m23csa510/lidar_experiments/datasets/eclair/pointclouds/pointcloud_394.laz,41998,363600.0,6674608.214,44.869,363636.433,6674699.999,71.34700000000001,36.43300000001909,91.78500000014901,26.47800000000001,12.559199615859727,"[9197.0, 12654.880000000001, 37353.0, 51633.09, 55545.0]","[1.0, 1.0, 2.0, 5.0, 7.0]","[1.0, 1.0, 2.0, 5.0, 7.0]",global_ECLAIR_intensity,global_ECLAIR_return_number,global_ECLAIR_number_of_returns,global_ECLAIR_class
ECLAIR,/csehome/m23csa510/lidar_experiments/datasets/eclair/pointclouds/pointcloud_395.laz,296294,363600.0,6674700.0,49.899,363679.365,6674799.999,76.529,79.36499999999069,99.99899999983609,26.629999999999995,37.33345466769359,"[5922.0, 9868.0, 33869.0, 52147.07000000001, 56832.0]","[1.0, 1.0, 2.0, 5.0, 8.0]","[1.0, 1.0, 3.0, 6.0, 8.0]",global_ECLAIR_intensity,global_ECLAIR_return_number,global_ECLAIR_number_of_returns,global_ECLAIR_class
ECLAIR,/csehome/m23csa510/lidar_experiments/datasets/eclair/pointclouds/pointcloud_396.laz,693282,363600.0,6674800.0,53.432,363699.999,6674899.999,107.81700000000001,99.99900000001071,99.99899999983609,54.385000000000005,69.32958658490494,"[3145.0, 7971.99, 35379.0, 52797.0, 58522.0]","[1.0, 1.0, 2.0, 5.0, 8.0]","[1.0, 1.0, 3.0, 6.0, 8.0]",global_ECLAIR_intensity,global_ECLAIR_return_number,global_ECLAIR_number_of_returns,global_ECLAIR_class
ECLAIR,/csehome/m23csa510/lidar_experiments/datasets/eclair/pointclouds/pointcloud_397.laz,735879,363600.0,6674900.0,54.403999999999996,363699.999,6674999.999,116.542,99.99900000001071,99.99899999983609,62.138000000000005,73.58937178018941,"[1366.0, 8678.99, 42989.0, 53638.0, 58750.0]","[1.0, 1.0, 1.0, 4.0, 8.0]","[1.0, 1.0, 2.0, 5.0, 8.0]",global_ECLAIR_intensity,global_ECLAIR_return_number,global_ECLAIR_number_of_returns,global_ECLAIR_class
ECLAIR,/csehome/m23csa510/lidar_experiments/datasets/eclair/pointclouds/pointcloud_398.laz,613881,363600.0,6675000.0,51.435,363699.999,6675099.999,124.807,99.99900000001071,99.99899999983609,73.372,61.389327780510726,"[287.0, 10189.99, 45184.0, 54076.0, 59102.0]","[1.0, 1.0, 1.0, 4.0, 7.0]","[1.0, 1.0, 1.0, 4.0, 7.0]",global_ECLAIR_intensity,global_ECLAIR_return_number,global_ECLAIR_number_of_returns,global_ECLAIR_class
ECLAIR,/csehome/m23csa510/lidar_experiments/datasets/eclair/pointclouds/pointcloud_399.laz,546707,363600.0,6675100.0,49.132,363699.999,6675199.999,126.056,99.99900000001071,99.99899999983609,76.924,54.67179343048519,"[1492.0, 11508.0, 35733.0, 53075.0, 58275.0]","[1.0, 1.0, 1.0, 4.0, 7.0]","[1.0, 1.0, 2.0, 5.0, 7.0]",global_ECLAIR_intensity,global_ECLAIR_return_number,global_ECLAIR_number_of_returns,global_ECLAIR_class
ECLAIR,/csehome/m23csa510/lidar_experiments/datasets/eclair/pointclouds/pointcloud_4.laz,350185,360400.0,6671800.0,40.839,360499.999,6671899.999,96.132,99.99900000001071,99.99899999983609,55.293000000000006,35.01920038055934,"[0.0, 6257.0, 37923.0, 53681.159999999974, 58152.0]","[1.0, 1.0, 1.0, 4.0, 7.0]","[1.0, 1.0, 2.0, 5.0, 7.0]",global_ECLAIR_intensity,global_ECLAIR_return_number,global_ECLAIR_number_of_returns,global_ECLAIR_class
ECLAIR,/csehome/m23csa510/lidar_experiments/datasets/eclair/pointclouds/pointcloud_40.laz,598553,360900.0,6672000.0,30.026,360999.999,6672099.999,94.201,99.99900000001071,99.99899999983609,64.175,59.85649712404853,"[0.0, 9362.0, 37284.0, 54016.0, 57494.0]","[1.0, 1.0, 1.0, 4.0, 8.0]","[1.0, 1.0, 2.0, 5.0, 8.0]",global_ECLAIR_intensity,global_ECLAIR_return_number,global_ECLAIR_number_of_returns,global_ECLAIR_class
ECLAIR,/csehome/m23csa510/lidar_experiments/datasets/eclair/pointclouds/pointcloud_400.laz,252821,363615.941,6675200.0,49.412,363699.999,6675299.999,76.837,84.05800000001909,99.99899999983609,27.425000000000004,30.07727143587039,"[8725.0, 13284.0, 35548.0, 51029.79999999999, 55424.0]","[1.0, 1.0, 1.0, 4.0, 6.0]","[1.0, 1.0, 2.0, 4.0, 6.0]",global_ECLAIR_intensity,global_ECLAIR_return_number,global_ECLAIR_number_of_returns,global_ECLAIR_class
ECLAIR,/csehome/m23csa510/lidar_experiments/datasets/eclair/pointclouds/pointcloud_401.laz,41239,363668.165,6675300.001,48.288,363699.999,6675393.186,73.40700000000001,31.834000000031665,93.18499999959022,25.119000000000014,13.901795771654262,"[11508.0, 14756.38, 32171.0, 49107.0, 54009.0]","[1.0, 1.0, 2.0, 4.0, 7.0]","[1.0, 1.0, 2.0, 5.0, 7.0]",global_ECLAIR_intensity,global_ECLAIR_return_number,global_ECLAIR_number_of_returns,global_ECLAIR_class
ECLAIR,/csehome/m23csa510/lidar_experiments/datasets/eclair/pointclouds/pointcloud_402.laz,2232,363691.393,6676387.733,31.497,363709.997,6676409.998,31.857,18.603999999992084,22.264999999664724,0.35999999999999943,5.388466162085159,"[40224.0, 41210.1, 43752.0, 46906.76, 48958.0]","[1.0, 1.0, 1.0, 1.0, 1.0]","[1.0, 1.0, 1.0, 1.0, 1.0]",global_ECLAIR_intensity,global_ECLAIR_return_number,global_ECLAIR_number_of_returns,global_ECLAIR_class
ECLAIR,/csehome/m23csa510/lidar_experiments/datasets/eclair/pointclouds/pointcloud_403.laz,27387,363645.959,6676400.009,31.259,363699.998,6676499.996,31.96,54.03900000004796,99.9870000006631,0.7010000000000005,5.068665366252987,"[38484.0, 40695.0, 43783.0, 48473.14, 51410.0]","[1.0, 1.0, 1.0, 1.0, 2.0]","[1.0, 1.0, 1.0, 1.0, 2.0]",global_ECLAIR_intensity,global_ECLAIR_return_number,global_ECLAIR_number_of_returns,global_ECLAIR_class
ECLAIR,/csehome/m23csa510/lidar_experiments/datasets/eclair/pointclouds/pointcloud_404.laz,184,363692.712,6676500.011,31.279,363699.993,6676503.174,31.583,7.2810000000172295,3.1629999997094274,0.3039999999999985,7.9896471548830865,"[40699.0, 41592.4, 44967.0, 48964.75, 49662.0]","[1.0, 1.0, 1.0, 1.0, 1.0]","[1.0, 1.0, 1.0, 1.0, 1.0]",global_ECLAIR_intensity,global_ECLAIR_return_number,global_ECLAIR_number_of_returns,global_ECLAIR_class
ECLAIR,/csehome/m23csa510/lidar_experiments/datasets/eclair/pointclouds/pointcloud_405.laz,1646,363651.779,6676675.452,12.407,363699.999,6676699.985,45.902,48.22000000003027,24.53300000075251,33.495000000000005,1.391399894152574,"[32247.0, 42018.2, 46502.0, 49056.35, 50352.0]","[1.0, 1.0, 1.0, 2.0, 3.0]","[1.0, 1.0, 1.0, 2.0, 3.0]",global_ECLAIR_intensity,global_ECLAIR_return_number,global_ECLAIR_number_of_returns,global_ECLAIR_class
ECLAIR,/csehome/m23csa510/lidar_experiments/datasets/eclair/pointclouds/pointcloud_406.laz,42444,363611.834,6676700.004,32.555,363699.999,6676799.999,49.839,88.16500000003725,99.99500000011176,17.284,4.814395996829799,"[21550.0, 33863.29, 46468.0, 49894.0, 52171.0]","[1.0, 1.0, 1.0, 2.0, 4.0]","[1.0, 1.0, 1.0, 2.0, 4.0]",global_ECLAIR_intensity,global_ECLAIR_return_number,global_ECLAIR_number_of_returns,global_ECLAIR_class
ECLAIR,/csehome/m23csa510/lidar_experiments/datasets/eclair/pointclouds/pointcloud_407.laz,105509,363600.011,6676800.0,35.569,363699.999,6676899.999,77.191,99.98800000001211,99.99899999983609,41.622,10.55227178268504,"[12948.0, 16850.08, 40651.0, 49920.0, 53796.0]","[1.0, 1.0, 1.0, 4.0, 7.0]","[1.0, 1.0, 2.0, 5.0, 7.0]",global_ECLAIR_intensity,global_ECLAIR_return_number,global_ECLAIR_number_of_returns,global_ECLAIR_class
ECLAIR,/csehome/m23csa510/lidar_experiments/datasets/eclair/pointclouds/pointcloud_408.laz,153812,363601.173,6676900.0,47.328,363699.999,6676999.999,81.708,98.82600000000093,99.99899999983609,34.379999999999995,15.56407606658491,"[11938.0, 16261.0, 39472.0, 51506.889999999985, 55720.0]","[1.0, 1.0, 1.0, 4.0, 6.0]","[1.0, 1.0, 2.0, 5.0, 6.0]",global_ECLAIR_intensity,global_ECLAIR_return_number,global_ECLAIR_number_of_returns,global_ECLAIR_class
ECLAIR,/csehome/m23csa510/lidar_experiments/datasets/eclair/pointclouds/pointcloud_409.laz,140493,363609.79,6677000.0,53.556,363699.999,6677099.995,82.64099999999999,90.20900000003166,99.99500000011176,29.084999999999994,15.574945404676221,"[13752.0, 17454.0, 36002.0, 50172.0, 54088.0]","[1.0, 1.0, 1.0, 4.0, 7.0]","[1.0, 1.0, 2.0, 5.0, 7.0]",global_ECLAIR_intensity,global_ECLAIR_return_number,global_ECLAIR_number_of_returns,global_ECLAIR_class
ECLAIR,/csehome/m23csa510/lidar_experiments/datasets/eclair/pointclouds/pointcloud_41.laz,61704,360918.104,6672100.0,30.062,360999.999,6672159.223,53.422,81.89500000001863,59.22300000023097,23.359999999999996,12.722296940887952,"[8657.0, 11349.03, 29819.0, 45761.82000000001, 53623.0]","[1.0, 1.0, 2.0, 5.0, 7.0]","[1.0, 1.0, 3.0, 5.0, 7.0]",global_ECLAIR_intensity,global_ECLAIR_return_number,global_ECLAIR_number_of_returns,global_ECLAIR_class
ECLAIR,/csehome/m23csa510/lidar_experiments/datasets/eclair/pointclouds/pointcloud_410.laz,15837,363656.963,6677100.0,61.084,363699.999,6677169.653,81.676,43.036000000021886,69.65299999993294,20.592,5.283250360829016,"[16044.0, 18832.88, 35491.0, 50273.2, 53207.0]","[1.0, 1.0, 1.0, 4.0, 6.0]","[1.0, 1.0, 2.0, 4.0, 6.0]",global_ECLAIR_intensity,global_ECLAIR_return_number,global_ECLAIR_number_of_returns,global_ECLAIR_class
ECLAIR,/csehome/m23csa510/lidar_experiments/datasets/eclair/pointclouds/pointcloud_411.laz,116741,363600.0,6677236.924,46.53,363699.999,6677299.999,81.837,99.99900000001071,63.075000000186265,35.307,18.50846887377201,"[11617.0, 16034.0, 39330.0, 51220.20000000001, 54557.0]","[1.0, 1.0, 1.0, 4.0, 6.0]","[1.0, 1.0, 2.0, 4.0, 6.0]",global_ECLAIR_intensity,global_ECLAIR_return_number,global_ECLAIR_number_of_returns,global_ECLAIR_class
ECLAIR,/csehome/m23csa510/lidar_experiments/datasets/eclair/pointclouds/pointcloud_412.laz,365653,363600.0,6677300.0,43.879,363699.999,6677399.999,128.155,99.99900000001071,99.99899999983609,84.27600000000001,36.566031317025754,"[6510.0, 12586.52, 41627.0, 52869.47999999998, 63109.0]","[1.0, 1.0, 1.0, 4.0, 7.0]","[1.0, 1.0, 2.0, 5.0, 7.0]",global_ECLAIR_intensity,global_ECLAIR_return_number,global_ECLAIR_number_of_returns,global_ECLAIR_class
ECLAIR,/csehome/m23csa510/lidar_experiments/datasets/eclair/pointclouds/pointcloud_413.laz,343001,363600.0,6677400.0,18.666,363699.999,6677499.998,75.451,99.99900000001071,99.99799999967217,56.785,34.30112902711936,"[10143.0, 14788.0, 41511.0, 52559.0, 58056.0]","[1.0, 1.0, 1.0, 4.0, 7.0]","[1.0, 1.0, 2.0, 4.0, 7.0]",global_ECLAIR_intensity,global_ECLAIR_return_number,global_ECLAIR_number_of_returns,global_ECLAIR_class
ECLAIR,/csehome/m23csa510/lidar_experiments/datasets/eclair/pointclouds/pointcloud_414.laz,109336,363600.0,6677500.0,11.224999999999998,363699.997,6677599.999,81.297,99.99699999997392,99.99899999983609,70.072,10.93403735823489,"[17555.0, 20584.0, 39021.0, 49368.29999999999, 55587.0]","[1.0, 1.0, 1.0, 3.0, 6.0]","[1.0, 1.0, 2.0, 4.0, 6.0]",global_ECLAIR_intensity,global_ECLAIR_return_number,global_ECLAIR_number_of_returns,global_ECLAIR_class
ECLAIR,/csehome/m23csa510/lidar_experiments/datasets/eclair/pointclouds/pointcloud_415.laz,144227,363600.0,6677600.002,4.846999999999998,363699.999,6677699.999,81.325,99.99900000001071,99.99699999950826,76.47800000000001,14.423276926819469,"[19541.0, 24747.0, 42212.0, 50524.0, 55111.0]","[1.0, 1.0, 1.0, 3.0, 5.0]","[1.0, 1.0, 1.0, 3.0, 5.0]",global_ECLAIR_intensity,global_ECLAIR_return_number,global_ECLAIR_number_of_returns,global_ECLAIR_class
ECLAIR,/csehome/m23csa510/lidar_experiments/datasets/eclair/pointclouds/pointcloud_416.laz,172600,363600.0,6677700.0,29.108,363699.998,6677799.999,87.95,99.99800000002142,99.99899999983609,58.842,17.260517812106855,"[16691.0, 21058.99, 39650.5, 51436.01000000001, 54348.0]","[1.0, 1.0, 1.0, 3.0, 5.0]","[1.0, 1.0, 2.0, 3.0, 5.0]",global_ECLAIR_intensity,global_ECLAIR_return_number,global_ECLAIR_number_of_returns,global_ECLAIR_class
ECLAIR,/csehome/m23csa510/lidar_experiments/datasets/eclair/pointclouds/pointcloud_417.laz,199696,363600.0,6677800.0,15.367999999999999,363699.998,6677899.999,185.78300000000002,99.99800000002142,99.99899999983609,170.41500000000002,19.970199102007474,"[482.0, 18808.0, 39964.0, 52162.04999999999, 57282.0]","[1.0, 1.0, 1.0, 3.0, 7.0]","[1.0, 1.0, 2.0, 4.0, 7.0]",global_ECLAIR_intensity,global_ECLAIR_return_number,global_ECLAIR_number_of_returns,global_ECLAIR_class
ECLAIR,/csehome/m23csa510/lidar_experiments/datasets/eclair/pointclouds/pointcloud_418.laz,342445,363600.0,6677900.0,51.993,363699.999,6677999.999,201.814,99.99900000001071,99.99899999983609,149.821,34.24518490032595,"[1014.0, 17285.0, 37867.0, 52273.0, 55677.0]","[1.0, 1.0, 1.0, 4.0, 7.0]","[1.0, 1.0, 2.0, 5.0, 7.0]",global_ECLAIR_intensity,global_ECLAIR_return_number,global_ECLAIR_number_of_returns,global_ECLAIR_class
ECLAIR,/csehome/m23csa510/lidar_experiments/datasets/eclair/pointclouds/pointcloud_419.laz,347425,363600.0,6678000.0,55.751999999999995,363699.998,6678099.999,189.875,99.99800000002142,99.99899999983609,134.123,34.74354229936978,"[11573.0, 16843.0, 36967.0, 52136.0, 57361.0]","[1.0, 1.0, 1.0, 4.0, 7.0]","[1.0, 1.0, 2.0, 5.0, 7.0]",global_ECLAIR_intensity,global_ECLAIR_return_number,global_ECLAIR_number_of_returns,global_ECLAIR_class
ECLAIR,/csehome/m23csa510/lidar_experiments/datasets/eclair/pointclouds/pointcloud_42.laz,2043,361074.399,6671474.686,46.581,361109.998,6671509.99,69.28800000000001,35.599000000045635,35.30400000046939,22.707000000000008,1.6255736603856872,"[11423.0, 12538.04, 25820.0, 49701.95999999999, 52203.0]","[1.0, 1.0, 3.0, 6.0, 7.0]","[1.0, 1.0, 3.0, 7.0, 7.0]",global_ECLAIR_intensity,global_ECLAIR_return_number,global_ECLAIR_number_of_returns,global_ECLAIR_class
ECLAIR,/csehome/m23csa510/lidar_experiments/datasets/eclair/pointclouds/pointcloud_420.laz,250052,363600.0,6678100.0,55.188,363699.999,6678199.999,188.418,99.99900000001071,99.99899999983609,133.23000000000002,25.00570011153997,"[2712.0, 17506.0, 36032.0, 50970.48999999999, 55072.0]","[1.0, 1.0, 1.0, 4.0, 7.0]","[1.0, 1.0, 2.0, 5.0, 7.0]",global_ECLAIR_intensity,global_ECLAIR_return_number,global_ECLAIR_number_of_returns,global_ECLAIR_class
ECLAIR,/csehome/m23csa510/lidar_experiments/datasets/eclair/pointclouds/pointcloud_421.laz,128548,363600.0,6678200.002,60.608000000000004,363699.994,6678299.998,85.887,99.99400000000605,99.99599999934435,25.278999999999996,12.856085577786681,"[16720.0, 20597.47, 35517.0, 49791.53, 54081.0]","[1.0, 1.0, 1.0, 4.0, 6.0]","[1.0, 1.0, 2.0, 4.0, 6.0]",global_ECLAIR_intensity,global_ECLAIR_return_number,global_ECLAIR_number_of_returns,global_ECLAIR_class
ECLAIR,/csehome/m23csa510/lidar_experiments/datasets/eclair/pointclouds/pointcloud_422.laz,18773,363600.002,6678300.001,29.985,363682.739,6678366.633,80.68,82.73700000002282,66.63200000021607,50.69500000000001,3.4052661515635303,"[22582.0, 24176.44, 35010.0, 48710.56, 51636.0]","[1.0, 1.0, 1.0, 3.0, 6.0]","[1.0, 1.0, 2.0, 4.0, 6.0]",global_ECLAIR_intensity,global_ECLAIR_return_number,global_ECLAIR_number_of_returns,global_ECLAIR_class
ECLAIR,/csehome/m23csa510/lidar_experiments/datasets/eclair/pointclouds/pointcloud_423.laz,47455,363700.01,6669649.636,45.188,363799.998,6669699.999,72.215,99.98800000001211,50.36299999989569,27.027,9.423722828967012,"[16488.0, 19153.0, 38025.0, 51361.38, 54867.0]","[1.0, 1.0, 1.0, 4.0, 6.0]","[1.0, 1.0, 2.0, 5.0, 6.0]",global_ECLAIR_intensity,global_ECLAIR_return_number,global_ECLAIR_number_of_returns,global_ECLAIR_class
ECLAIR,/csehome/m23csa510/lidar_experiments/datasets/eclair/pointclouds/pointcloud_424.laz,284633,363700.0,6669700.0,44.421,363799.999,6669799.999,76.43,99.99900000001071,99.99899999983609,32.00900000000001,28.463869274582713,"[8882.0, 13718.32, 36613.0, 52298.0, 56609.0]","[1.0, 1.0, 1.0, 4.0, 7.0]","[1.0, 1.0, 2.0, 5.0, 7.0]",global_ECLAIR_intensity,global_ECLAIR_return_number,global_ECLAIR_number_of_returns,global_ECLAIR_class
ECLAIR,/csehome/m23csa510/lidar_experiments/datasets/eclair/pointclouds/pointcloud_425.laz,563159,363700.0,6669800.0,46.174,363799.999,6669899.999,78.843,99.99900000001071,99.99899999983609,32.669000000000004,56.31702633498127,"[9388.0, 13311.0, 34648.0, 52891.0, 56116.0]","[1.0, 1.0, 1.0, 4.0, 7.0]","[1.0, 1.0, 2.0, 5.0, 7.0]",global_ECLAIR_intensity,global_ECLAIR_return_number,global_ECLAIR_number_of_returns,global_ECLAIR_class
ECLAIR,/csehome/m23csa510/lidar_experiments/datasets/eclair/pointclouds/pointcloud_426.laz,202606,363700.0,6669900.0,52.927,363767.089,6669978.082,73.854,67.08899999997811,78.08200000040233,20.927,38.676757287107726,"[12212.0, 14986.0, 33765.5, 52261.0, 56745.0]","[1.0, 1.0, 2.0, 4.0, 7.0]","[1.0, 1.0, 2.0, 5.0, 7.0]",global_ECLAIR_intensity,global_ECLAIR_return_number,global_ECLAIR_number_of_returns,global_ECLAIR_class
ECLAIR,/csehome/m23csa510/lidar_experiments/datasets/eclair/pointclouds/pointcloud_427.laz,275055,363700.0,6670304.312,50.132,363799.999,6670399.999,77.822,99.99900000001071,95.68699999991804,27.690000000000005,28.745571559115856,"[3869.0, 9917.08, 34958.0, 51829.0, 57294.0]","[1.0, 1.0, 2.0, 5.0, 8.0]","[1.0, 1.0, 2.0, 5.0, 8.0]",global_ECLAIR_intensity,global_ECLAIR_return_number,global_ECLAIR_number_of_returns,global_ECLAIR_class
ECLAIR,/csehome/m23csa510/lidar_experiments/datasets/eclair/pointclouds/pointcloud_428.laz,601880,363700.0,6670400.0,39.265,363799.999,6670499.999,97.773,99.99900000001071,99.99899999983609,58.507999999999996,60.18920377814885,"[0.0, 6955.99, 36792.0, 53947.01000000001, 59186.0]","[1.0, 1.0, 1.0, 4.0, 8.0]","[1.0, 1.0, 2.0, 5.0, 8.0]",global_ECLAIR_intensity,global_ECLAIR_return_number,global_ECLAIR_number_of_returns,global_ECLAIR_class
ECLAIR,/csehome/m23csa510/lidar_experiments/datasets/eclair/pointclouds/pointcloud_429.laz,170170,363700.0,6670500.0,25.646,363799.999,6670599.872,75.986,99.99900000001071,99.87200000043958,50.34,17.038980066109616,"[6752.0, 11448.380000000001, 36135.0, 52784.92999999999, 57989.0]","[1.0, 1.0, 2.0, 4.0, 8.0]","[1.0, 1.0, 2.0, 5.0, 8.0]",global_ECLAIR_intensity,global_ECLAIR_return_number,global_ECLAIR_number_of_returns,global_ECLAIR_class
ECLAIR,/csehome/m23csa510/lidar_experiments/datasets/eclair/pointclouds/pointcloud_43.laz,239474,361000.001,6671500.25,38.814,361099.999,6671599.999,75.515,99.99800000002142,99.74899999983609,36.701,24.00813938747594,"[5925.0, 10534.0, 34623.0, 51256.0, 57485.0]","[1.0, 1.0, 2.0, 5.0, 8.0]","[1.0, 1.0, 2.0, 5.0, 8.0]",global_ECLAIR_intensity,global_ECLAIR_return_number,global_ECLAIR_number_of_returns,global_ECLAIR_class
ECLAIR,/csehome/m23csa510/lidar_experiments/datasets/eclair/pointclouds/pointcloud_430.laz,9249,363700.002,6674840.968,52.838,363734.242,6674899.999,77.043,34.240000000048894,59.03099999949336,24.205000000000005,4.575945919149844,"[10791.0, 12805.48, 30152.0, 51280.92000000001, 53973.0]","[1.0, 1.0, 3.0, 6.0, 8.0]","[1.0, 1.0, 3.0, 6.0, 8.0]",global_ECLAIR_intensity,global_ECLAIR_return_number,global_ECLAIR_number_of_returns,global_ECLAIR_class
ECLAIR,/csehome/m23csa510/lidar_experiments/datasets/eclair/pointclouds/pointcloud_431.laz,268146,363700.0,6674900.0,52.396,363786.354,6674999.999,82.9,86.35399999999208,99.99899999983609,30.504000000000005,31.05225947695289,"[6296.0, 11268.0, 34879.5, 51680.0, 57752.0]","[1.0, 1.0, 2.0, 5.0, 8.0]","[1.0, 1.0, 3.0, 6.0, 8.0]",global_ECLAIR_intensity,global_ECLAIR_return_number,global_ECLAIR_number_of_returns,global_ECLAIR_class
ECLAIR,/csehome/m23csa510/lidar_experiments/datasets/eclair/pointclouds/pointcloud_432.laz,526775,363700.0,6675000.0,51.314,363799.998,6675099.999,110.175,99.99800000002142,99.99899999983609,58.861,52.6790803619501,"[1001.0, 11098.99, 39407.0, 53876.0, 58388.0]","[1.0, 1.0, 1.0, 4.0, 8.0]","[1.0, 1.0, 2.0, 5.0, 8.0]",global_ECLAIR_intensity,global_ECLAIR_return_number,global_ECLAIR_number_of_returns,global_ECLAIR_class
ECLAIR,/csehome/m23csa510/lidar_experiments/datasets/eclair/pointclouds/pointcloud_433.laz,642511,363700.0,6675100.0,49.076,363799.999,6675199.999,121.112,99.99900000001071,99.99899999983609,72.036,64.25238504137403,"[1513.0, 9500.0, 43475.0, 54283.0, 58791.0]","[1.0, 1.0, 1.0, 4.0, 7.0]","[1.0, 1.0, 2.0, 5.0, 7.0]",global_ECLAIR_intensity,global_ECLAIR_return_number,global_ECLAIR_number_of_returns,global_ECLAIR_class
ECLAIR,/csehome/m23csa510/lidar_experiments/datasets/eclair/pointclouds/pointcloud_434.laz,648050,363700.0,6675200.0,48.426,363799.999,6675299.999,107.461,99.99900000001071,99.99899999983609,59.035,64.80629611954105,"[331.0, 10702.0, 43161.0, 54453.0, 59818.0]","[1.0, 1.0, 1.0, 4.0, 7.0]","[1.0, 1.0, 1.0, 4.0, 7.0]",global_ECLAIR_intensity,global_ECLAIR_return_number,global_ECLAIR_number_of_returns,global_ECLAIR_class
ECLAIR,/csehome/m23csa510/lidar_experiments/datasets/eclair/pointclouds/pointcloud_435.laz,577331,363700.0,6675300.0,48.147999999999996,363799.999,6675399.999,92.805,99.99900000001071,99.99899999983609,44.65700000000001,57.73425467940861,"[4605.0, 11572.99, 37776.0, 52950.0, 57301.0]","[1.0, 1.0, 1.0, 4.0, 7.0]","[1.0, 1.0, 2.0, 5.0, 7.0]",global_ECLAIR_intensity,global_ECLAIR_return_number,global_ECLAIR_number_of_returns,global_ECLAIR_class
ECLAIR,/csehome/m23csa510/lidar_experiments/datasets/eclair/pointclouds/pointcloud_436.laz,282969,363702.748,6675400.0,48.36,363799.999,6675499.999,85.5,97.25099999998929,99.99899999983609,37.14,29.0970611838225,"[4988.0, 11334.0, 33380.0, 50614.0, 56313.0]","[1.0, 1.0, 2.0, 4.0, 8.0]","[1.0, 1.0, 2.0, 5.0, 8.0]",global_ECLAIR_intensity,global_ECLAIR_return_number,global_ECLAIR_number_of_returns,global_ECLAIR_class
ECLAIR,/csehome/m23csa510/lidar_experiments/datasets/eclair/pointclouds/pointcloud_437.laz,20556,363771.955,6675500.0,62.516999999999996,363799.999,6675560.514,83.414,28.043999999994412,60.514000000432134,20.897000000000006,12.112751001678607,"[10215.0, 13193.55, 35120.0, 49840.900000000016, 52501.0]","[1.0, 1.0, 2.0, 4.0, 6.0]","[1.0, 1.0, 2.0, 5.0, 6.0]",global_ECLAIR_intensity,global_ECLAIR_return_number,global_ECLAIR_number_of_returns,global_ECLAIR_class
ECLAIR,/csehome/m23csa510/lidar_experiments/datasets/eclair/pointclouds/pointcloud_438.laz,69793,363700.097,6676305.633,31.112000000000002,363799.999,6676399.999,60.165,99.90200000000186,94.36599999945611,29.052999999999997,7.403245261572135,"[9398.0, 13151.92, 37870.0, 48462.08, 55032.0]","[1.0, 1.0, 1.0, 5.0, 7.0]","[1.0, 1.0, 2.0, 5.0, 7.0]",global_ECLAIR_intensity,global_ECLAIR_return_number,global_ECLAIR_number_of_returns,global_ECLAIR_class
ECLAIR,/csehome/m23csa510/lidar_experiments/datasets/eclair/pointclouds/pointcloud_439.laz,310961,363700.0,6676400.0,30.016,363799.999,6676499.999,84.01400000000001,99.99900000001071,99.99899999983609,53.99800000000001,31.096721931376596,"[5537.0, 10959.0, 38121.0, 52239.0, 64356.0]","[1.0, 1.0, 1.0, 4.0, 7.0]","[1.0, 1.0, 2.0, 5.0, 7.0]",global_ECLAIR_intensity,global_ECLAIR_return_number,global_ECLAIR_number_of_returns,global_ECLAIR_class
ECLAIR,/csehome/m23csa510/lidar_experiments/datasets/eclair/pointclouds/pointcloud_44.laz,560786,361000.0,6671600.0,35.647,361099.999,6671699.999,110.667,99.99900000001071,99.99899999983609,75.02000000000001,56.07972158890972,"[4006.0, 10538.0, 39849.0, 53967.01000000001, 57464.0]","[1.0, 1.0, 1.0, 4.0, 8.0]","[1.0, 1.0, 2.0, 5.0, 8.0]",global_ECLAIR_intensity,global_ECLAIR_return_number,global_ECLAIR_number_of_returns,global_ECLAIR_class
ECLAIR,/csehome/m23csa510/lidar_experiments/datasets/eclair/pointclouds/pointcloud_440.laz,105645,363700.012,6676500.0,30.006999999999998,363799.999,6676546.344,72.263,99.98700000002282,46.34399999957532,42.25600000000001,22.798795019112884,"[6072.0, 9998.880000000001, 38056.0, 52990.56, 65535.0]","[1.0, 1.0, 1.0, 5.0, 7.0]","[1.0, 1.0, 2.0, 5.0, 7.0]",global_ECLAIR_intensity,global_ECLAIR_return_number,global_ECLAIR_number_of_returns,global_ECLAIR_class
ECLAIR,/csehome/m23csa510/lidar_experiments/datasets/eclair/pointclouds/pointcloud_441.laz,33987,363700.001,6676612.981,32.173,363799.999,6676699.999,47.524,99.99800000002142,87.01800000015646,15.350999999999999,3.9058217556743062,"[22316.0, 35865.38, 46627.0, 49500.28, 52467.0]","[1.0, 1.0, 1.0, 2.0, 4.0]","[1.0, 1.0, 1.0, 2.0, 4.0]",global_ECLAIR_intensity,global_ECLAIR_return_number,global_ECLAIR_number_of_returns,global_ECLAIR_class
ECLAIR,/csehome/m23csa510/lidar_experiments/datasets/eclair/pointclouds/pointcloud_442.laz,177346,363700.0,6676700.006,34.071,363799.999,6676799.999,87.19800000000001,99.99900000001071,99.99299999978393,53.12700000000001,17.73601886913074,"[11763.0, 40342.45, 47817.0, 51889.0, 56310.0]","[1.0, 1.0, 1.0, 1.0, 3.0]","[1.0, 1.0, 1.0, 2.0, 3.0]",global_ECLAIR_intensity,global_ECLAIR_return_number,global_ECLAIR_number_of_returns,global_ECLAIR_class
ECLAIR,/csehome/m23csa510/lidar_experiments/datasets/eclair/pointclouds/pointcloud_443.laz,421093,363700.0,6676800.0,35.629,363799.999,6676899.999,71.136,99.99900000001071,99.99899999983609,35.507,42.110142198697474,"[9676.0, 16203.92, 47460.0, 52512.0, 57218.0]","[1.0, 1.0, 1.0, 3.0, 7.0]","[1.0, 1.0, 1.0, 4.0, 7.0]",global_ECLAIR_intensity,global_ECLAIR_return_number,global_ECLAIR_number_of_returns,global_ECLAIR_class
ECLAIR,/csehome/m23csa510/lidar_experiments/datasets/eclair/pointclouds/pointcloud_444.laz,540240,363700.0,6676900.0,44.201,363799.999,6676999.999,154.373,99.99900000001071,99.99899999983609,110.172,54.02508049629019,"[1937.0, 14666.0, 45766.0, 53715.0, 65535.0]","[1.0, 1.0, 1.0, 4.0, 7.0]","[1.0, 1.0, 1.0, 4.0, 7.0]",global_ECLAIR_intensity,global_ECLAIR_return_number,global_ECLAIR_number_of_returns,global_ECLAIR_class
ECLAIR,/csehome/m23csa510/lidar_experiments/datasets/eclair/pointclouds/pointcloud_445.laz,523979,363700.0,6677000.0,51.028999999999996,363799.999,6677099.999,147.41500000000002,99.99900000001071,99.99899999983609,96.38600000000002,52.39894797379986,"[8382.0, 13125.0, 38227.0, 52620.01000000001, 65535.0]","[1.0, 1.0, 1.0, 4.0, 7.0]","[1.0, 1.0, 2.0, 5.0, 7.0]",global_ECLAIR_intensity,global_ECLAIR_return_number,global_ECLAIR_number_of_returns,global_ECLAIR_class
ECLAIR,/csehome/m23csa510/lidar_experiments/datasets/eclair/pointclouds/pointcloud_446.laz,276870,363700.0,6677100.0,55.035,363799.999,6677199.998,89.535,99.99900000001071,99.99799999967217,34.5,27.68783062946912,"[9529.0, 13377.0, 36517.0, 50792.31, 56003.0]","[1.0, 1.0, 1.0, 4.0, 7.0]","[1.0, 1.0, 2.0, 5.0, 7.0]",global_ECLAIR_intensity,global_ECLAIR_return_number,global_ECLAIR_number_of_returns,global_ECLAIR_class
ECLAIR,/csehome/m23csa510/lidar_experiments/datasets/eclair/pointclouds/pointcloud_447.laz,167636,363700.0,6677200.0,-38.855999999999995,363799.999,6677299.999,82.351,99.99900000001071,99.99899999983609,121.207,16.76393527705483,"[12516.0, 15839.0, 33274.0, 48566.649999999994, 53486.0]","[1.0, 1.0, 1.0, 4.0, 7.0]","[1.0, 1.0, 2.0, 5.0, 7.0]",global_ECLAIR_intensity,global_ECLAIR_return_number,global_ECLAIR_number_of_returns,global_ECLAIR_class
ECLAIR,/csehome/m23csa510/lidar_experiments/datasets/eclair/pointclouds/pointcloud_448.laz,461178,363700.0,6677300.0,45.351,363799.999,6677399.999,146.231,99.99900000001071,99.99899999983609,100.88,46.11872236990618,"[920.0, 12040.77, 37429.0, 52251.0, 57839.0]","[1.0, 1.0, 1.0, 4.0, 8.0]","[1.0, 1.0, 2.0, 5.0, 8.0]",global_ECLAIR_intensity,global_ECLAIR_return_number,global_ECLAIR_number_of_returns,global_ECLAIR_class
ECLAIR,/csehome/m23csa510/lidar_experiments/datasets/eclair/pointclouds/pointcloud_449.laz,312729,363700.0,6677400.0,8.849,363799.999,6677499.998,127.35600000000001,99.99900000001071,99.99799999967217,118.507,31.273838208990675,"[6812.0, 12245.0, 38508.0, 52120.0, 65535.0]","[1.0, 1.0, 1.0, 4.0, 8.0]","[1.0, 1.0, 2.0, 5.0, 8.0]",global_ECLAIR_intensity,global_ECLAIR_return_number,global_ECLAIR_number_of_returns,global_ECLAIR_class
ECLAIR,/csehome/m23csa510/lidar_experiments/datasets/eclair/pointclouds/pointcloud_45.laz,585790,361000.0,6671700.0,35.344,361099.999,6671799.999,112.342,99.99900000001071,99.99899999983609,76.99799999999999,58.58017159766368,"[2760.0, 11284.99, 38205.0, 54163.0, 58277.0]","[1.0, 1.0, 1.0, 4.0, 7.0]","[1.0, 1.0, 2.0, 5.0, 7.0]",global_ECLAIR_intensity,global_ECLAIR_return_number,global_ECLAIR_number_of_returns,global_ECLAIR_class
ECLAIR,/csehome/m23csa510/lidar_experiments/datasets/eclair/pointclouds/pointcloud_450.laz,119662,363700.001,6677500.001,26.141,363799.999,6677599.999,76.17,99.99800000002142,99.99799999967217,50.029,11.96667866239649,"[17957.0, 21626.61, 40687.0, 49604.0, 65535.0]","[1.0, 1.0, 1.0, 3.0, 6.0]","[1.0, 1.0, 1.0, 4.0, 6.0]",global_ECLAIR_intensity,global_ECLAIR_return_number,global_ECLAIR_number_of_returns,global_ECLAIR_class
ECLAIR,/csehome/m23csa510/lidar_experiments/datasets/eclair/pointclouds/pointcloud_451.laz,219344,363700.0,6677600.0,47.67,363799.999,6677699.997,93.52199999999999,99.99900000001071,99.99700000043958,45.85199999999999,21.935277404416823,"[15690.0, 19919.0, 39317.0, 52289.57000000001, 56923.0]","[1.0, 1.0, 1.0, 4.0, 6.0]","[1.0, 1.0, 2.0, 4.0, 6.0]",global_ECLAIR_intensity,global_ECLAIR_return_number,global_ECLAIR_number_of_returns,global_ECLAIR_class
ECLAIR,/csehome/m23csa510/lidar_experiments/datasets/eclair/pointclouds/pointcloud_452.laz,181460,363700.0,6677700.0,50.074,363799.999,6677799.998,76.599,99.99900000001071,99.99799999967217,26.525000000000006,18.146544392760017,"[17530.0, 21120.59, 45802.0, 52057.41, 56921.0]","[1.0, 1.0, 1.0, 2.0, 5.0]","[1.0, 1.0, 1.0, 3.0, 5.0]",global_ECLAIR_intensity,global_ECLAIR_return_number,global_ECLAIR_number_of_returns,global_ECLAIR_class
ECLAIR,/csehome/m23csa510/lidar_experiments/datasets/eclair/pointclouds/pointcloud_453.laz,201642,363700.0,6677800.0,52.629000000000005,363799.999,6677899.999,85.87299999999999,99.99900000001071,99.99899999983609,33.243999999999986,20.164603290080233,"[15885.0, 21220.64, 46099.0, 51935.0, 56279.0]","[1.0, 1.0, 1.0, 3.0, 5.0]","[1.0, 1.0, 1.0, 3.0, 5.0]",global_ECLAIR_intensity,global_ECLAIR_return_number,global_ECLAIR_number_of_returns,global_ECLAIR_class
ECLAIR,/csehome/m23csa510/lidar_experiments/datasets/eclair/pointclouds/pointcloud_454.laz,174017,363700.001,6677900.0,57.038,363799.999,6677999.999,94.06,99.99800000002142,99.99899999983609,37.022000000000006,17.40222206320625,"[15919.0, 20432.0, 42940.0, 51931.0, 54696.0]","[1.0, 1.0, 1.0, 3.0, 6.0]","[1.0, 1.0, 1.0, 4.0, 6.0]",global_ECLAIR_intensity,global_ECLAIR_return_number,global_ECLAIR_number_of_returns,global_ECLAIR_class
ECLAIR,/csehome/m23csa510/lidar_experiments/datasets/eclair/pointclouds/pointcloud_455.laz,154070,363700.001,6678000.0,57.388000000000005,363799.998,6678099.999,89.908,99.99700000003213,99.99899999983609,32.519999999999996,15.40761630005002,"[15688.0, 19484.0, 39292.0, 51090.0, 54945.0]","[1.0, 1.0, 1.0, 3.0, 6.0]","[1.0, 1.0, 2.0, 4.0, 6.0]",global_ECLAIR_intensity,global_ECLAIR_return_number,global_ECLAIR_number_of_returns,global_ECLAIR_class
ECLAIR,/csehome/m23csa510/lidar_experiments/datasets/eclair/pointclouds/pointcloud_456.laz,81573,363700.001,6678100.0,40.034,363799.997,6678199.998,91.59100000000001,99.99599999998463,99.99799999967217,51.55700000000001,8.157789460869417,"[17601.0, 20704.0, 35670.0, 48833.28, 52895.0]","[1.0, 1.0, 1.0, 4.0, 6.0]","[1.0, 1.0, 2.0, 4.0, 6.0]",global_ECLAIR_intensity,global_ECLAIR_return_number,global_ECLAIR_number_of_returns,global_ECLAIR_class
ECLAIR,/csehome/m23csa510/lidar_experiments/datasets/eclair/pointclouds/pointcloud_457.laz,18392,363700.0,6678200.0,40.24,363777.382,6678285.402,89.387,77.38199999998324,85.40199999976903,49.147,2.783049729225169,"[22156.0, 24361.91, 35149.0, 45974.54, 52630.0]","[1.0, 1.0, 1.0, 3.0, 5.0]","[1.0, 1.0, 2.0, 3.0, 5.0]",global_ECLAIR_intensity,global_ECLAIR_return_number,global_ECLAIR_number_of_returns,global_ECLAIR_class
ECLAIR,/csehome/m23csa510/lidar_experiments/datasets/eclair/pointclouds/pointcloud_458.laz,61927,363800.004,6669649.605,43.819,363899.995,6669699.995,69.608,99.99099999997998,50.389999999664724,25.789,12.290647734089767,"[17071.0, 19576.3, 37181.0, 50240.219999999994, 55313.0]","[1.0, 1.0, 1.0, 4.0, 7.0]","[1.0, 1.0, 2.0, 5.0, 7.0]",global_ECLAIR_intensity,global_ECLAIR_return_number,global_ECLAIR_number_of_returns,global_ECLAIR_class
ECLAIR,/csehome/m23csa510/lidar_experiments/datasets/eclair/pointclouds/pointcloud_459.laz,248439,363800.0,6669700.0,43.754,363899.999,6669799.999,133.297,99.99900000001071,99.99899999983609,89.543,24.84439688549133,"[5493.0, 15260.0, 39877.0, 52883.0, 57107.0]","[1.0, 1.0, 1.0, 4.0, 7.0]","[1.0, 1.0, 2.0, 4.0, 7.0]",global_ECLAIR_intensity,global_ECLAIR_return_number,global_ECLAIR_number_of_returns,global_ECLAIR_class
ECLAIR,/csehome/m23csa510/lidar_experiments/datasets/eclair/pointclouds/pointcloud_46.laz,378586,361000.0,6671800.0,33.808,361099.999,6671899.999,63.78,99.99900000001071,99.99899999983609,29.972,37.85935718341573,"[6433.0, 12789.0, 35529.0, 52485.15000000002, 57877.0]","[1.0, 1.0, 2.0, 4.0, 7.0]","[1.0, 1.0, 2.0, 5.0, 7.0]",global_ECLAIR_intensity,global_ECLAIR_return_number,global_ECLAIR_number_of_returns,global_ECLAIR_class
ECLAIR,/csehome/m23csa510/lidar_experiments/datasets/eclair/pointclouds/pointcloud_460.laz,464010,363800.0,6669800.0,43.731,363899.999,6669899.999,77.39099999999999,99.99900000001071,99.99899999983609,33.65999999999999,46.401928033991574,"[8466.0, 13415.0, 37467.0, 53041.0, 59572.0]","[1.0, 1.0, 1.0, 4.0, 8.0]","[1.0, 1.0, 2.0, 5.0, 8.0]",global_ECLAIR_intensity,global_ECLAIR_return_number,global_ECLAIR_number_of_returns,global_ECLAIR_class
ECLAIR,/csehome/m23csa510/lidar_experiments/datasets/eclair/pointclouds/pointcloud_461.laz,111810,363820.703,6669900.0,44.394999999999996,363899.999,6669999.994,68.28800000000001,79.2960000000312,99.99399999994785,23.893000000000015,14.10117900052392,"[14019.0, 17222.09, 35494.0, 50430.82000000001, 55081.0]","[1.0, 1.0, 1.0, 4.0, 6.0]","[1.0, 1.0, 2.0, 4.0, 6.0]",global_ECLAIR_intensity,global_ECLAIR_return_number,global_ECLAIR_number_of_returns,global_ECLAIR_class
ECLAIR,/csehome/m23csa510/lidar_experiments/datasets/eclair/pointclouds/pointcloud_462.laz,134,363886.824,6670000.001,49.318,363899.972,6670008.608,54.68,13.147999999986496,8.606999999843538,5.362000000000002,1.1841134113654666,"[20845.0, 21124.97, 29913.5, 45537.55999999999, 46474.0]","[1.0, 1.0, 3.0, 5.0, 6.0]","[1.0, 2.0, 3.0, 6.0, 6.0]",global_ECLAIR_intensity,global_ECLAIR_return_number,global_ECLAIR_number_of_returns,global_ECLAIR_class
ECLAIR,/csehome/m23csa510/lidar_experiments/datasets/eclair/pointclouds/pointcloud_463.laz,22422,363816.419,6670259.989,50.051,363899.999,6670299.998,73.459,83.5800000000163,40.00899999961257,23.408,6.705239347054054,"[11448.0, 13667.0, 31146.5, 47689.38000000002, 54234.0]","[1.0, 1.0, 2.0, 5.0, 7.0]","[1.0, 1.0, 3.0, 5.0, 7.0]",global_ECLAIR_intensity,global_ECLAIR_return_number,global_ECLAIR_number_of_returns,global_ECLAIR_class
ECLAIR,/csehome/m23csa510/lidar_experiments/datasets/eclair/pointclouds/pointcloud_464.laz,453908,363800.0,6670300.0,50.238,363899.999,6670399.999,83.918,99.99900000001071,99.99899999983609,33.68000000000001,45.391707829686965,"[1932.0, 9239.0, 35763.0, 52109.92999999999, 57237.0]","[1.0, 1.0, 1.0, 4.0, 7.0]","[1.0, 1.0, 2.0, 5.0, 7.0]",global_ECLAIR_intensity,global_ECLAIR_return_number,global_ECLAIR_number_of_returns,global_ECLAIR_class
ECLAIR,/csehome/m23csa510/lidar_experiments/datasets/eclair/pointclouds/pointcloud_465.laz,514088,363800.0,6670400.0,50.541,363899.999,6670499.999,78.119,99.99900000001071,99.99899999983609,27.578000000000003,51.4098281915016,"[3186.0, 8732.0, 35656.0, 53553.0, 58094.0]","[1.0, 1.0, 1.0, 4.0, 8.0]","[1.0, 1.0, 2.0, 5.0, 8.0]",global_ECLAIR_intensity,global_ECLAIR_return_number,global_ECLAIR_number_of_returns,global_ECLAIR_class
ECLAIR,/csehome/m23csa510/lidar_experiments/datasets/eclair/pointclouds/pointcloud_466.laz,57928,363800.002,6670500.0,49.195,363899.992,6670548.358,76.55199999999999,99.9900000000489,48.35800000000745,27.356999999999992,11.980188051470424,"[9283.0, 13417.27, 34906.5, 52077.18999999999, 57967.0]","[1.0, 1.0, 2.0, 5.0, 7.0]","[1.0, 1.0, 2.0, 5.0, 7.0]",global_ECLAIR_intensity,global_ECLAIR_return_number,global_ECLAIR_number_of_returns,global_ECLAIR_class
ECLAIR,/csehome/m23csa510/lidar_experiments/datasets/eclair/pointclouds/pointcloud_467.laz,10035,363800.0,6675038.937,55.882000000000005,363825.985,6675099.998,76.963,25.98499999998603,61.06099999975413,21.08099999999999,6.324566206241799,"[11199.0, 13929.0, 33549.0, 50706.259999999995, 54477.0]","[1.0, 1.0, 2.0, 5.0, 7.0]","[1.0, 1.0, 2.0, 5.0, 7.0]",global_ECLAIR_intensity,global_ECLAIR_return_number,global_ECLAIR_number_of_returns,global_ECLAIR_class
ECLAIR,/csehome/m23csa510/lidar_experiments/datasets/eclair/pointclouds/pointcloud_468.laz,203937,363800.0,6675100.001,49.16,363867.985,6675199.999,84.71600000000001,67.98499999998603,99.99799999967217,35.55600000000001,29.997952316288437,"[5879.0, 11082.0, 36944.0, 53062.0, 58986.0]","[1.0, 1.0, 2.0, 4.0, 7.0]","[1.0, 1.0, 2.0, 5.0, 7.0]",global_ECLAIR_intensity,global_ECLAIR_return_number,global_ECLAIR_number_of_returns,global_ECLAIR_class
ECLAIR,/csehome/m23csa510/lidar_experiments/datasets/eclair/pointclouds/pointcloud_469.laz,600600,363800.0,6675200.0,49.314,363899.999,6675299.999,106.82000000000001,99.99900000001071,99.99899999983609,57.50600000000001,60.061201218110256,"[1315.0, 9135.0, 36968.0, 53641.01000000001, 59063.0]","[1.0, 1.0, 1.0, 4.0, 8.0]","[1.0, 1.0, 2.0, 5.0, 8.0]",global_ECLAIR_intensity,global_ECLAIR_return_number,global_ECLAIR_number_of_returns,global_ECLAIR_class
ECLAIR,/csehome/m23csa510/lidar_experiments/datasets/eclair/pointclouds/pointcloud_47.laz,413672,361000.0,6671900.002,31.688,361099.998,6671999.999,60.217,99.99800000002142,99.99699999950826,28.529,41.36926843879495,"[2968.0, 8878.71, 35723.0, 53633.0, 57821.0]","[1.0, 1.0, 2.0, 5.0, 8.0]","[1.0, 1.0, 2.0, 5.0, 8.0]",global_ECLAIR_intensity,global_ECLAIR_return_number,global_ECLAIR_number_of_returns,global_ECLAIR_class
ECLAIR,/csehome/m23csa510/lidar_experiments/datasets/eclair/pointclouds/pointcloud_470.laz,707370,363800.0,6675300.0,51.734,363899.999,6675399.999,122.635,99.99900000001071,99.99899999983609,70.90100000000001,70.73841476132975,"[2930.0, 9052.99, 42148.0, 54201.0, 59213.0]","[1.0, 1.0, 1.0, 4.0, 8.0]","[1.0, 1.0, 2.0, 5.0, 8.0]",global_ECLAIR_intensity,global_ECLAIR_return_number,global_ECLAIR_number_of_returns,global_ECLAIR_class
ECLAIR,/csehome/m23csa510/lidar_experiments/datasets/eclair/pointclouds/pointcloud_471.laz,686715,363800.0,6675400.0,54.691,363899.999,6675499.999,102.70400000000001,99.99900000001071,99.99899999983609,48.013000000000005,68.67287345070693,"[926.0, 9329.99, 43618.0, 53782.0, 58771.0]","[1.0, 1.0, 1.0, 4.0, 7.0]","[1.0, 1.0, 1.0, 5.0, 8.0]",global_ECLAIR_intensity,global_ECLAIR_return_number,global_ECLAIR_number_of_returns,global_ECLAIR_class
ECLAIR,/csehome/m23csa510/lidar_experiments/datasets/eclair/pointclouds/pointcloud_472.laz,578475,363800.0,6675500.0,53.265,363899.999,6675599.999,89.378,99.99900000001071,99.99899999983609,36.113,57.848656967443105,"[3723.0, 9505.99, 39674.0, 53584.0, 57290.0]","[1.0, 1.0, 1.0, 4.0, 7.0]","[1.0, 1.0, 2.0, 5.0, 7.0]",global_ECLAIR_intensity,global_ECLAIR_return_number,global_ECLAIR_number_of_returns,global_ECLAIR_class
ECLAIR,/csehome/m23csa510/lidar_experiments/datasets/eclair/pointclouds/pointcloud_473.laz,263229,363804.022,6675600.0,35.506,363899.999,6675699.999,81.80600000000001,95.9770000000135,99.99899999983609,46.30000000000001,27.426532639769693,"[6285.0, 12077.28, 35228.0, 50817.0, 56264.0]","[1.0, 1.0, 1.0, 4.0, 7.0]","[1.0, 1.0, 2.0, 5.0, 7.0]",global_ECLAIR_intensity,global_ECLAIR_return_number,global_ECLAIR_number_of_returns,global_ECLAIR_class
ECLAIR,/csehome/m23csa510/lidar_experiments/datasets/eclair/pointclouds/pointcloud_474.laz,108326,363831.83,6675700.0,35.593,363899.999,6675796.261,73.571,68.16899999999441,96.2609999999404,37.977999999999994,16.50803628042053,"[12410.0, 15078.25, 32205.0, 48056.5, 53182.0]","[1.0, 1.0, 2.0, 5.0, 7.0]","[1.0, 1.0, 3.0, 5.0, 7.0]",global_ECLAIR_intensity,global_ECLAIR_return_number,global_ECLAIR_number_of_returns,global_ECLAIR_class
ECLAIR,/csehome/m23csa510/lidar_experiments/datasets/eclair/pointclouds/pointcloud_475.laz,63825,363806.892,6676246.727,33.701,363899.999,6676299.999,60.193,93.10700000001816,53.27199999988079,26.491999999999997,12.867953655983431,"[10264.0, 14121.48, 37805.0, 49293.0, 57211.0]","[1.0, 1.0, 1.0, 4.0, 7.0]","[1.0, 1.0, 2.0, 5.0, 7.0]",global_ECLAIR_intensity,global_ECLAIR_return_number,global_ECLAIR_number_of_returns,global_ECLAIR_class
ECLAIR,/csehome/m23csa510/lidar_experiments/datasets/eclair/pointclouds/pointcloud_476.laz,316211,363800.0,6676300.0,31.252,363899.999,6676399.999,104.187,99.99900000001071,99.99899999983609,72.935,31.6217324315349,"[4634.0, 11146.0, 40801.0, 51927.0, 58596.0]","[1.0, 1.0, 1.0, 4.0, 8.0]","[1.0, 1.0, 2.0, 5.0, 8.0]",global_ECLAIR_intensity,global_ECLAIR_return_number,global_ECLAIR_number_of_returns,global_ECLAIR_class
ECLAIR,/csehome/m23csa510/lidar_experiments/datasets/eclair/pointclouds/pointcloud_477.laz,594433,363800.0,6676400.0,30.769,363899.999,6676499.999,116.653,99.99900000001071,99.99899999983609,85.88400000000001,59.4444888839243,"[696.0, 8309.0, 37265.0, 53054.0, 58897.0]","[1.0, 1.0, 1.0, 4.0, 8.0]","[1.0, 1.0, 2.0, 5.0, 8.0]",global_ECLAIR_intensity,global_ECLAIR_return_number,global_ECLAIR_number_of_returns,global_ECLAIR_class
ECLAIR,/csehome/m23csa510/lidar_experiments/datasets/eclair/pointclouds/pointcloud_478.laz,358082,363800.0,6676500.0,9.52,363899.999,6676599.999,82.904,99.99900000001071,99.99899999983609,73.384,35.80891617479746,"[3136.0, 11693.0, 38467.0, 51666.0, 59679.0]","[1.0, 1.0, 1.0, 4.0, 8.0]","[1.0, 1.0, 2.0, 5.0, 8.0]",global_ECLAIR_intensity,global_ECLAIR_return_number,global_ECLAIR_number_of_returns,global_ECLAIR_class
ECLAIR,/csehome/m23csa510/lidar_experiments/datasets/eclair/pointclouds/pointcloud_479.laz,219898,363800.002,6676600.0,31.348,363899.999,6676699.999,114.062,99.99700000003213,99.99899999983609,82.714,21.9906796206166,"[77.0, 27888.0, 46474.0, 51926.0, 55279.0]","[1.0, 1.0, 1.0, 2.0, 5.0]","[1.0, 1.0, 1.0, 2.0, 5.0]",global_ECLAIR_intensity,global_ECLAIR_return_number,global_ECLAIR_number_of_returns,global_ECLAIR_class
ECLAIR,/csehome/m23csa510/lidar_experiments/datasets/eclair/pointclouds/pointcloud_48.laz,635497,361000.0,6672000.0,30.775,361099.999,6672099.999,86.087,99.99900000001071,99.99899999983609,55.312000000000005,63.550971013162524,"[0.0, 8488.0, 43050.0, 54784.0, 58738.0]","[1.0, 1.0, 1.0, 4.0, 7.0]","[1.0, 1.0, 2.0, 5.0, 8.0]",global_ECLAIR_intensity,global_ECLAIR_return_number,global_ECLAIR_number_of_returns,global_ECLAIR_class
ECLAIR,/csehome/m23csa510/lidar_experiments/datasets/eclair/pointclouds/pointcloud_480.laz,666898,363800.0,6676700.0,34.977,363899.999,6676799.999,123.014,99.99900000001071,99.99899999983609,88.037,66.69113381610939,"[0.0, 10709.99, 40848.0, 52972.0, 58518.0]","[1.0, 1.0, 1.0, 4.0, 8.0]","[1.0, 1.0, 2.0, 5.0, 8.0]",global_ECLAIR_intensity,global_ECLAIR_return_number,global_ECLAIR_number_of_returns,global_ECLAIR_class
ECLAIR,/csehome/m23csa510/lidar_experiments/datasets/eclair/pointclouds/pointcloud_481.laz,1155375,363800.0,6676800.0,34.742,363899.999,6676899.999,94.388,99.99900000001071,99.99899999983609,59.64600000000001,115.53981078483872,"[2409.0, 14295.99, 43425.0, 52429.0, 57499.0]","[1.0, 1.0, 1.0, 4.0, 7.0]","[1.0, 1.0, 1.0, 5.0, 7.0]",global_ECLAIR_intensity,global_ECLAIR_return_number,global_ECLAIR_number_of_returns,global_ECLAIR_class
ECLAIR,/csehome/m23csa510/lidar_experiments/datasets/eclair/pointclouds/pointcloud_482.laz,1286014,363800.0,6676900.0,39.594,363899.999,6676999.999,135.644,99.99900000001071,99.99899999983609,96.05000000000001,128.60397206677797,"[403.0, 11965.0, 43336.5, 53613.0, 65535.0]","[1.0, 1.0, 1.0, 4.0, 7.0]","[1.0, 1.0, 1.0, 4.0, 8.0]",global_ECLAIR_intensity,global_ECLAIR_return_number,global_ECLAIR_number_of_returns,global_ECLAIR_class
ECLAIR,/csehome/m23csa510/lidar_experiments/datasets/eclair/pointclouds/pointcloud_483.laz,1804525,363800.0,6677000.0,48.480000000000004,363899.999,6677099.999,130.155,99.99900000001071,99.99899999983609,81.675,180.45610910441295,"[2364.0, 9651.99, 36427.0, 53284.01000000001, 65535.0]","[1.0, 1.0, 1.0, 5.0, 8.0]","[1.0, 1.0, 2.0, 5.0, 8.0]",global_ECLAIR_intensity,global_ECLAIR_return_number,global_ECLAIR_number_of_returns,global_ECLAIR_class
ECLAIR,/csehome/m23csa510/lidar_experiments/datasets/eclair/pointclouds/pointcloud_484.laz,1213305,363800.0,6677100.0,57.453,363899.999,6677199.999,126.57300000000001,99.99900000001071,99.99899999983609,69.12,121.33292664658552,"[3721.0, 9464.99, 35205.0, 53024.0, 58779.0]","[1.0, 1.0, 2.0, 4.0, 8.0]","[1.0, 1.0, 2.0, 5.0, 8.0]",global_ECLAIR_intensity,global_ECLAIR_return_number,global_ECLAIR_number_of_returns,global_ECLAIR_class
ECLAIR,/csehome/m23csa510/lidar_experiments/datasets/eclair/pointclouds/pointcloud_485.laz,739952,363800.0,6677200.0,48.771,363899.999,6677299.999,92.05199999999999,99.99900000001071,99.99899999983609,43.28099999999999,73.99667992631223,"[5427.0, 10870.99, 33639.0, 50506.0, 56485.0]","[1.0, 1.0, 2.0, 4.0, 8.0]","[1.0, 1.0, 2.0, 5.0, 8.0]",global_ECLAIR_intensity,global_ECLAIR_return_number,global_ECLAIR_number_of_returns,global_ECLAIR_class
ECLAIR,/csehome/m23csa510/lidar_experiments/datasets/eclair/pointclouds/pointcloud_486.laz,746608,363800.0,6677300.0,47.66,363899.999,6677399.999,134.65800000000002,99.99900000001071,99.99899999983609,86.99800000000002,74.66229323851292,"[5116.0, 9723.0, 35275.0, 52555.0, 58486.0]","[1.0, 1.0, 1.0, 4.0, 8.0]","[1.0, 1.0, 2.0, 5.0, 8.0]",global_ECLAIR_intensity,global_ECLAIR_return_number,global_ECLAIR_number_of_returns,global_ECLAIR_class
ECLAIR,/csehome/m23csa510/lidar_experiments/datasets/eclair/pointclouds/pointcloud_487.laz,298138,363800.0,6677400.0,10.419,363899.999,6677499.999,74.30199999999999,99.99900000001071,99.99899999983609,63.882999999999996,29.814396284989936,"[7620.0, 14071.369999999999, 45967.0, 52216.0, 56436.0]","[1.0, 1.0, 1.0, 4.0, 8.0]","[1.0, 1.0, 1.0, 5.0, 8.0]",global_ECLAIR_intensity,global_ECLAIR_return_number,global_ECLAIR_number_of_returns,global_ECLAIR_class
ECLAIR,/csehome/m23csa510/lidar_experiments/datasets/eclair/pointclouds/pointcloud_488.laz,249642,363800.0,6677500.0,48.104,363899.999,6677599.999,124.069,99.99900000001071,99.99899999983609,75.965,24.964699291527605,"[8442.0, 17155.0, 40560.0, 51828.0, 55691.0]","[1.0, 1.0, 1.0, 4.0, 8.0]","[1.0, 1.0, 2.0, 5.0, 8.0]",global_ECLAIR_intensity,global_ECLAIR_return_number,global_ECLAIR_number_of_returns,global_ECLAIR_class
ECLAIR,/csehome/m23csa510/lidar_experiments/datasets/eclair/pointclouds/pointcloud_489.laz,266987,363800.0,6677600.0,47.358000000000004,363899.999,6677699.998,178.417,99.99900000001071,99.99799999967217,131.059,26.69950097977416,"[2692.0, 17079.0, 41317.0, 52982.0, 57385.0]","[1.0, 1.0, 1.0, 4.0, 8.0]","[1.0, 1.0, 2.0, 5.0, 8.0]",global_ECLAIR_intensity,global_ECLAIR_return_number,global_ECLAIR_number_of_returns,global_ECLAIR_class
ECLAIR,/csehome/m23csa510/lidar_experiments/datasets/eclair/pointclouds/pointcloud_49.laz,524748,361000.0,6672100.0,30.057,361099.999,6672199.997,59.266999999999996,99.99900000001071,99.99700000043958,29.209999999999997,52.47689905998303,"[4140.0, 9719.99, 33733.0, 52678.0, 57896.0]","[1.0, 1.0, 2.0, 4.0, 8.0]","[1.0, 1.0, 2.0, 5.0, 8.0]",global_ECLAIR_intensity,global_ECLAIR_return_number,global_ECLAIR_number_of_returns,global_ECLAIR_class
ECLAIR,/csehome/m23csa510/lidar_experiments/datasets/eclair/pointclouds/pointcloud_490.laz,208345,363800.0,6677700.0,48.124,363899.999,6677799.998,187.181,99.99900000001071,99.99799999967217,139.05700000000002,20.835125049650536,"[8703.0, 18768.0, 42738.0, 52179.56, 55649.0]","[1.0, 1.0, 1.0, 3.0, 6.0]","[1.0, 1.0, 1.0, 4.0, 6.0]",global_ECLAIR_intensity,global_ECLAIR_return_number,global_ECLAIR_number_of_returns,global_ECLAIR_class
ECLAIR,/csehome/m23csa510/lidar_experiments/datasets/eclair/pointclouds/pointcloud_491.laz,123768,363800.0,6677800.001,52.71,363899.999,6677887.466,90.057,99.99900000001071,87.46499999985099,37.347,14.150716022703314,"[18429.0, 21789.0, 40192.0, 50418.0, 54638.0]","[1.0, 1.0, 1.0, 3.0, 5.0]","[1.0, 1.0, 1.0, 4.0, 5.0]",global_ECLAIR_intensity,global_ECLAIR_return_number,global_ECLAIR_number_of_returns,global_ECLAIR_class
ECLAIR,/csehome/m23csa510/lidar_experiments/datasets/eclair/pointclouds/pointcloud_492.laz,9834,363800.001,6677946.244,25.277,363856.921,6677999.992,87.739,56.9199999999837,53.747999999672174,62.462,3.2144228308872065,"[21466.0, 23311.97, 35580.0, 47855.69, 51346.0]","[1.0, 1.0, 1.0, 3.0, 4.0]","[1.0, 1.0, 2.0, 3.0, 4.0]",global_ECLAIR_intensity,global_ECLAIR_return_number,global_ECLAIR_number_of_returns,global_ECLAIR_class
ECLAIR,/csehome/m23csa510/lidar_experiments/datasets/eclair/pointclouds/pointcloud_493.laz,37926,363800.001,6678000.001,10.288,363870.154,6678099.994,74.181,70.15299999999115,99.99299999978393,63.893,5.406562086573226,"[23090.0, 25261.0, 37787.0, 50327.0, 53110.0]","[1.0, 1.0, 1.0, 3.0, 4.0]","[1.0, 1.0, 2.0, 3.0, 4.0]",global_ECLAIR_intensity,global_ECLAIR_return_number,global_ECLAIR_number_of_returns,global_ECLAIR_class
ECLAIR,/csehome/m23csa510/lidar_experiments/datasets/eclair/pointclouds/pointcloud_494.laz,4162,363800.006,6678100.001,29.221,363842.771,6678155.671,73.012,42.76500000001397,55.669999999925494,43.791,1.7482050812593868,"[24579.0, 25780.54, 40099.0, 50151.850000000006, 51942.0]","[1.0, 1.0, 1.0, 3.0, 4.0]","[1.0, 1.0, 2.0, 3.0, 4.0]",global_ECLAIR_intensity,global_ECLAIR_return_number,global_ECLAIR_number_of_returns,global_ECLAIR_class
ECLAIR,/csehome/m23csa510/lidar_experiments/datasets/eclair/pointclouds/pointcloud_495.laz,18044,363900.006,6669662.13,44.268,363989.705,6669699.998,63.754000000000005,89.69900000002235,37.86799999978393,19.486000000000004,5.312180809546061,"[18411.0, 21120.72, 39002.5, 49433.28, 52579.0]","[1.0, 1.0, 1.0, 3.0, 5.0]","[1.0, 1.0, 2.0, 4.0, 5.0]",global_ECLAIR_intensity,global_ECLAIR_return_number,global_ECLAIR_number_of_returns,global_ECLAIR_class
ECLAIR,/csehome/m23csa510/lidar_experiments/datasets/eclair/pointclouds/pointcloud_496.laz,177999,363900.0,6669700.001,43.911,363999.997,6669799.999,63.25,99.99699999997392,99.99799999967217,19.339,17.800790028883966,"[12397.0, 18024.0, 41557.0, 52630.0, 56633.0]","[1.0, 1.0, 1.0, 3.0, 6.0]","[1.0, 1.0, 2.0, 4.0, 6.0]",global_ECLAIR_intensity,global_ECLAIR_return_number,global_ECLAIR_number_of_returns,global_ECLAIR_class
ECLAIR,/csehome/m23csa510/lidar_experiments/datasets/eclair/pointclouds/pointcloud_497.laz,264325,363900.0,6669800.0,43.748,363999.999,6669899.999,67.985,99.99900000001071,99.99899999983609,24.237000000000002,26.43302865797035,"[9793.0, 16014.48, 44785.0, 54160.76000000001, 65535.0]","[1.0, 1.0, 1.0, 3.0, 6.0]","[1.0, 1.0, 1.0, 4.0, 6.0]",global_ECLAIR_intensity,global_ECLAIR_return_number,global_ECLAIR_number_of_returns,global_ECLAIR_class
ECLAIR,/csehome/m23csa510/lidar_experiments/datasets/eclair/pointclouds/pointcloud_498.laz,264531,363900.0,6669900.0,43.788,363999.999,6669999.999,69.30799999999999,99.99900000001071,99.99899999983609,25.519999999999996,26.453629069976564,"[10850.0, 15506.0, 37258.0, 53071.0, 58398.0]","[1.0, 1.0, 1.0, 4.0, 7.0]","[1.0, 1.0, 2.0, 4.0, 7.0]",global_ECLAIR_intensity,global_ECLAIR_return_number,global_ECLAIR_number_of_returns,global_ECLAIR_class
ECLAIR,/csehome/m23csa510/lidar_experiments/datasets/eclair/pointclouds/pointcloud_499.laz,36065,363900.037,6670000.0,46.677,363999.963,6670052.306,61.952,99.92599999997765,52.30599999986589,15.274999999999999,6.900108565732389,"[16116.0, 19208.0, 35845.0, 50753.8, 54425.0]","[1.0, 1.0, 1.0, 4.0, 5.0]","[1.0, 1.0, 2.0, 4.0, 5.0]",global_ECLAIR_intensity,global_ECLAIR_return_number,global_ECLAIR_number_of_returns,global_ECLAIR_class
ECLAIR,/csehome/m23csa510/lidar_experiments/datasets/eclair/pointclouds/pointcloud_5.laz,455481,360400.0,6671900.0,48.783,360499.999,6671999.999,105.095,99.99900000001071,99.99899999983609,56.312,45.5490109757344,"[0.0, 4539.0, 38221.0, 53408.0, 59867.0]","[1.0, 1.0, 1.0, 4.0, 8.0]","[1.0, 1.0, 2.0, 5.0, 8.0]",global_ECLAIR_intensity,global_ECLAIR_return_number,global_ECLAIR_number_of_returns,global_ECLAIR_class
ECLAIR,/csehome/m23csa510/lidar_experiments/datasets/eclair/pointclouds/pointcloud_50.laz,19568,361045.035,6672200.0,30.121,361099.997,6672249.842,55.444,54.961999999999534,49.842000000178814,25.323000000000004,7.143128305944569,"[10178.0, 13242.01, 29558.0, 48958.95999999998, 54117.0]","[1.0, 1.0, 2.0, 5.0, 7.0]","[1.0, 1.0, 3.0, 5.329999999998108, 7.0]",global_ECLAIR_intensity,global_ECLAIR_return_number,global_ECLAIR_number_of_returns,global_ECLAIR_class
ECLAIR,/csehome/m23csa510/lidar_experiments/datasets/eclair/pointclouds/pointcloud_500.laz,366,363987.429,6670191.385,49.133,363999.986,6670199.98,55.89,12.556999999971595,8.595000000670552,6.756999999999998,3.3911680361497942,"[16759.0, 17011.8, 30531.0, 45252.85000000001, 47071.0]","[1.0, 1.0, 2.0, 5.0, 5.0]","[1.0, 1.0, 3.0, 5.0, 5.0]",global_ECLAIR_intensity,global_ECLAIR_return_number,global_ECLAIR_number_of_returns,global_ECLAIR_class
ECLAIR,/csehome/m23csa510/lidar_experiments/datasets/eclair/pointclouds/pointcloud_501.laz,223012,363900.002,6670200.006,49.008,363999.999,6670299.999,76.60300000000001,99.99700000003213,99.99299999978393,27.595000000000006,22.303430296233444,"[7803.0, 12142.0, 34387.0, 50650.0, 56265.0]","[1.0, 1.0, 2.0, 4.0, 7.0]","[1.0, 1.0, 2.0, 5.0, 7.0]",global_ECLAIR_intensity,global_ECLAIR_return_number,global_ECLAIR_number_of_returns,global_ECLAIR_class
ECLAIR,/csehome/m23csa510/lidar_experiments/datasets/eclair/pointclouds/pointcloud_502.laz,494495,363900.0,6670300.0,50.804,363999.999,6670399.999,103.528,99.99900000001071,99.99899999983609,52.724000000000004,49.45048900491081,"[1440.0, 8151.0, 36409.0, 54259.0, 57652.0]","[1.0, 1.0, 1.0, 4.0, 7.0]","[1.0, 1.0, 2.0, 5.0, 7.0]",global_ECLAIR_intensity,global_ECLAIR_return_number,global_ECLAIR_number_of_returns,global_ECLAIR_class
ECLAIR,/csehome/m23csa510/lidar_experiments/datasets/eclair/pointclouds/pointcloud_503.laz,301436,363900.0,6670400.0,53.09,363999.999,6670499.999,77.28399999999999,99.99900000001071,99.99899999983609,24.19399999999999,30.14420288108938,"[3807.0, 10050.0, 36276.0, 54088.0, 58461.0]","[1.0, 1.0, 1.0, 4.0, 8.0]","[1.0, 1.0, 2.0, 5.0, 8.0]",global_ECLAIR_intensity,global_ECLAIR_return_number,global_ECLAIR_number_of_returns,global_ECLAIR_class
ECLAIR,/csehome/m23csa510/lidar_experiments/datasets/eclair/pointclouds/pointcloud_504.laz,1072,363900.005,6670500.004,53.716,363923.288,6670511.552,63.733000000000004,23.28299999999581,11.548000000417233,10.017000000000003,3.9870260386030307,"[14035.0, 15322.42, 30900.0, 51772.95999999999, 53447.0]","[1.0, 1.0, 3.0, 5.0, 6.0]","[1.0, 1.0, 3.0, 6.0, 6.0]",global_ECLAIR_intensity,global_ECLAIR_return_number,global_ECLAIR_number_of_returns,global_ECLAIR_class
ECLAIR,/csehome/m23csa510/lidar_experiments/datasets/eclair/pointclouds/pointcloud_505.laz,4159,363900.003,6675276.831,62.555,363917.024,6675299.999,74.65299999999999,17.02099999994971,23.16799999959767,12.097999999999992,10.546668707475835,"[11925.0, 13962.38, 33381.0, 51816.94, 53826.0]","[1.0, 1.0, 2.0, 5.0, 6.0]","[1.0, 1.0, 2.0, 5.0, 6.0]",global_ECLAIR_intensity,global_ECLAIR_return_number,global_ECLAIR_number_of_returns,global_ECLAIR_class
ECLAIR,/csehome/m23csa510/lidar_experiments/datasets/eclair/pointclouds/pointcloud_506.laz,166917,363900.0,6675300.0,60.782,363959.47,6675399.999,86.98,59.46999999997206,99.99899999983609,26.198000000000008,28.067709632931546,"[6093.0, 11608.0, 37176.0, 52220.0, 57508.0]","[1.0, 1.0, 1.0, 4.0, 7.0]","[1.0, 1.0, 2.0, 5.0, 7.0]",global_ECLAIR_intensity,global_ECLAIR_return_number,global_ECLAIR_number_of_returns,global_ECLAIR_class
ECLAIR,/csehome/m23csa510/lidar_experiments/datasets/eclair/pointclouds/pointcloud_507.laz,582859,363900.0,6675400.0,56.471000000000004,363999.999,6675499.999,120.331,99.99900000001071,99.99899999983609,63.86,58.2870657355753,"[3169.0, 9657.0, 36088.0, 52738.0, 58753.0]","[1.0, 1.0, 2.0, 4.0, 8.0]","[1.0, 1.0, 2.0, 5.0, 8.0]",global_ECLAIR_intensity,global_ECLAIR_return_number,global_ECLAIR_number_of_returns,global_ECLAIR_class
ECLAIR,/csehome/m23csa510/lidar_experiments/datasets/eclair/pointclouds/pointcloud_508.laz,601635,363900.0,6675500.0,52.85,363999.999,6675599.999,90.003,99.99900000001071,99.99899999983609,37.153,60.16470328814147,"[2351.0, 8525.99, 42190.0, 53653.0, 65535.0]","[1.0, 1.0, 1.0, 4.0, 7.0]","[1.0, 1.0, 2.0, 5.0, 7.0]",global_ECLAIR_intensity,global_ECLAIR_return_number,global_ECLAIR_number_of_returns,global_ECLAIR_class
ECLAIR,/csehome/m23csa510/lidar_experiments/datasets/eclair/pointclouds/pointcloud_509.laz,584133,363900.0,6675600.0,33.418,363999.999,6675699.999,76.90299999999999,99.99900000001071,99.99899999983609,43.48499999999999,58.414468283613715,"[4400.0, 10873.0, 41815.5, 53766.0, 65535.0]","[1.0, 1.0, 1.0, 4.0, 8.0]","[1.0, 1.0, 2.0, 5.0, 8.0]",global_ECLAIR_intensity,global_ECLAIR_return_number,global_ECLAIR_number_of_returns,global_ECLAIR_class
ECLAIR,/csehome/m23csa510/lidar_experiments/datasets/eclair/pointclouds/pointcloud_51.laz,249673,361100.005,6671406.575,47.575,361199.999,6671499.999,85.307,99.99400000000605,93.42399999964982,37.732,26.726320996724343,"[2775.0, 7816.0, 35242.0, 51804.0, 65535.0]","[1.0, 1.0, 2.0, 5.0, 8.0]","[1.0, 1.0, 2.0, 6.0, 8.0]",global_ECLAIR_intensity,global_ECLAIR_return_number,global_ECLAIR_number_of_returns,global_ECLAIR_class
ECLAIR,/csehome/m23csa510/lidar_experiments/datasets/eclair/pointclouds/pointcloud_510.laz,626328,363900.0,6675700.0,34.818,363999.999,6675799.999,117.18900000000001,99.99900000001071,99.99899999983609,82.37100000000001,62.63405267488605,"[2261.0, 11952.99, 37136.0, 52181.0, 56734.0]","[1.0, 1.0, 1.0, 4.0, 8.0]","[1.0, 1.0, 2.0, 5.0, 8.0]",global_ECLAIR_intensity,global_ECLAIR_return_number,global_ECLAIR_number_of_returns,global_ECLAIR_class
ECLAIR,/csehome/m23csa510/lidar_experiments/datasets/eclair/pointclouds/pointcloud_511.laz,364378,363904.052,6675800.0,46.831,363999.999,6675899.999,82.049,95.94699999998556,99.99899999983609,35.218,37.977387913857676,"[6862.0, 11389.0, 34635.0, 50829.22999999998, 56141.0]","[1.0, 1.0, 1.0, 4.0, 8.0]","[1.0, 1.0, 2.0, 5.0, 8.0]",global_ECLAIR_intensity,global_ECLAIR_return_number,global_ECLAIR_number_of_returns,global_ECLAIR_class
ECLAIR,/csehome/m23csa510/lidar_experiments/datasets/eclair/pointclouds/pointcloud_512.laz,42713,363959.208,6675900.0,58.361000000000004,363999.999,6675977.81,85.203,40.79100000002654,77.80999999959022,26.842,13.457373562148934,"[9608.0, 12503.12, 33588.0, 49673.07999999996, 52998.0]","[1.0, 1.0, 2.0, 5.0, 7.0]","[1.0, 1.0, 2.0, 5.0, 7.0]",global_ECLAIR_intensity,global_ECLAIR_return_number,global_ECLAIR_number_of_returns,global_ECLAIR_class
ECLAIR,/csehome/m23csa510/lidar_experiments/datasets/eclair/pointclouds/pointcloud_513.laz,235154,363900.0,6676200.075,37.381,363999.999,6676299.999,69.624,99.99900000001071,99.92399999964982,32.242999999999995,23.533520632111856,"[5977.0, 11242.0, 38320.0, 51002.0, 58665.0]","[1.0, 1.0, 1.0, 4.0, 7.0]","[1.0, 1.0, 2.0, 5.0, 7.0]",global_ECLAIR_intensity,global_ECLAIR_return_number,global_ECLAIR_number_of_returns,global_ECLAIR_class
ECLAIR,/csehome/m23csa510/lidar_experiments/datasets/eclair/pointclouds/pointcloud_514.laz,508146,363900.0,6676300.0,30.957,363999.999,6676399.999,114.518,99.99900000001071,99.99899999983609,83.561,50.815616307322436,"[432.0, 10526.0, 42811.0, 53674.0, 59638.0]","[1.0, 1.0, 1.0, 4.0, 8.0]","[1.0, 1.0, 1.0, 5.0, 8.0]",global_ECLAIR_intensity,global_ECLAIR_return_number,global_ECLAIR_number_of_returns,global_ECLAIR_class
ECLAIR,/csehome/m23csa510/lidar_experiments/datasets/eclair/pointclouds/pointcloud_515.laz,339053,363900.0,6676400.0,30.846,363999.999,6676499.999,62.667,99.99900000001071,99.99899999983609,31.821,33.90597811622367,"[5754.0, 12241.0, 39729.0, 52610.0, 57933.0]","[1.0, 1.0, 1.0, 4.0, 8.0]","[1.0, 1.0, 2.0, 5.0, 8.0]",global_ECLAIR_intensity,global_ECLAIR_return_number,global_ECLAIR_number_of_returns,global_ECLAIR_class
ECLAIR,/csehome/m23csa510/lidar_experiments/datasets/eclair/pointclouds/pointcloud_516.laz,307956,363900.0,6676500.0,29.978,363999.999,6676599.999,58.737,99.99900000001071,99.99899999983609,28.759,30.796215921285985,"[11913.0, 17044.55, 43378.0, 50293.0, 55250.0]","[1.0, 1.0, 1.0, 4.0, 7.0]","[1.0, 1.0, 1.0, 4.0, 7.0]",global_ECLAIR_intensity,global_ECLAIR_return_number,global_ECLAIR_number_of_returns,global_ECLAIR_class
ECLAIR,/csehome/m23csa510/lidar_experiments/datasets/eclair/pointclouds/pointcloud_517.laz,712982,363900.0,6676600.0,30.855,363999.999,6676699.999,101.688,99.99900000001071,99.99899999983609,70.833,71.29962598549898,"[3346.0, 20122.989999999998, 47323.0, 52925.0, 60704.0]","[1.0, 1.0, 1.0, 3.0, 7.0]","[1.0, 1.0, 1.0, 3.0, 7.0]",global_ECLAIR_intensity,global_ECLAIR_return_number,global_ECLAIR_number_of_returns,global_ECLAIR_class
ECLAIR,/csehome/m23csa510/lidar_experiments/datasets/eclair/pointclouds/pointcloud_518.laz,1832830,363900.0,6676700.0,35.474,363999.999,6676799.999,141.252,99.99900000001071,99.99899999983609,105.77800000000002,183.28666571526642,"[501.0, 10666.0, 41099.5, 54309.0, 59235.0]","[1.0, 1.0, 1.0, 4.0, 8.0]","[1.0, 1.0, 2.0, 5.0, 8.0]",global_ECLAIR_intensity,global_ECLAIR_return_number,global_ECLAIR_number_of_returns,global_ECLAIR_class
ECLAIR,/csehome/m23csa510/lidar_experiments/datasets/eclair/pointclouds/pointcloud_519.laz,1720962,363900.0,6676800.0,34.392,363999.999,6676899.999,149.27800000000002,99.99900000001071,99.99899999983609,114.88600000000002,172.0996419758932,"[1730.0, 14029.0, 43637.0, 52612.0, 58129.0]","[1.0, 1.0, 1.0, 4.0, 8.0]","[1.0, 1.0, 1.0, 5.0, 8.0]",global_ECLAIR_intensity,global_ECLAIR_return_number,global_ECLAIR_number_of_returns,global_ECLAIR_class
ECLAIR,/csehome/m23csa510/lidar_experiments/datasets/eclair/pointclouds/pointcloud_52.laz,692694,361100.0,6671500.0,43.542,361199.999,6671599.999,117.908,99.99900000001071,99.99899999983609,74.366,69.27078540888722,"[0.0, 8475.0, 41429.0, 53889.0, 57598.0]","[1.0, 1.0, 1.0, 4.0, 8.0]","[1.0, 1.0, 2.0, 5.0, 8.0]",global_ECLAIR_intensity,global_ECLAIR_return_number,global_ECLAIR_number_of_returns,global_ECLAIR_class
ECLAIR,/csehome/m23csa510/lidar_experiments/datasets/eclair/pointclouds/pointcloud_520.laz,1444386,363900.0,6676900.0,37.608,363999.999,6676999.999,154.827,99.99900000001071,99.99899999983609,117.219,144.44148881555344,"[4819.0, 13166.99, 45491.0, 53351.0, 56658.0]","[1.0, 1.0, 1.0, 4.0, 7.0]","[1.0, 1.0, 1.0, 4.0, 7.0]",global_ECLAIR_intensity,global_ECLAIR_return_number,global_ECLAIR_number_of_returns,global_ECLAIR_class
ECLAIR,/csehome/m23csa510/lidar_experiments/datasets/eclair/pointclouds/pointcloud_521.laz,2303974,363900.0,6677000.0,39.72,363999.999,6677099.999,108.927,99.99900000001071,99.99899999983609,69.20700000000001,230.40200801747312,"[0.0, 7099.0, 34762.0, 51992.0, 65223.0]","[1.0, 1.0, 1.0, 4.0, 8.0]","[1.0, 1.0, 2.0, 5.0, 8.0]",global_ECLAIR_intensity,global_ECLAIR_return_number,global_ECLAIR_number_of_returns,global_ECLAIR_class
ECLAIR,/csehome/m23csa510/lidar_experiments/datasets/eclair/pointclouds/pointcloud_522.laz,1349167,363900.0,6677100.0,56.56,363999.999,6677199.999,118.09400000000001,99.99900000001071,99.99899999983609,61.534000000000006,134.91939837468226,"[195.0, 9160.0, 38435.0, 53250.0, 57635.0]","[1.0, 1.0, 1.0, 4.0, 8.0]","[1.0, 1.0, 2.0, 5.0, 8.0]",global_ECLAIR_intensity,global_ECLAIR_return_number,global_ECLAIR_number_of_returns,global_ECLAIR_class
ECLAIR,/csehome/m23csa510/lidar_experiments/datasets/eclair/pointclouds/pointcloud_523.laz,1191108,363900.0,6677200.0,59.243,363999.999,6677299.999,144.476,99.99900000001071,99.99899999983609,85.233,119.1131822519162,"[4313.0, 9089.0, 38041.0, 52555.0, 57827.0]","[1.0, 1.0, 1.0, 4.0, 7.0]","[1.0, 1.0, 2.0, 5.0, 7.0]",global_ECLAIR_intensity,global_ECLAIR_return_number,global_ECLAIR_number_of_returns,global_ECLAIR_class
ECLAIR,/csehome/m23csa510/lidar_experiments/datasets/eclair/pointclouds/pointcloud_524.laz,698105,363900.0,6677300.0,-71.31400000000001,363999.999,6677399.999,129.35500000000002,99.99900000001071,99.99899999983609,200.66900000000004,69.81189623105038,"[2278.0, 10551.0, 37452.0, 52323.0, 56322.0]","[1.0, 1.0, 1.0, 4.0, 8.0]","[1.0, 1.0, 2.0, 5.0, 8.0]",global_ECLAIR_intensity,global_ECLAIR_return_number,global_ECLAIR_number_of_returns,global_ECLAIR_class
ECLAIR,/csehome/m23csa510/lidar_experiments/datasets/eclair/pointclouds/pointcloud_525.laz,272763,363900.001,6677400.001,46.052,363999.999,6677499.999,68.59700000000001,99.99800000002142,99.99799999967217,22.54500000000001,27.277391084816013,"[12247.0, 19972.86, 48228.0, 53761.0, 57777.0]","[1.0, 1.0, 1.0, 3.0, 7.0]","[1.0, 1.0, 1.0, 4.0, 7.0]",global_ECLAIR_intensity,global_ECLAIR_return_number,global_ECLAIR_number_of_returns,global_ECLAIR_class
ECLAIR,/csehome/m23csa510/lidar_experiments/datasets/eclair/pointclouds/pointcloud_526.laz,309232,363900.0,6677500.0,47.957,363999.999,6677599.999,145.91500000000002,99.99900000001071,99.99899999983609,97.95800000000003,30.92381847332446,"[49.0, 14685.0, 39876.0, 53221.0, 57416.0]","[1.0, 1.0, 1.0, 4.0, 8.0]","[1.0, 1.0, 2.0, 5.0, 8.0]",global_ECLAIR_intensity,global_ECLAIR_return_number,global_ECLAIR_number_of_returns,global_ECLAIR_class
ECLAIR,/csehome/m23csa510/lidar_experiments/datasets/eclair/pointclouds/pointcloud_527.laz,248099,363900.001,6677600.0,47.28,363999.999,6677699.999,151.56,99.99800000002142,99.99899999983609,104.28,24.810644314402655,"[2178.0, 15429.0, 38029.0, 51817.0, 56177.0]","[1.0, 1.0, 1.0, 4.0, 7.0]","[1.0, 1.0, 2.0, 5.0, 7.0]",global_ECLAIR_intensity,global_ECLAIR_return_number,global_ECLAIR_number_of_returns,global_ECLAIR_class
ECLAIR,/csehome/m23csa510/lidar_experiments/datasets/eclair/pointclouds/pointcloud_528.laz,119047,363900.0,6677700.0,23.63,363999.999,6677799.998,84.434,99.99900000001071,99.99799999967217,60.804,11.905057149371222,"[18389.0, 22303.46, 45883.0, 51547.07999999999, 54086.0]","[1.0, 1.0, 1.0, 3.0, 6.0]","[1.0, 1.0, 1.0, 4.0, 6.0]",global_ECLAIR_intensity,global_ECLAIR_return_number,global_ECLAIR_number_of_returns,global_ECLAIR_class
ECLAIR,/csehome/m23csa510/lidar_experiments/datasets/eclair/pointclouds/pointcloud_529.laz,46345,363900.0,6677800.001,30.266,363999.892,6677869.864,85.848,99.89199999999255,69.86299999989569,55.582,6.640869518246454,"[20714.0, 23376.44, 35945.0, 49262.56, 65535.0]","[1.0, 1.0, 1.0, 3.0, 6.0]","[1.0, 1.0, 2.0, 4.0, 6.0]",global_ECLAIR_intensity,global_ECLAIR_return_number,global_ECLAIR_number_of_returns,global_ECLAIR_class
ECLAIR,/csehome/m23csa510/lidar_experiments/datasets/eclair/pointclouds/pointcloud_53.laz,651168,361100.0,6671600.0,38.719,361199.999,6671699.999,111.974,99.99900000001071,99.99899999983609,73.255,65.11810235563506,"[0.0, 9558.0, 38630.0, 54430.0, 58879.0]","[1.0, 1.0, 1.0, 4.0, 8.0]","[1.0, 1.0, 2.0, 5.0, 8.0]",global_ECLAIR_intensity,global_ECLAIR_return_number,global_ECLAIR_number_of_returns,global_ECLAIR_class
ECLAIR,/csehome/m23csa510/lidar_experiments/datasets/eclair/pointclouds/pointcloud_530.laz,58380,364000.0,6669709.138,43.964,364063.154,6669799.999,63.325,63.15399999998044,90.86099999956787,19.361000000000004,10.173859027562216,"[15107.0, 19005.16, 38373.0, 50603.42, 55339.0]","[1.0, 1.0, 1.0, 3.0, 5.0]","[1.0, 1.0, 2.0, 4.0, 5.0]",global_ECLAIR_intensity,global_ECLAIR_return_number,global_ECLAIR_number_of_returns,global_ECLAIR_class
ECLAIR,/csehome/m23csa510/lidar_experiments/datasets/eclair/pointclouds/pointcloud_531.laz,157327,364000.0,6669800.0,43.725,364063.984,6669899.999,62.331,63.98399999999674,99.99899999983609,18.606,24.588736760127336,"[12669.0, 17162.78, 43001.0, 53852.0, 62340.0]","[1.0, 1.0, 1.0, 3.0, 5.0]","[1.0, 1.0, 1.0, 3.0, 5.0]",global_ECLAIR_intensity,global_ECLAIR_return_number,global_ECLAIR_number_of_returns,global_ECLAIR_class
ECLAIR,/csehome/m23csa510/lidar_experiments/datasets/eclair/pointclouds/pointcloud_532.laz,66225,364000.0,6669900.0,44.034,364040.201,6669999.851,58.476,40.20100000000093,99.85099999979138,14.442,16.498052908050884,"[11414.0, 13948.48, 38977.0, 54755.759999999995, 58893.0]","[1.0, 1.0, 1.0, 4.0, 6.0]","[1.0, 1.0, 2.0, 4.0, 6.0]",global_ECLAIR_intensity,global_ECLAIR_return_number,global_ECLAIR_number_of_returns,global_ECLAIR_class
ECLAIR,/csehome/m23csa510/lidar_experiments/datasets/eclair/pointclouds/pointcloud_533.laz,829,364000.011,6670000.09,47.165,364099.978,6670099.997,56.062,99.96700000000419,99.9070000005886,8.896999999999998,0.08300456027135047,"[15748.0, 17204.56, 36806.0, 50022.28, 51848.0]","[1.0, 1.0, 2.0, 4.0, 4.0]","[1.0, 1.0, 2.0, 4.0, 4.0]",global_ECLAIR_intensity,global_ECLAIR_return_number,global_ECLAIR_number_of_returns,global_ECLAIR_class
ECLAIR,/csehome/m23csa510/lidar_experiments/datasets/eclair/pointclouds/pointcloud_534.laz,172558,364000.015,6670100.002,49.129,364099.999,6670199.999,73.46000000000001,99.98399999999674,99.99699999950826,24.33100000000001,17.25907914227887,"[9531.0, 13984.14, 35052.0, 50186.859999999986, 55504.0]","[1.0, 1.0, 2.0, 4.0, 7.0]","[1.0, 1.0, 2.0, 5.0, 7.0]",global_ECLAIR_intensity,global_ECLAIR_return_number,global_ECLAIR_number_of_returns,global_ECLAIR_class
ECLAIR,/csehome/m23csa510/lidar_experiments/datasets/eclair/pointclouds/pointcloud_535.laz,461276,364000.0,6670200.0,48.980000000000004,364099.999,6670299.999,72.056,99.99900000001071,99.99899999983609,23.075999999999993,46.12852256590914,"[5242.0, 9796.75, 35721.0, 53578.0, 58521.0]","[1.0, 1.0, 1.0, 4.0, 8.0]","[1.0, 1.0, 2.0, 5.0, 8.0]",global_ECLAIR_intensity,global_ECLAIR_return_number,global_ECLAIR_number_of_returns,global_ECLAIR_class
ECLAIR,/csehome/m23csa510/lidar_experiments/datasets/eclair/pointclouds/pointcloud_536.laz,357596,364000.0,6670300.0,51.09,364099.998,6670399.999,76.596,99.99800000002142,99.99899999983609,25.506,35.76067281308321,"[4712.0, 9093.0, 41474.0, 54590.0, 65535.0]","[1.0, 1.0, 1.0, 4.0, 7.0]","[1.0, 1.0, 2.0, 5.0, 7.0]",global_ECLAIR_intensity,global_ECLAIR_return_number,global_ECLAIR_number_of_returns,global_ECLAIR_class
ECLAIR,/csehome/m23csa510/lidar_experiments/datasets/eclair/pointclouds/pointcloud_537.laz,57874,364000.0,6670400.0,58.891999999999996,364092.677,6670456.859,76.608,92.67700000002515,56.85900000017136,17.716000000000008,10.982780794717376,"[9345.0, 13079.46, 41901.0, 53343.80999999999, 57962.0]","[1.0, 1.0, 1.0, 4.0, 7.0]","[1.0, 1.0, 2.0, 5.0, 7.0]",global_ECLAIR_intensity,global_ECLAIR_return_number,global_ECLAIR_number_of_returns,global_ECLAIR_class
ECLAIR,/csehome/m23csa510/lidar_experiments/datasets/eclair/pointclouds/pointcloud_538.laz,2125,364000.0,6675478.809,61.322,364010.411,6675499.996,70.99799999999999,10.411000000021886,21.186999999918044,9.675999999999988,9.633786586310668,"[14523.0, 15484.72, 41654.0, 51548.27999999999, 55158.0]","[1.0, 1.0, 2.0, 4.0, 6.0]","[1.0, 1.0, 2.0, 4.0, 6.0]",global_ECLAIR_intensity,global_ECLAIR_return_number,global_ECLAIR_number_of_returns,global_ECLAIR_class
ECLAIR,/csehome/m23csa510/lidar_experiments/datasets/eclair/pointclouds/pointcloud_539.laz,109098,364000.0,6675500.004,37.159,364096.674,6675599.999,82.5,96.67399999999907,99.99500000011176,45.341,11.285708171032308,"[8927.0, 13079.94, 36548.5, 52798.03, 56548.0]","[1.0, 1.0, 2.0, 4.0, 7.0]","[1.0, 1.0, 2.0, 5.0, 7.0]",global_ECLAIR_intensity,global_ECLAIR_return_number,global_ECLAIR_number_of_returns,global_ECLAIR_class
ECLAIR,/csehome/m23csa510/lidar_experiments/datasets/eclair/pointclouds/pointcloud_54.laz,324739,361100.0,6671700.0,38.003,361199.995,6671799.999,68.423,99.99499999999534,99.99899999983609,30.42,32.4758485347289,"[8248.0, 12215.380000000001, 34914.0, 51817.0, 56972.0]","[1.0, 1.0, 2.0, 4.0, 7.0]","[1.0, 1.0, 3.0, 5.0, 7.0]",global_ECLAIR_intensity,global_ECLAIR_return_number,global_ECLAIR_number_of_returns,global_ECLAIR_class
ECLAIR,/csehome/m23csa510/lidar_experiments/datasets/eclair/pointclouds/pointcloud_540.laz,378281,364000.0,6675600.0,32.806,364099.998,6675699.999,73.554,99.99800000002142,99.99899999983609,40.748000000000005,37.82923486953414,"[8246.0, 13680.0, 45021.0, 52130.0, 56782.0]","[1.0, 1.0, 1.0, 4.0, 8.0]","[1.0, 1.0, 1.0, 5.0, 8.0]",global_ECLAIR_intensity,global_ECLAIR_return_number,global_ECLAIR_number_of_returns,global_ECLAIR_class
ECLAIR,/csehome/m23csa510/lidar_experiments/datasets/eclair/pointclouds/pointcloud_541.laz,410296,364000.0,6675700.0,32.635,364099.999,6675799.999,93.049,99.99900000001071,99.99899999983609,60.41400000000001,41.030420604371905,"[4192.0, 12941.9, 47664.0, 53205.04999999999, 58001.0]","[1.0, 1.0, 1.0, 3.0, 8.0]","[1.0, 1.0, 1.0, 4.0, 8.0]",global_ECLAIR_intensity,global_ECLAIR_return_number,global_ECLAIR_number_of_returns,global_ECLAIR_class
ECLAIR,/csehome/m23csa510/lidar_experiments/datasets/eclair/pointclouds/pointcloud_542.laz,634760,364000.0,6675800.0,44.027,364099.999,6675899.999,115.305,99.99900000001071,99.99899999983609,71.278,63.4772695391403,"[2525.0, 10665.0, 46136.0, 54460.0, 57945.0]","[1.0, 1.0, 1.0, 4.0, 7.0]","[1.0, 1.0, 1.0, 4.0, 7.0]",global_ECLAIR_intensity,global_ECLAIR_return_number,global_ECLAIR_number_of_returns,global_ECLAIR_class
ECLAIR,/csehome/m23csa510/lidar_experiments/datasets/eclair/pointclouds/pointcloud_543.laz,644585,364000.0,6675900.0,39.005,364099.999,6675999.999,116.654,99.99900000001071,99.99899999983609,77.649,64.45978918943656,"[371.0, 10277.99, 38480.5, 53348.0, 58363.0]","[1.0, 1.0, 1.0, 4.0, 8.0]","[1.0, 1.0, 2.0, 5.0, 8.0]",global_ECLAIR_intensity,global_ECLAIR_return_number,global_ECLAIR_number_of_returns,global_ECLAIR_class
ECLAIR,/csehome/m23csa510/lidar_experiments/datasets/eclair/pointclouds/pointcloud_544.laz,289653,364011.505,6676000.0,13.529,364099.999,6676099.999,85.697,88.49400000000605,99.99899999983609,72.168,32.731698935455576,"[3336.0, 10778.52, 42354.0, 52465.0, 65535.0]","[1.0, 1.0, 1.0, 3.0, 6.0]","[1.0, 1.0, 1.0, 4.0, 6.0]",global_ECLAIR_intensity,global_ECLAIR_return_number,global_ECLAIR_number_of_returns,global_ECLAIR_class
ECLAIR,/csehome/m23csa510/lidar_experiments/datasets/eclair/pointclouds/pointcloud_545.laz,128710,364003.919,6676100.0,15.512,364099.999,6676199.999,73.106,96.0800000000163,99.99899999983609,57.593999999999994,13.396262189119511,"[9090.0, 17539.0, 42460.0, 50271.0, 55541.0]","[1.0, 1.0, 1.0, 3.0, 5.0]","[1.0, 1.0, 1.0, 3.0, 5.0]",global_ECLAIR_intensity,global_ECLAIR_return_number,global_ECLAIR_number_of_returns,global_ECLAIR_class
ECLAIR,/csehome/m23csa510/lidar_experiments/datasets/eclair/pointclouds/pointcloud_546.laz,489105,364000.0,6676200.002,5.015000000000001,364099.999,6676299.999,111.037,99.99900000001071,99.99699999950826,106.022,48.9124564838209,"[4652.0, 10514.04, 42620.0, 52837.0, 62837.0]","[1.0, 1.0, 1.0, 4.0, 7.0]","[1.0, 1.0, 1.0, 5.0, 7.0]",global_ECLAIR_intensity,global_ECLAIR_return_number,global_ECLAIR_number_of_returns,global_ECLAIR_class
ECLAIR,/csehome/m23csa510/lidar_experiments/datasets/eclair/pointclouds/pointcloud_547.laz,915175,364000.0,6676300.0,31.773,364099.999,6676399.999,126.21600000000001,99.99900000001071,99.99899999983609,94.44300000000001,91.51933037759582,"[1621.0, 13346.0, 46364.0, 53259.0, 58900.0]","[1.0, 1.0, 1.0, 4.0, 8.0]","[1.0, 1.0, 1.0, 5.0, 8.0]",global_ECLAIR_intensity,global_ECLAIR_return_number,global_ECLAIR_number_of_returns,global_ECLAIR_class
ECLAIR,/csehome/m23csa510/lidar_experiments/datasets/eclair/pointclouds/pointcloud_548.laz,1008867,364000.0,6676400.0,31.037,364099.999,6676499.999,120.663,99.99900000001071,99.99899999983609,89.626,100.88871776442097,"[6412.0, 12190.0, 35405.0, 51137.0, 57899.0]","[1.0, 1.0, 1.0, 4.0, 7.0]","[1.0, 1.0, 2.0, 5.0, 8.0]",global_ECLAIR_intensity,global_ECLAIR_return_number,global_ECLAIR_number_of_returns,global_ECLAIR_class
ECLAIR,/csehome/m23csa510/lidar_experiments/datasets/eclair/pointclouds/pointcloud_549.laz,1169785,364000.0,6676500.0,30.006,364099.999,6676599.999,119.812,99.99900000001071,99.99899999983609,89.806,116.98083960527323,"[2.0, 13054.98, 36343.0, 50916.0, 58217.0]","[1.0, 1.0, 1.0, 4.0, 8.0]","[1.0, 1.0, 2.0, 5.0, 8.0]",global_ECLAIR_intensity,global_ECLAIR_return_number,global_ECLAIR_number_of_returns,global_ECLAIR_class
ECLAIR,/csehome/m23csa510/lidar_experiments/datasets/eclair/pointclouds/pointcloud_55.laz,19158,361100.0,6671800.0,34.323,361138.143,6671857.108,55.192,38.14299999998184,57.10800000000745,20.869,8.79505116216259,"[14261.0, 16673.57, 36867.0, 51396.58, 55471.0]","[1.0, 1.0, 1.0, 4.0, 6.0]","[1.0, 1.0, 2.0, 5.0, 6.0]",global_ECLAIR_intensity,global_ECLAIR_return_number,global_ECLAIR_number_of_returns,global_ECLAIR_class
ECLAIR,/csehome/m23csa510/lidar_experiments/datasets/eclair/pointclouds/pointcloud_550.laz,1210927,364000.0,6676600.0,30.898,364099.999,6676699.999,142.065,99.99900000001071,99.99899999983609,111.167,121.09512189051381,"[1181.0, 17388.0, 46975.0, 53004.0, 60043.0]","[1.0, 1.0, 1.0, 3.0, 6.0]","[1.0, 1.0, 1.0, 4.0, 7.0]",global_ECLAIR_intensity,global_ECLAIR_return_number,global_ECLAIR_number_of_returns,global_ECLAIR_class
ECLAIR,/csehome/m23csa510/lidar_experiments/datasets/eclair/pointclouds/pointcloud_551.laz,2366338,364000.0,6676700.0,33.406,364099.999,6676799.999,115.286,99.99900000001071,99.99899999983609,81.88,236.63853274735362,"[2054.0, 12316.98, 43137.0, 53682.01000000001, 65535.0]","[1.0, 1.0, 1.0, 4.0, 8.0]","[1.0, 1.0, 1.0, 5.0, 8.0]",global_ECLAIR_intensity,global_ECLAIR_return_number,global_ECLAIR_number_of_returns,global_ECLAIR_class
ECLAIR,/csehome/m23csa510/lidar_experiments/datasets/eclair/pointclouds/pointcloud_552.laz,2389536,364000.0,6676800.0,33.769,364099.999,6676899.999,126.324,99.99900000001071,99.99899999983609,92.555,238.9583791440531,"[4748.0, 14861.99, 46105.0, 53054.0, 58771.0]","[1.0, 1.0, 1.0, 4.0, 8.0]","[1.0, 1.0, 1.0, 5.0, 8.0]",global_ECLAIR_intensity,global_ECLAIR_return_number,global_ECLAIR_number_of_returns,global_ECLAIR_class
ECLAIR,/csehome/m23csa510/lidar_experiments/datasets/eclair/pointclouds/pointcloud_553.laz,1340217,364000.0,6676900.0,34.802,364099.999,6676999.999,137.661,99.99900000001071,99.99899999983609,102.85900000000001,134.02438047441237,"[5463.0, 38589.0, 47998.0, 53093.0, 56191.0]","[1.0, 1.0, 1.0, 1.0, 5.0]","[1.0, 1.0, 1.0, 1.0, 5.0]",global_ECLAIR_intensity,global_ECLAIR_return_number,global_ECLAIR_number_of_returns,global_ECLAIR_class
ECLAIR,/csehome/m23csa510/lidar_experiments/datasets/eclair/pointclouds/pointcloud_554.laz,2220824,364000.0,6677000.0,37.028999999999996,364099.999,6677099.999,99.82000000000001,99.99900000001071,99.99899999983609,62.79100000000001,222.08684171496586,"[0.0, 8454.0, 36296.0, 52095.0, 65535.0]","[1.0, 1.0, 1.0, 4.0, 8.0]","[1.0, 1.0, 2.0, 5.0, 8.0]",global_ECLAIR_intensity,global_ECLAIR_return_number,global_ECLAIR_number_of_returns,global_ECLAIR_class
ECLAIR,/csehome/m23csa510/lidar_experiments/datasets/eclair/pointclouds/pointcloud_555.laz,1331325,364000.0,6677100.0,47.536,364099.999,6677199.999,144.916,99.99900000001071,99.99899999983609,97.38,133.13516269014426,"[0.0, 8822.99, 37942.5, 53441.0, 58320.0]","[1.0, 1.0, 1.0, 4.0, 7.0]","[1.0, 1.0, 2.0, 5.0, 8.0]",global_ECLAIR_intensity,global_ECLAIR_return_number,global_ECLAIR_number_of_returns,global_ECLAIR_class
ECLAIR,/csehome/m23csa510/lidar_experiments/datasets/eclair/pointclouds/pointcloud_556.laz,1004912,364000.0,6677200.0,56.884,364099.999,6677299.999,133.91500000000002,99.99900000001071,99.99899999983609,77.03100000000002,100.49320985430172,"[225.0, 11127.99, 38837.0, 53282.0, 57798.0]","[1.0, 1.0, 1.0, 4.0, 7.0]","[1.0, 1.0, 2.0, 5.0, 7.0]",global_ECLAIR_intensity,global_ECLAIR_return_number,global_ECLAIR_number_of_returns,global_ECLAIR_class
ECLAIR,/csehome/m23csa510/lidar_experiments/datasets/eclair/pointclouds/pointcloud_557.laz,653419,364000.0,6677300.0,49.4,364099.999,6677399.999,142.56,99.99900000001071,99.99899999983609,93.16,65.34320685770294,"[6106.0, 11680.0, 35455.0, 52478.01000000001, 58740.0]","[1.0, 1.0, 1.0, 4.0, 8.0]","[1.0, 1.0, 2.0, 5.0, 8.0]",global_ECLAIR_intensity,global_ECLAIR_return_number,global_ECLAIR_number_of_returns,global_ECLAIR_class
ECLAIR,/csehome/m23csa510/lidar_experiments/datasets/eclair/pointclouds/pointcloud_558.laz,237693,364000.0,6677400.0,28.622,364099.999,6677499.999,154.58100000000002,99.99900000001071,99.99899999983609,125.95900000000002,23.7697753931673,"[283.0, 15628.92, 45367.0, 52725.0, 65535.0]","[1.0, 1.0, 1.0, 4.0, 7.0]","[1.0, 1.0, 1.0, 5.0, 7.0]",global_ECLAIR_intensity,global_ECLAIR_return_number,global_ECLAIR_number_of_returns,global_ECLAIR_class
ECLAIR,/csehome/m23csa510/lidar_experiments/datasets/eclair/pointclouds/pointcloud_559.laz,210765,364000.0,6677500.0,41.459,364099.999,6677599.999,84.107,99.99900000001071,99.99899999983609,42.647999999999996,21.076921536355325,"[12018.0, 17913.0, 41714.0, 52213.0, 56483.0]","[1.0, 1.0, 1.0, 4.0, 6.0]","[1.0, 1.0, 1.0, 4.0, 7.0]",global_ECLAIR_intensity,global_ECLAIR_return_number,global_ECLAIR_number_of_returns,global_ECLAIR_class
ECLAIR,/csehome/m23csa510/lidar_experiments/datasets/eclair/pointclouds/pointcloud_56.laz,30297,361100.001,6671957.284,31.307,361159.154,6671999.999,49.412,59.15299999999115,42.71499999985099,18.105,11.99064212251717,"[10075.0, 13609.8, 40221.0, 53021.32000000001, 57038.0]","[1.0, 1.0, 1.0, 5.0, 7.0]","[1.0, 1.0, 2.0, 5.0, 7.0]",global_ECLAIR_intensity,global_ECLAIR_return_number,global_ECLAIR_number_of_returns,global_ECLAIR_class
ECLAIR,/csehome/m23csa510/lidar_experiments/datasets/eclair/pointclouds/pointcloud_560.laz,89572,364000.0,6677600.0,25.183,364099.995,6677699.997,82.91499999999999,99.99499999999534,99.99700000043958,57.73199999999999,8.957916619853755,"[13982.0, 18281.42, 44051.0, 50158.57999999999, 53846.0]","[1.0, 1.0, 1.0, 4.0, 7.0]","[1.0, 1.0, 1.0, 4.0, 7.0]",global_ECLAIR_intensity,global_ECLAIR_return_number,global_ECLAIR_number_of_returns,global_ECLAIR_class
ECLAIR,/csehome/m23csa510/lidar_experiments/datasets/eclair/pointclouds/pointcloud_561.laz,33583,364000.0,6677700.001,24.043,364099.458,6677799.938,68.429,99.45799999998417,99.93699999991804,44.386,3.378729778150398,"[23799.0, 26194.82, 44705.0, 49769.0, 53193.0]","[1.0, 1.0, 1.0, 3.0, 4.0]","[1.0, 1.0, 1.0, 3.0, 4.0]",global_ECLAIR_intensity,global_ECLAIR_return_number,global_ECLAIR_number_of_returns,global_ECLAIR_class
ECLAIR,/csehome/m23csa510/lidar_experiments/datasets/eclair/pointclouds/pointcloud_562.laz,641,363990.0,6677790.024,51.083,364010.695,6677812.454,64.814,20.695000000006985,22.429999999701977,13.730999999999995,1.3809034835892773,"[24895.0, 26304.8, 41834.0, 50504.4, 52407.0]","[1.0, 1.0, 1.0, 3.0, 3.0]","[1.0, 1.0, 1.0, 3.0, 3.0]",global_ECLAIR_intensity,global_ECLAIR_return_number,global_ECLAIR_number_of_returns,global_ECLAIR_class
ECLAIR,/csehome/m23csa510/lidar_experiments/datasets/eclair/pointclouds/pointcloud_563.laz,20576,364136.689,6669636.935,46.649,364199.997,6669699.998,62.916,63.307999999960884,63.063000000081956,16.266999999999996,5.153802010887198,"[19311.0, 25041.5, 45031.0, 53087.5, 65535.0]","[1.0, 1.0, 1.0, 2.0, 4.0]","[1.0, 1.0, 1.0, 3.0, 4.0]",global_ECLAIR_intensity,global_ECLAIR_return_number,global_ECLAIR_number_of_returns,global_ECLAIR_class
ECLAIR,/csehome/m23csa510/lidar_experiments/datasets/eclair/pointclouds/pointcloud_564.laz,273880,364124.475,6669700.001,43.875,364199.999,6669799.999,72.49000000000001,75.524000000034,99.99799999967217,28.61500000000001,36.26469436342472,"[11254.0, 15725.79, 37214.0, 51263.21000000002, 57203.0]","[1.0, 1.0, 1.0, 4.0, 7.0]","[1.0, 1.0, 2.0, 5.0, 7.0]",global_ECLAIR_intensity,global_ECLAIR_return_number,global_ECLAIR_number_of_returns,global_ECLAIR_class
ECLAIR,/csehome/m23csa510/lidar_experiments/datasets/eclair/pointclouds/pointcloud_565.laz,88994,364143.942,6669800.0,43.848,364199.999,6669883.018,65.158,56.0570000000298,83.01800000015646,21.310000000000002,19.12311377571244,"[11208.0, 15729.720000000001, 48241.0, 54825.0, 57577.0]","[1.0, 1.0, 1.0, 3.0, 6.0]","[1.0, 1.0, 1.0, 4.0, 6.0]",global_ECLAIR_intensity,global_ECLAIR_return_number,global_ECLAIR_number_of_returns,global_ECLAIR_class
ECLAIR,/csehome/m23csa510/lidar_experiments/datasets/eclair/pointclouds/pointcloud_566.laz,4954,364172.872,6669969.968,44.58,364199.999,6669999.998,50.693,27.127000000036787,30.029999999329448,6.1129999999999995,6.081334647097906,"[16840.0, 19726.74, 42093.0, 50018.11, 52711.0]","[1.0, 1.0, 1.0, 2.0, 4.0]","[1.0, 1.0, 1.0, 3.0, 4.0]",global_ECLAIR_intensity,global_ECLAIR_return_number,global_ECLAIR_number_of_returns,global_ECLAIR_class
ECLAIR,/csehome/m23csa510/lidar_experiments/datasets/eclair/pointclouds/pointcloud_567.laz,137263,364100.0,6670000.002,43.676,364199.999,6670099.999,72.598,99.99900000001071,99.99699999950826,28.921999999999997,13.72684906991077,"[9710.0, 14455.86, 39498.0, 52130.0, 56149.0]","[1.0, 1.0, 1.0, 4.0, 6.0]","[1.0, 1.0, 2.0, 4.0, 6.0]",global_ECLAIR_intensity,global_ECLAIR_return_number,global_ECLAIR_number_of_returns,global_ECLAIR_class
ECLAIR,/csehome/m23csa510/lidar_experiments/datasets/eclair/pointclouds/pointcloud_568.laz,396741,364100.0,6670100.0,46.185,364199.999,6670199.999,106.528,99.99900000001071,99.99899999983609,60.343,39.67489349396317,"[4392.0, 10580.4, 36407.0, 52963.59999999998, 58182.0]","[1.0, 1.0, 1.0, 4.0, 8.0]","[1.0, 1.0, 2.0, 5.0, 8.0]",global_ECLAIR_intensity,global_ECLAIR_return_number,global_ECLAIR_number_of_returns,global_ECLAIR_class
ECLAIR,/csehome/m23csa510/lidar_experiments/datasets/eclair/pointclouds/pointcloud_569.laz,439649,364100.0,6670200.0,46.705,364199.999,6670299.999,116.355,99.99900000001071,99.99899999983609,69.65,43.965779311257,"[5179.0, 9774.0, 35609.0, 54537.0, 59896.0]","[1.0, 1.0, 1.0, 4.0, 7.0]","[1.0, 1.0, 2.0, 5.0, 7.0]",global_ECLAIR_intensity,global_ECLAIR_return_number,global_ECLAIR_number_of_returns,global_ECLAIR_class
ECLAIR,/csehome/m23csa510/lidar_experiments/datasets/eclair/pointclouds/pointcloud_57.laz,531479,361100.0,6672000.0,31.212,361199.999,6672099.999,93.68700000000001,99.99900000001071,99.99899999983609,62.47500000000001,53.148962974026006,"[2670.0, 9917.99, 36362.0, 55042.0, 60496.0]","[1.0, 1.0, 1.0, 4.0, 8.0]","[1.0, 1.0, 2.0, 5.0, 8.0]",global_ECLAIR_intensity,global_ECLAIR_return_number,global_ECLAIR_number_of_returns,global_ECLAIR_class
ECLAIR,/csehome/m23csa510/lidar_experiments/datasets/eclair/pointclouds/pointcloud_570.laz,95069,364100.0,6670300.001,50.24,364199.998,6670394.922,74.799,99.99800000002142,94.9210000000894,24.559000000000005,10.015792229108252,"[7248.0, 17057.24, 48282.0, 53391.31999999999, 57861.0]","[1.0, 1.0, 1.0, 3.0, 7.0]","[1.0, 1.0, 1.0, 4.0, 7.0]",global_ECLAIR_intensity,global_ECLAIR_return_number,global_ECLAIR_number_of_returns,global_ECLAIR_class
ECLAIR,/csehome/m23csa510/lidar_experiments/datasets/eclair/pointclouds/pointcloud_571.laz,44141,364100.0,6675604.952,32.338,364146.079,6675699.999,39.423,46.07900000002701,95.04700000025332,7.085000000000001,10.078611588043488,"[18197.0, 34929.6, 46973.0, 49743.0, 52152.0]","[1.0, 1.0, 1.0, 2.0, 4.0]","[1.0, 1.0, 1.0, 2.0, 4.0]",global_ECLAIR_intensity,global_ECLAIR_return_number,global_ECLAIR_number_of_returns,global_ECLAIR_class
ECLAIR,/csehome/m23csa510/lidar_experiments/datasets/eclair/pointclouds/pointcloud_572.laz,148115,364100.0,6675700.0,32.469,364189.427,6675799.998,68.7,89.42700000002515,99.99799999967217,36.231,16.56300248914658,"[9397.0, 17651.14, 45671.0, 51015.0, 58003.0]","[1.0, 1.0, 1.0, 3.0, 6.0]","[1.0, 1.0, 1.0, 3.0, 6.0]",global_ECLAIR_intensity,global_ECLAIR_return_number,global_ECLAIR_number_of_returns,global_ECLAIR_class
ECLAIR,/csehome/m23csa510/lidar_experiments/datasets/eclair/pointclouds/pointcloud_573.laz,434550,364100.0,6675800.0,38.371,364199.997,6675899.999,111.892,99.99699999997392,99.99899999983609,73.52099999999999,43.456738256575804,"[3266.0, 11920.0, 39067.0, 53795.0, 58254.0]","[1.0, 1.0, 1.0, 4.0, 7.0]","[1.0, 1.0, 2.0, 5.0, 7.0]",global_ECLAIR_intensity,global_ECLAIR_return_number,global_ECLAIR_number_of_returns,global_ECLAIR_class
ECLAIR,/csehome/m23csa510/lidar_experiments/datasets/eclair/pointclouds/pointcloud_574.laz,637757,364100.0,6675900.0,44.571,364199.999,6675999.999,110.973,99.99900000001071,99.99899999983609,66.402,63.776975533230676,"[0.0, 9179.0, 41815.0, 54341.0, 61132.0]","[1.0, 1.0, 1.0, 4.0, 8.0]","[1.0, 1.0, 2.0, 5.0, 8.0]",global_ECLAIR_intensity,global_ECLAIR_return_number,global_ECLAIR_number_of_returns,global_ECLAIR_class
ECLAIR,/csehome/m23csa510/lidar_experiments/datasets/eclair/pointclouds/pointcloud_575.laz,841770,364100.0,6676000.0,11.573999999999998,364199.999,6676099.999,103.302,99.99900000001071,99.99899999983609,91.72800000000001,84.1786835653824,"[0.0, 7073.0, 44364.0, 54175.01000000001, 65535.0]","[1.0, 1.0, 1.0, 4.0, 7.0]","[1.0, 1.0, 1.0, 5.0, 7.0]",global_ECLAIR_intensity,global_ECLAIR_return_number,global_ECLAIR_number_of_returns,global_ECLAIR_class
ECLAIR,/csehome/m23csa510/lidar_experiments/datasets/eclair/pointclouds/pointcloud_576.laz,857136,364100.0,6676100.0,53.899,364199.999,6676199.999,97.295,99.99900000001071,99.99899999983609,43.396,85.71531429784574,"[0.0, 8999.98, 45365.0, 53742.0, 58979.0]","[1.0, 1.0, 1.0, 4.0, 7.0]","[1.0, 1.0, 1.0, 4.0, 8.0]",global_ECLAIR_intensity,global_ECLAIR_return_number,global_ECLAIR_number_of_returns,global_ECLAIR_class
ECLAIR,/csehome/m23csa510/lidar_experiments/datasets/eclair/pointclouds/pointcloud_577.laz,960768,364100.001,6676200.0,46.197,364199.999,6676299.999,146.013,99.99800000002142,99.99899999983609,99.816,96.07968237139211,"[724.0, 11860.99, 43103.0, 52748.0, 60952.0]","[1.0, 1.0, 1.0, 4.0, 8.0]","[1.0, 1.0, 1.0, 5.0, 8.0]",global_ECLAIR_intensity,global_ECLAIR_return_number,global_ECLAIR_number_of_returns,global_ECLAIR_class
ECLAIR,/csehome/m23csa510/lidar_experiments/datasets/eclair/pointclouds/pointcloud_578.laz,1540949,364100.0,6676300.0,-105.70400000000001,364199.999,6676399.999,144.471,99.99900000001071,99.99899999983609,250.175,154.09798194446518,"[3011.0, 11989.99, 44047.0, 52851.01000000001, 58919.0]","[1.0, 1.0, 1.0, 4.0, 8.0]","[1.0, 1.0, 1.0, 5.0, 8.0]",global_ECLAIR_intensity,global_ECLAIR_return_number,global_ECLAIR_number_of_returns,global_ECLAIR_class
ECLAIR,/csehome/m23csa510/lidar_experiments/datasets/eclair/pointclouds/pointcloud_579.laz,2220106,364100.0,6676400.0,29.988,364199.999,6676499.999,126.123,99.99900000001071,99.99899999983609,96.135,222.0150402789442,"[1804.0, 11671.0, 35968.0, 51400.0, 59511.0]","[1.0, 1.0, 1.0, 4.0, 8.0]","[1.0, 1.0, 2.0, 5.0, 8.0]",global_ECLAIR_intensity,global_ECLAIR_return_number,global_ECLAIR_number_of_returns,global_ECLAIR_class
ECLAIR,/csehome/m23csa510/lidar_experiments/datasets/eclair/pointclouds/pointcloud_58.laz,583102,361100.0,6672100.0,30.123,361199.999,6672199.999,88.971,99.99900000001071,99.99899999983609,58.848,58.31136622158263,"[0.0, 9808.99, 41436.0, 54405.0, 60334.0]","[1.0, 1.0, 1.0, 4.0, 8.0]","[1.0, 1.0, 2.0, 5.0, 8.0]",global_ECLAIR_intensity,global_ECLAIR_return_number,global_ECLAIR_number_of_returns,global_ECLAIR_class
ECLAIR,/csehome/m23csa510/lidar_experiments/datasets/eclair/pointclouds/pointcloud_580.laz,1894210,364100.0,6676500.0,30.02,364199.999,6676599.999,129.336,99.99900000001071,99.99899999983609,99.31600000000002,189.42478847711726,"[1696.0, 12138.99, 41114.0, 52097.0, 64380.0]","[1.0, 1.0, 1.0, 4.0, 8.0]","[1.0, 1.0, 2.0, 5.0, 8.0]",global_ECLAIR_intensity,global_ECLAIR_return_number,global_ECLAIR_number_of_returns,global_ECLAIR_class
ECLAIR,/csehome/m23csa510/lidar_experiments/datasets/eclair/pointclouds/pointcloud_581.laz,1615438,364100.0,6676600.0,30.816,364199.999,6676699.999,121.035,99.99900000001071,99.99899999983609,90.219,161.5470309247113,"[875.0, 21966.97, 46246.0, 53746.0, 65535.0]","[1.0, 1.0, 1.0, 2.0, 4.0]","[1.0, 1.0, 1.0, 2.0, 4.0]",global_ECLAIR_intensity,global_ECLAIR_return_number,global_ECLAIR_number_of_returns,global_ECLAIR_class
ECLAIR,/csehome/m23csa510/lidar_experiments/datasets/eclair/pointclouds/pointcloud_582.laz,2562051,364100.0,6676700.0,29.796,364199.999,6676799.999,121.066,99.99900000001071,99.99899999983609,91.27000000000001,256.2102241792551,"[2170.0, 17378.989999999998, 43540.0, 53453.0, 65535.0]","[1.0, 1.0, 1.0, 2.0, 4.0]","[1.0, 1.0, 1.0, 2.0, 4.0]",global_ECLAIR_intensity,global_ECLAIR_return_number,global_ECLAIR_number_of_returns,global_ECLAIR_class
ECLAIR,/csehome/m23csa510/lidar_experiments/datasets/eclair/pointclouds/pointcloud_583.laz,2890656,364100.0,6676800.0,7.035999999999998,364199.999,6676899.999,111.909,99.99900000001071,99.99899999983609,104.873,289.0713813991637,"[3472.0, 12679.99, 48338.0, 53867.0, 65535.0]","[1.0, 1.0, 1.0, 4.0, 7.0]","[1.0, 1.0, 1.0, 4.0, 7.0]",global_ECLAIR_intensity,global_ECLAIR_return_number,global_ECLAIR_number_of_returns,global_ECLAIR_class
ECLAIR,/csehome/m23csa510/lidar_experiments/datasets/eclair/pointclouds/pointcloud_584.laz,1691579,364100.0,6676900.0,-9.986000000000004,364199.999,6676999.999,131.034,99.99900000001071,99.99899999983609,141.01999999999998,169.1612832090072,"[5203.0, 17024.98, 47907.0, 53971.0, 65535.0]","[1.0, 1.0, 1.0, 3.0, 6.0]","[1.0, 1.0, 1.0, 4.0, 7.0]",global_ECLAIR_intensity,global_ECLAIR_return_number,global_ECLAIR_number_of_returns,global_ECLAIR_class
ECLAIR,/csehome/m23csa510/lidar_experiments/datasets/eclair/pointclouds/pointcloud_585.laz,1512316,364100.0,6677000.0,33.616,364199.999,6677099.999,126.627,99.99900000001071,99.99899999983609,93.011,151.23462467760177,"[1765.0, 10306.99, 40845.5, 52432.0, 65535.0]","[1.0, 1.0, 1.0, 4.0, 7.0]","[1.0, 1.0, 2.0, 5.0, 8.0]",global_ECLAIR_intensity,global_ECLAIR_return_number,global_ECLAIR_number_of_returns,global_ECLAIR_class
ECLAIR,/csehome/m23csa510/lidar_experiments/datasets/eclair/pointclouds/pointcloud_586.laz,1285120,364100.0,6677100.0,41.94,364199.999,6677199.999,155.514,99.99900000001071,99.99899999983609,113.57400000000001,128.514570278751,"[4263.0, 12030.0, 36369.0, 51989.0, 58048.0]","[1.0, 1.0, 1.0, 4.0, 8.0]","[1.0, 1.0, 2.0, 5.0, 8.0]",global_ECLAIR_intensity,global_ECLAIR_return_number,global_ECLAIR_number_of_returns,global_ECLAIR_class
ECLAIR,/csehome/m23csa510/lidar_experiments/datasets/eclair/pointclouds/pointcloud_587.laz,722042,364100.0,6677200.0,53.629000000000005,364199.998,6677299.999,160.823,99.99800000002142,99.99899999983609,107.194,72.20636617664691,"[1366.0, 12794.0, 35630.0, 52980.0, 57531.0]","[1.0, 1.0, 1.0, 4.0, 8.0]","[1.0, 1.0, 2.0, 5.0, 8.0]",global_ECLAIR_intensity,global_ECLAIR_return_number,global_ECLAIR_number_of_returns,global_ECLAIR_class
ECLAIR,/csehome/m23csa510/lidar_experiments/datasets/eclair/pointclouds/pointcloud_588.laz,381002,364100.0,6677300.0,51.826,364199.999,6677399.999,87.218,99.99900000001071,99.99899999983609,35.392,38.100962015488584,"[9675.0, 14817.0, 36416.0, 51088.0, 55252.0]","[1.0, 1.0, 1.0, 4.0, 7.0]","[1.0, 1.0, 2.0, 5.0, 7.0]",global_ECLAIR_intensity,global_ECLAIR_return_number,global_ECLAIR_number_of_returns,global_ECLAIR_class
ECLAIR,/csehome/m23csa510/lidar_experiments/datasets/eclair/pointclouds/pointcloud_589.laz,123257,364100.0,6677400.0,47.039,364187.778,6677499.999,78.449,87.77799999999115,99.99899999983609,31.409999999999997,14.042041580184133,"[14316.0, 18247.0, 38931.0, 50175.0, 61493.0]","[1.0, 1.0, 1.0, 4.0, 6.0]","[1.0, 1.0, 2.0, 4.0, 6.0]",global_ECLAIR_intensity,global_ECLAIR_return_number,global_ECLAIR_number_of_returns,global_ECLAIR_class
ECLAIR,/csehome/m23csa510/lidar_experiments/datasets/eclair/pointclouds/pointcloud_59.laz,434716,361100.0,6672200.0,30.06,361199.999,6672299.999,108.113,99.99900000001071,99.99899999983609,78.053,43.47246944510825,"[6103.0, 11019.15, 32074.0, 51433.84999999998, 57758.0]","[1.0, 1.0, 2.0, 5.0, 8.0]","[1.0, 1.0, 3.0, 5.0, 8.0]",global_ECLAIR_intensity,global_ECLAIR_return_number,global_ECLAIR_number_of_returns,global_ECLAIR_class
ECLAIR,/csehome/m23csa510/lidar_experiments/datasets/eclair/pointclouds/pointcloud_590.laz,45301,364100.0,6677500.001,19.527,364170.605,6677599.996,80.024,70.60499999998137,99.99500000011176,60.497,6.4164386606075325,"[16183.0, 19301.0, 37563.0, 47775.0, 52655.0]","[1.0, 1.0, 1.0, 4.0, 7.0]","[1.0, 1.0, 2.0, 4.0, 7.0]",global_ECLAIR_intensity,global_ECLAIR_return_number,global_ECLAIR_number_of_returns,global_ECLAIR_class
ECLAIR,/csehome/m23csa510/lidar_experiments/datasets/eclair/pointclouds/pointcloud_591.laz,7259,364100.001,6677600.001,8.165,364170.53,6677694.906,48.815,70.52900000003865,94.90500000026077,40.65,1.084476078334678,"[22715.0, 28494.18, 44689.0, 48470.36, 51248.0]","[1.0, 1.0, 1.0, 2.0, 4.0]","[1.0, 1.0, 1.0, 2.0, 4.0]",global_ECLAIR_intensity,global_ECLAIR_return_number,global_ECLAIR_number_of_returns,global_ECLAIR_class
ECLAIR,/csehome/m23csa510/lidar_experiments/datasets/eclair/pointclouds/pointcloud_592.laz,1981,364259.834,6669584.29,51.277,364299.977,6669599.996,63.376000000000005,40.14300000004005,15.706000000238419,12.099000000000004,3.1420208092373594,"[19509.0, 20683.6, 41790.0, 51130.6, 52538.0]","[1.0, 1.0, 1.0, 4.0, 5.0]","[1.0, 1.0, 2.0, 4.0, 5.0]",global_ECLAIR_intensity,global_ECLAIR_return_number,global_ECLAIR_number_of_returns,global_ECLAIR_class
ECLAIR,/csehome/m23csa510/lidar_experiments/datasets/eclair/pointclouds/pointcloud_593.laz,146277,364200.001,6669600.004,47.537,364299.997,6669699.999,80.9,99.99599999998463,99.99500000011176,33.36300000000001,14.629016582220267,"[10190.0, 15393.0, 39135.0, 51620.0, 57852.0]","[1.0, 1.0, 1.0, 4.0, 7.0]","[1.0, 1.0, 2.0, 5.0, 7.0]",global_ECLAIR_intensity,global_ECLAIR_return_number,global_ECLAIR_number_of_returns,global_ECLAIR_class
ECLAIR,/csehome/m23csa510/lidar_experiments/datasets/eclair/pointclouds/pointcloud_594.laz,303108,364200.0,6669700.0,45.013999999999996,364299.998,6669799.999,97.702,99.99800000002142,99.99899999983609,52.688,30.311709345261207,"[9747.0, 14060.0, 43914.0, 53130.0, 65535.0]","[1.0, 1.0, 1.0, 4.0, 7.0]","[1.0, 1.0, 1.0, 5.0, 7.0]",global_ECLAIR_intensity,global_ECLAIR_return_number,global_ECLAIR_number_of_returns,global_ECLAIR_class
ECLAIR,/csehome/m23csa510/lidar_experiments/datasets/eclair/pointclouds/pointcloud_595.laz,310315,364200.0,6669800.0,44.326,364299.999,6669899.999,102.595,99.99900000001071,99.99899999983609,58.269,31.032120639357117,"[8366.0, 17242.0, 47824.0, 54417.0, 58497.0]","[1.0, 1.0, 1.0, 3.0, 6.0]","[1.0, 1.0, 1.0, 4.0, 6.0]",global_ECLAIR_intensity,global_ECLAIR_return_number,global_ECLAIR_number_of_returns,global_ECLAIR_class
ECLAIR,/csehome/m23csa510/lidar_experiments/datasets/eclair/pointclouds/pointcloud_596.laz,198685,364200.005,6669900.0,44.241,364299.999,6669999.999,61.501000000000005,99.99400000000605,99.99899999983609,17.260000000000005,19.869890880471065,"[11592.0, 20371.68, 45026.0, 52416.0, 55466.0]","[1.0, 1.0, 1.0, 2.0, 6.0]","[1.0, 1.0, 1.0, 3.0, 6.0]",global_ECLAIR_intensity,global_ECLAIR_return_number,global_ECLAIR_number_of_returns,global_ECLAIR_class
ECLAIR,/csehome/m23csa510/lidar_experiments/datasets/eclair/pointclouds/pointcloud_597.laz,243371,364200.0,6670000.0,43.33,364299.999,6670099.999,61.918,99.99900000001071,99.99899999983609,18.588,24.337586749338513,"[7462.0, 12857.400000000001, 45591.0, 54163.0, 57233.0]","[1.0, 1.0, 1.0, 3.0, 7.0]","[1.0, 1.0, 1.0, 4.0, 7.0]",global_ECLAIR_intensity,global_ECLAIR_return_number,global_ECLAIR_number_of_returns,global_ECLAIR_class
ECLAIR,/csehome/m23csa510/lidar_experiments/datasets/eclair/pointclouds/pointcloud_598.laz,373193,364200.0,6670100.0,43.106,364299.999,6670199.999,104.205,99.99900000001071,99.99899999983609,61.099,37.320046397253115,"[632.0, 10803.0, 37606.0, 54880.0, 58911.0]","[1.0, 1.0, 1.0, 4.0, 7.0]","[1.0, 1.0, 2.0, 5.0, 7.0]",global_ECLAIR_intensity,global_ECLAIR_return_number,global_ECLAIR_number_of_returns,global_ECLAIR_class
ECLAIR,/csehome/m23csa510/lidar_experiments/datasets/eclair/pointclouds/pointcloud_599.laz,214785,364200.0,6670200.0,44.805,364299.999,6670299.998,64.403,99.99900000001071,99.99799999967217,19.598000000000006,21.479144370103388,"[8243.0, 12919.84, 34949.0, 49254.32000000001, 57969.0]","[1.0, 1.0, 2.0, 4.0, 8.0]","[1.0, 1.0, 2.0, 5.0, 8.0]",global_ECLAIR_intensity,global_ECLAIR_return_number,global_ECLAIR_number_of_returns,global_ECLAIR_class
ECLAIR,/csehome/m23csa510/lidar_experiments/datasets/eclair/pointclouds/pointcloud_6.laz,318751,360400.003,6672000.0,57.743,360499.999,6672099.999,108.37,99.99599999998463,99.99899999983609,50.627,31.876693821997566,"[374.0, 6900.0, 44457.0, 54315.0, 59877.0]","[1.0, 1.0, 1.0, 4.0, 8.0]","[1.0, 1.0, 2.0, 5.0, 8.0]",global_ECLAIR_intensity,global_ECLAIR_return_number,global_ECLAIR_number_of_returns,global_ECLAIR_class
ECLAIR,/csehome/m23csa510/lidar_experiments/datasets/eclair/pointclouds/pointcloud_60.laz,14064,361151.671,6672300.0,30.599,361199.999,6672342.15,55.438,48.32800000003772,42.15000000037253,24.839000000000002,6.904185574073764,"[13840.0, 15990.0, 30812.0, 49890.179999999986, 53596.0]","[1.0, 1.0, 2.0, 5.0, 7.0]","[1.0, 1.0, 3.0, 5.0, 7.0]",global_ECLAIR_intensity,global_ECLAIR_return_number,global_ECLAIR_number_of_returns,global_ECLAIR_class
ECLAIR,/csehome/m23csa510/lidar_experiments/datasets/eclair/pointclouds/pointcloud_600.laz,5422,364200.002,6670300.0,47.706,364242.577,6670324.902,61.483000000000004,42.57500000001164,24.901999999769032,13.777000000000001,5.114116626711702,"[15481.0, 18168.7, 47279.0, 50988.43, 53345.0]","[1.0, 1.0, 1.0, 4.0, 7.0]","[1.0, 1.0, 1.0, 4.0, 7.0]",global_ECLAIR_intensity,global_ECLAIR_return_number,global_ECLAIR_number_of_returns,global_ECLAIR_class
ECLAIR,/csehome/m23csa510/lidar_experiments/datasets/eclair/pointclouds/pointcloud_601.laz,2062,364200.001,6675850.174,47.674,364214.438,6675899.986,62.120000000000005,14.437000000034459,49.811999999918044,14.446000000000005,2.8673303065094764,"[13712.0, 15353.61, 27981.5, 48297.619999999995, 53037.0]","[1.0, 1.0, 3.0, 5.0, 6.0]","[1.0, 1.0, 3.0, 5.0, 6.0]",global_ECLAIR_intensity,global_ECLAIR_return_number,global_ECLAIR_number_of_returns,global_ECLAIR_class
ECLAIR,/csehome/m23csa510/lidar_experiments/datasets/eclair/pointclouds/pointcloud_602.laz,64256,364200.0,6675900.002,49.18,364232.82,6675999.999,76.655,32.820000000006985,99.99699999950826,27.475,19.578893277920308,"[8317.0, 13116.55, 39462.5, 52933.45, 57213.0]","[1.0, 1.0, 1.0, 4.0, 7.0]","[1.0, 1.0, 2.0, 5.0, 7.0]",global_ECLAIR_intensity,global_ECLAIR_return_number,global_ECLAIR_number_of_returns,global_ECLAIR_class
ECLAIR,/csehome/m23csa510/lidar_experiments/datasets/eclair/pointclouds/pointcloud_603.laz,389628,364200.0,6676000.006,56.772000000000006,364299.998,6676099.999,195.697,99.99800000002142,99.99299999978393,138.925,38.966306913145196,"[397.0, 7952.0, 39863.0, 52972.0, 65535.0]","[1.0, 1.0, 1.0, 4.0, 8.0]","[1.0, 1.0, 2.0, 5.0, 8.0]",global_ECLAIR_intensity,global_ECLAIR_return_number,global_ECLAIR_number_of_returns,global_ECLAIR_class
ECLAIR,/csehome/m23csa510/lidar_experiments/datasets/eclair/pointclouds/pointcloud_604.laz,1176872,364200.0,6676100.0,54.619,364299.999,6676199.999,193.80100000000002,99.99900000001071,99.99899999983609,139.18200000000002,117.68955377948693,"[649.0, 7510.99, 38609.5, 53943.0, 58764.0]","[1.0, 1.0, 1.0, 4.0, 8.0]","[1.0, 1.0, 2.0, 5.0, 8.0]",global_ECLAIR_intensity,global_ECLAIR_return_number,global_ECLAIR_number_of_returns,global_ECLAIR_class
ECLAIR,/csehome/m23csa510/lidar_experiments/datasets/eclair/pointclouds/pointcloud_605.laz,1096382,364200.0,6676200.0,46.157,364299.999,6676299.999,170.272,99.99900000001071,99.99899999983609,124.115,109.64039279705987,"[0.0, 11108.0, 46865.0, 53963.0, 65535.0]","[1.0, 1.0, 1.0, 3.0, 7.0]","[1.0, 1.0, 1.0, 4.0, 7.0]",global_ECLAIR_intensity,global_ECLAIR_return_number,global_ECLAIR_number_of_returns,global_ECLAIR_class
ECLAIR,/csehome/m23csa510/lidar_experiments/datasets/eclair/pointclouds/pointcloud_606.laz,1731682,364200.0,6676300.0,32.8,364299.999,6676399.999,117.104,99.99900000001071,99.99899999983609,84.304,173.17166341621646,"[3050.0, 11435.0, 43095.0, 53183.0, 57182.0]","[1.0, 1.0, 1.0, 4.0, 8.0]","[1.0, 1.0, 2.0, 5.0, 8.0]",global_ECLAIR_intensity,global_ECLAIR_return_number,global_ECLAIR_number_of_returns,global_ECLAIR_class
ECLAIR,/csehome/m23csa510/lidar_experiments/datasets/eclair/pointclouds/pointcloud_607.laz,2376901,364200.0,6676400.0,29.98,364299.999,6676499.999,137.405,99.99900000001071,99.99899999983609,107.425,237.69485387367214,"[4569.0, 12111.0, 33903.0, 50908.01000000001, 57420.0]","[1.0, 1.0, 2.0, 4.0, 7.0]","[1.0, 1.0, 3.0, 5.0, 8.0]",global_ECLAIR_intensity,global_ECLAIR_return_number,global_ECLAIR_number_of_returns,global_ECLAIR_class
ECLAIR,/csehome/m23csa510/lidar_experiments/datasets/eclair/pointclouds/pointcloud_608.laz,1092391,364200.0,6676500.0,30.016,364299.999,6676599.999,110.034,99.99900000001071,99.99899999983609,80.018,109.24128481493953,"[6140.0, 19506.97, 46972.0, 52834.01000000001, 65535.0]","[1.0, 1.0, 1.0, 3.0, 7.0]","[1.0, 1.0, 1.0, 3.0, 7.0]",global_ECLAIR_intensity,global_ECLAIR_return_number,global_ECLAIR_number_of_returns,global_ECLAIR_class
ECLAIR,/csehome/m23csa510/lidar_experiments/datasets/eclair/pointclouds/pointcloud_609.laz,1224610,364200.0,6676600.0,30.335,364299.999,6676699.999,104.33500000000001,99.99900000001071,99.99899999983609,74.0,122.46344925692641,"[6948.0, 17468.989999999998, 44463.0, 53100.0, 65535.0]","[1.0, 1.0, 1.0, 3.0, 7.0]","[1.0, 1.0, 1.0, 4.0, 7.0]",global_ECLAIR_intensity,global_ECLAIR_return_number,global_ECLAIR_number_of_returns,global_ECLAIR_class
ECLAIR,/csehome/m23csa510/lidar_experiments/datasets/eclair/pointclouds/pointcloud_61.laz,159756,361210.058,6671331.46,57.241,361299.999,6671399.999,81.73,89.94099999999162,68.53899999987334,24.489000000000004,25.915625918465697,"[1443.0, 6009.0, 34317.5, 52669.0, 57544.0]","[1.0, 1.0, 2.0, 5.0, 8.0]","[1.0, 1.0, 3.0, 6.0, 8.0]",global_ECLAIR_intensity,global_ECLAIR_return_number,global_ECLAIR_number_of_returns,global_ECLAIR_class
ECLAIR,/csehome/m23csa510/lidar_experiments/datasets/eclair/pointclouds/pointcloud_610.laz,2397332,364200.0,6676700.0,-135.355,364299.999,6676799.999,125.39,99.99900000001071,99.99899999983609,260.745,239.73799473628821,"[1403.0, 16131.99, 46371.0, 53296.01000000001, 65535.0]","[1.0, 1.0, 1.0, 3.0, 6.0]","[1.0, 1.0, 1.0, 4.0, 6.0]",global_ECLAIR_intensity,global_ECLAIR_return_number,global_ECLAIR_number_of_returns,global_ECLAIR_class
ECLAIR,/csehome/m23csa510/lidar_experiments/datasets/eclair/pointclouds/pointcloud_611.laz,2032235,364200.0,6676800.0,31.797,364299.999,6676899.999,104.072,99.99900000001071,99.99899999983609,72.275,203.2275645312792,"[0.0, 21808.989999999998, 47659.0, 53922.0, 65535.0]","[1.0, 1.0, 1.0, 2.0, 5.0]","[1.0, 1.0, 1.0, 2.0, 5.0]",global_ECLAIR_intensity,global_ECLAIR_return_number,global_ECLAIR_number_of_returns,global_ECLAIR_class
ECLAIR,/csehome/m23csa510/lidar_experiments/datasets/eclair/pointclouds/pointcloud_612.laz,786463,364200.0,6676900.0,33.077,364299.999,6676999.999,61.095,99.99900000001071,99.99899999983609,28.018,78.6478729497147,"[19827.0, 43430.0, 48184.0, 53551.0, 56269.0]","[1.0, 1.0, 1.0, 1.0, 2.0]","[1.0, 1.0, 1.0, 1.0, 2.0]",global_ECLAIR_intensity,global_ECLAIR_return_number,global_ECLAIR_number_of_returns,global_ECLAIR_class
ECLAIR,/csehome/m23csa510/lidar_experiments/datasets/eclair/pointclouds/pointcloud_613.laz,502050,364200.0,6677000.0,33.537,364299.999,6677099.999,68.348,99.99900000001071,99.99899999983609,34.811,50.20600411513862,"[10785.0, 16815.0, 45500.0, 52187.0, 63166.0]","[1.0, 1.0, 1.0, 3.0, 7.0]","[1.0, 1.0, 1.0, 4.0, 7.0]",global_ECLAIR_intensity,global_ECLAIR_return_number,global_ECLAIR_number_of_returns,global_ECLAIR_class
ECLAIR,/csehome/m23csa510/lidar_experiments/datasets/eclair/pointclouds/pointcloud_614.laz,447146,364200.0,6677100.0,30.73,364299.999,6677199.958,153.446,99.99900000001071,99.95799999963492,122.716,44.73383536148185,"[726.0, 14685.0, 39756.0, 51939.0, 56639.0]","[1.0, 1.0, 1.0, 4.0, 7.0]","[1.0, 1.0, 2.0, 5.0, 7.0]",global_ECLAIR_intensity,global_ECLAIR_return_number,global_ECLAIR_number_of_returns,global_ECLAIR_class
ECLAIR,/csehome/m23csa510/lidar_experiments/datasets/eclair/pointclouds/pointcloud_615.laz,2914,364200.002,6677200.001,51.936,364218.724,6677266.162,68.32300000000001,18.722000000008848,66.1609999993816,16.387000000000008,2.352530408288837,"[16854.0, 18305.34, 29346.0, 48176.96, 53049.0]","[1.0, 1.0, 3.0, 5.0, 6.0]","[1.0, 1.0, 3.0, 5.0, 6.0]",global_ECLAIR_intensity,global_ECLAIR_return_number,global_ECLAIR_number_of_returns,global_ECLAIR_class
ECLAIR,/csehome/m23csa510/lidar_experiments/datasets/eclair/pointclouds/pointcloud_616.laz,10544,364200.001,6677302.071,58.606,364223.329,6677397.808,82.981,23.32800000003772,95.73699999973178,24.374999999999993,4.721153013606397,"[14781.0, 17902.43, 35609.0, 50045.399999999994, 53327.0]","[1.0, 1.0, 2.0, 4.0, 6.0]","[1.0, 1.0, 2.0, 4.0, 6.0]",global_ECLAIR_intensity,global_ECLAIR_return_number,global_ECLAIR_number_of_returns,global_ECLAIR_class
ECLAIR,/csehome/m23csa510/lidar_experiments/datasets/eclair/pointclouds/pointcloud_617.laz,14020,364300.007,6669569.423,46.046,364399.976,6669599.999,71.97800000000001,99.96900000004098,30.575999999418855,25.93200000000001,4.586717539246666,"[17493.0, 19425.19, 37303.0, 50983.86, 53748.0]","[1.0, 1.0, 2.0, 4.0, 6.0]","[1.0, 1.0, 2.0, 5.0, 6.0]",global_ECLAIR_intensity,global_ECLAIR_return_number,global_ECLAIR_number_of_returns,global_ECLAIR_class
ECLAIR,/csehome/m23csa510/lidar_experiments/datasets/eclair/pointclouds/pointcloud_618.laz,241933,364300.0,6669600.0,46.709,364399.999,6669699.999,76.547,99.99900000001071,99.99899999983609,29.837999999999994,24.193783873295153,"[9803.0, 13846.32, 38676.0, 51829.67999999999, 56172.0]","[1.0, 1.0, 1.0, 4.0, 8.0]","[1.0, 1.0, 2.0, 5.0, 8.0]",global_ECLAIR_intensity,global_ECLAIR_return_number,global_ECLAIR_number_of_returns,global_ECLAIR_class
ECLAIR,/csehome/m23csa510/lidar_experiments/datasets/eclair/pointclouds/pointcloud_619.laz,435376,364300.0,6669700.0,44.808,364399.999,6669799.999,88.601,99.99900000001071,99.99899999983609,43.793,43.53847076512815,"[8695.0, 12921.0, 43145.0, 52013.25, 59656.0]","[1.0, 1.0, 1.0, 4.0, 8.0]","[1.0, 1.0, 1.0, 5.0, 8.0]",global_ECLAIR_intensity,global_ECLAIR_return_number,global_ECLAIR_number_of_returns,global_ECLAIR_class
ECLAIR,/csehome/m23csa510/lidar_experiments/datasets/eclair/pointclouds/pointcloud_62.laz,835677,361200.0,6671400.0,54.675,361299.999,6671499.999,109.041,99.99900000001071,99.99899999983609,54.366,83.56937137919867,"[0.0, 5969.0, 42569.5, 53915.0, 59687.0]","[1.0, 1.0, 1.0, 4.0, 8.0]","[1.0, 1.0, 2.0, 5.0, 8.0]",global_ECLAIR_intensity,global_ECLAIR_return_number,global_ECLAIR_number_of_returns,global_ECLAIR_class
ECLAIR,/csehome/m23csa510/lidar_experiments/datasets/eclair/pointclouds/pointcloud_620.laz,486152,364300.0,6669800.0,44.335,364399.999,6669899.999,107.754,99.99900000001071,99.99899999983609,63.419000000000004,48.61617231865924,"[5802.0, 13794.51, 35713.0, 50658.0, 56455.0]","[1.0, 1.0, 1.0, 4.0, 7.0]","[1.0, 1.0, 2.0, 5.0, 7.0]",global_ECLAIR_intensity,global_ECLAIR_return_number,global_ECLAIR_number_of_returns,global_ECLAIR_class
ECLAIR,/csehome/m23csa510/lidar_experiments/datasets/eclair/pointclouds/pointcloud_621.laz,347409,364300.0,6669900.0,43.282,364399.999,6669999.999,130.484,99.99900000001071,99.99899999983609,87.20200000000001,34.741594828475634,"[304.0, 12455.08, 40034.0, 53147.0, 57639.0]","[1.0, 1.0, 1.0, 4.0, 7.0]","[1.0, 1.0, 2.0, 5.0, 7.0]",global_ECLAIR_intensity,global_ECLAIR_return_number,global_ECLAIR_number_of_returns,global_ECLAIR_class
ECLAIR,/csehome/m23csa510/lidar_experiments/datasets/eclair/pointclouds/pointcloud_622.laz,213737,364300.0,6670000.0,43.361000000000004,364399.999,6670099.999,57.673,99.99900000001071,99.99899999983609,14.311999999999998,21.37412748044494,"[8590.0, 21932.52, 48829.0, 54970.0, 57615.0]","[1.0, 1.0, 1.0, 2.0, 5.0]","[1.0, 1.0, 1.0, 3.0, 5.0]",global_ECLAIR_intensity,global_ECLAIR_return_number,global_ECLAIR_number_of_returns,global_ECLAIR_class
ECLAIR,/csehome/m23csa510/lidar_experiments/datasets/eclair/pointclouds/pointcloud_623.laz,133951,364300.0,6670100.0,42.63,364399.999,6670199.999,68.062,99.99900000001071,99.99899999983609,25.431999999999995,13.395367906039105,"[10784.0, 16286.5, 43993.0, 53235.5, 57425.0]","[1.0, 1.0, 1.0, 4.0, 7.0]","[1.0, 1.0, 1.0, 4.0, 7.0]",global_ECLAIR_intensity,global_ECLAIR_return_number,global_ECLAIR_number_of_returns,global_ECLAIR_class
ECLAIR,/csehome/m23csa510/lidar_experiments/datasets/eclair/pointclouds/pointcloud_624.laz,14853,364300.001,6670200.001,43.513999999999996,364341.621,6670243.319,55.181,41.61999999999534,43.3179999999702,11.667000000000002,8.23841581559955,"[14657.0, 16929.0, 33957.0, 47928.59999999999, 55340.0]","[1.0, 1.0, 2.0, 4.0, 6.0]","[1.0, 1.0, 2.0, 5.0, 6.0]",global_ECLAIR_intensity,global_ECLAIR_return_number,global_ECLAIR_number_of_returns,global_ECLAIR_class
ECLAIR,/csehome/m23csa510/lidar_experiments/datasets/eclair/pointclouds/pointcloud_625.laz,26314,364300.0,6676071.405,52.355000000000004,364371.921,6676099.999,126.879,71.92099999997299,28.593999999575317,74.524,12.79546992186075,"[17030.0, 19471.26, 42438.5, 51949.0, 56188.0]","[1.0, 1.0, 1.0, 4.0, 6.0]","[1.0, 1.0, 2.0, 4.0, 6.0]",global_ECLAIR_intensity,global_ECLAIR_return_number,global_ECLAIR_number_of_returns,global_ECLAIR_class
ECLAIR,/csehome/m23csa510/lidar_experiments/datasets/eclair/pointclouds/pointcloud_626.laz,282382,364300.0,6676100.0,14.852999999999998,364399.999,6676199.999,82.992,99.99900000001071,99.99899999983609,68.13900000000001,28.238764772514834,"[10631.0, 18763.81, 38079.0, 50541.0, 56647.0]","[1.0, 1.0, 1.0, 4.0, 7.0]","[1.0, 1.0, 2.0, 4.0, 7.0]",global_ECLAIR_intensity,global_ECLAIR_return_number,global_ECLAIR_number_of_returns,global_ECLAIR_class
ECLAIR,/csehome/m23csa510/lidar_experiments/datasets/eclair/pointclouds/pointcloud_627.laz,366069,364300.0,6676200.0,44.983000000000004,364399.997,6676299.999,87.572,99.99699999997392,99.99899999983609,42.589,36.608364323659984,"[9614.0, 21459.04, 46714.0, 53162.32000000001, 65535.0]","[1.0, 1.0, 1.0, 3.0, 7.0]","[1.0, 1.0, 1.0, 4.0, 7.0]",global_ECLAIR_intensity,global_ECLAIR_return_number,global_ECLAIR_number_of_returns,global_ECLAIR_class
ECLAIR,/csehome/m23csa510/lidar_experiments/datasets/eclair/pointclouds/pointcloud_628.laz,716640,364300.0,6676300.0,34.9,364399.999,6676399.999,73.00999999999999,99.99900000001071,99.99899999983609,38.10999999999999,71.66543330160928,"[4301.0, 11140.0, 45933.0, 53355.01000000001, 57939.0]","[1.0, 1.0, 1.0, 4.0, 7.0]","[1.0, 1.0, 1.0, 5.0, 8.0]",global_ECLAIR_intensity,global_ECLAIR_return_number,global_ECLAIR_number_of_returns,global_ECLAIR_class
ECLAIR,/csehome/m23csa510/lidar_experiments/datasets/eclair/pointclouds/pointcloud_629.laz,751753,364300.0,6676400.0,30.016,364399.999,6676499.999,111.884,99.99900000001071,99.99899999983609,81.868,75.17680352866806,"[1181.0, 12340.98, 46046.0, 52458.0, 57777.0]","[1.0, 1.0, 1.0, 4.0, 8.0]","[1.0, 1.0, 1.0, 5.0, 8.0]",global_ECLAIR_intensity,global_ECLAIR_return_number,global_ECLAIR_number_of_returns,global_ECLAIR_class
ECLAIR,/csehome/m23csa510/lidar_experiments/datasets/eclair/pointclouds/pointcloud_63.laz,771006,361200.0,6671500.0,47.949,361299.999,6671599.999,115.639,99.99900000001071,99.99899999983609,67.69,77.1021420352486,"[0.0, 7896.0, 38212.0, 54077.0, 60107.0]","[1.0, 1.0, 1.0, 4.0, 8.0]","[1.0, 1.0, 2.0, 5.0, 8.0]",global_ECLAIR_intensity,global_ECLAIR_return_number,global_ECLAIR_number_of_returns,global_ECLAIR_class
ECLAIR,/csehome/m23csa510/lidar_experiments/datasets/eclair/pointclouds/pointcloud_630.laz,620507,364300.0,6676500.0,30.051000000000002,364399.999,6676599.999,109.514,99.99900000001071,99.99899999983609,79.463,62.05194103271052,"[1951.0, 14699.99, 47760.0, 53372.0, 65466.0]","[1.0, 1.0, 1.0, 3.0, 8.0]","[1.0, 1.0, 1.0, 4.0, 8.0]",global_ECLAIR_intensity,global_ECLAIR_return_number,global_ECLAIR_number_of_returns,global_ECLAIR_class
ECLAIR,/csehome/m23csa510/lidar_experiments/datasets/eclair/pointclouds/pointcloud_631.laz,950816,364300.0,6676600.0,31.0,364399.999,6676699.999,121.187,99.99900000001071,99.99899999983609,90.187,95.08350166067054,"[467.0, 17426.989999999998, 44177.0, 53532.0, 65535.0]","[1.0, 1.0, 1.0, 3.0, 7.0]","[1.0, 1.0, 1.0, 4.0, 7.0]",global_ECLAIR_intensity,global_ECLAIR_return_number,global_ECLAIR_number_of_returns,global_ECLAIR_class
ECLAIR,/csehome/m23csa510/lidar_experiments/datasets/eclair/pointclouds/pointcloud_632.laz,2214799,364300.0,6676700.0,31.936,364399.999,6676799.999,109.655,99.99900000001071,99.99899999983609,77.719,221.48432966478418,"[2205.0, 16239.0, 48927.0, 54090.01000000001, 65535.0]","[1.0, 1.0, 1.0, 3.0, 6.0]","[1.0, 1.0, 1.0, 4.0, 7.0]",global_ECLAIR_intensity,global_ECLAIR_return_number,global_ECLAIR_number_of_returns,global_ECLAIR_class
ECLAIR,/csehome/m23csa510/lidar_experiments/datasets/eclair/pointclouds/pointcloud_633.laz,1613786,364300.0,6676800.0,25.036,364399.999,6676899.999,100.651,99.99900000001071,99.99899999983609,75.615,161.38182762066145,"[3165.0, 17110.989999999998, 48372.0, 53816.0, 65535.0]","[1.0, 1.0, 1.0, 2.0, 4.0]","[1.0, 1.0, 1.0, 2.0, 4.0]",global_ECLAIR_intensity,global_ECLAIR_return_number,global_ECLAIR_number_of_returns,global_ECLAIR_class
ECLAIR,/csehome/m23csa510/lidar_experiments/datasets/eclair/pointclouds/pointcloud_634.laz,251451,364300.0,6676900.0,32.774,364399.999,6676999.987,49.638,99.99900000001071,99.98699999973178,16.863999999999997,25.14862077427995,"[13542.0, 18719.5, 46465.0, 52760.0, 56945.0]","[1.0, 1.0, 1.0, 3.0, 7.0]","[1.0, 1.0, 1.0, 4.0, 7.0]",global_ECLAIR_intensity,global_ECLAIR_return_number,global_ECLAIR_number_of_returns,global_ECLAIR_class
ECLAIR,/csehome/m23csa510/lidar_experiments/datasets/eclair/pointclouds/pointcloud_635.laz,57479,364300.001,6677000.003,-2.4350000000000023,364399.995,6677099.999,51.469,99.99400000000605,99.99600000027567,53.904,5.748474833670834,"[19022.0, 21891.78, 43695.0, 49226.0, 56064.0]","[1.0, 1.0, 1.0, 3.0, 5.0]","[1.0, 1.0, 1.0, 3.0, 5.0]",global_ECLAIR_intensity,global_ECLAIR_return_number,global_ECLAIR_number_of_returns,global_ECLAIR_class
ECLAIR,/csehome/m23csa510/lidar_experiments/datasets/eclair/pointclouds/pointcloud_636.laz,96998,364300.0,6677100.0,-7.359000000000002,364399.996,6677188.476,57.533,99.99599999998463,88.47599999979138,64.892,10.963637605163731,"[16243.0, 21608.97, 44791.0, 49437.09, 53331.0]","[1.0, 1.0, 1.0, 3.0, 6.0]","[1.0, 1.0, 1.0, 4.0, 6.0]",global_ECLAIR_intensity,global_ECLAIR_return_number,global_ECLAIR_number_of_returns,global_ECLAIR_class
ECLAIR,/csehome/m23csa510/lidar_experiments/datasets/eclair/pointclouds/pointcloud_637.laz,3094,364400.024,6669575.059,43.802,364480.906,6669599.997,69.40700000000001,80.88200000004144,24.938000000081956,25.60500000000001,1.5339344707776286,"[18061.0, 19728.37, 31987.0, 51208.76000000001, 53478.0]","[1.0, 1.0, 2.0, 5.0, 6.0]","[1.0, 1.0, 3.0, 5.0, 6.0]",global_ECLAIR_intensity,global_ECLAIR_return_number,global_ECLAIR_number_of_returns,global_ECLAIR_class
ECLAIR,/csehome/m23csa510/lidar_experiments/datasets/eclair/pointclouds/pointcloud_638.laz,187026,364400.0,6669600.003,43.243,364499.999,6669699.999,74.826,99.99900000001071,99.99600000027567,31.58299999999999,18.703535169223485,"[10449.0, 14897.0, 36383.0, 51047.5, 55503.0]","[1.0, 1.0, 1.0, 4.0, 7.0]","[1.0, 1.0, 2.0, 5.0, 7.0]",global_ECLAIR_intensity,global_ECLAIR_return_number,global_ECLAIR_number_of_returns,global_ECLAIR_class
ECLAIR,/csehome/m23csa510/lidar_experiments/datasets/eclair/pointclouds/pointcloud_639.laz,437883,364400.0,6669700.0,43.193,364499.999,6669799.999,131.305,99.99900000001071,99.99899999983609,88.11200000000001,43.78917577920375,"[1213.0, 12708.0, 40037.0, 52006.0, 57956.0]","[1.0, 1.0, 1.0, 4.0, 8.0]","[1.0, 1.0, 2.0, 5.0, 8.0]",global_ECLAIR_intensity,global_ECLAIR_return_number,global_ECLAIR_number_of_returns,global_ECLAIR_class
ECLAIR,/csehome/m23csa510/lidar_experiments/datasets/eclair/pointclouds/pointcloud_64.laz,219115,361200.0,6671600.0,44.06,361286.095,6671699.977,76.056,86.09499999997206,99.9769999999553,31.995999999999995,25.456229519021917,"[5829.0, 11073.0, 34323.0, 50840.859999999986, 56964.0]","[1.0, 1.0, 2.0, 5.0, 8.0]","[1.0, 1.0, 3.0, 5.0, 8.0]",global_ECLAIR_intensity,global_ECLAIR_return_number,global_ECLAIR_number_of_returns,global_ECLAIR_class
ECLAIR,/csehome/m23csa510/lidar_experiments/datasets/eclair/pointclouds/pointcloud_640.laz,279842,364400.0,6669800.0,42.573,364499.999,6669899.999,68.37,99.99900000001071,99.99899999983609,25.797000000000004,27.984759692438246,"[7438.0, 12492.0, 44935.0, 52978.590000000026, 60561.0]","[1.0, 1.0, 1.0, 4.0, 7.0]","[1.0, 1.0, 1.0, 4.0, 7.0]",global_ECLAIR_intensity,global_ECLAIR_return_number,global_ECLAIR_number_of_returns,global_ECLAIR_class
ECLAIR,/csehome/m23csa510/lidar_experiments/datasets/eclair/pointclouds/pointcloud_641.laz,311141,364400.0,6669900.0,43.141999999999996,364499.999,6669999.999,68.803,99.99900000001071,99.99899999983609,25.661,31.114722291382023,"[6990.0, 11875.0, 37984.0, 52875.59999999998, 57167.0]","[1.0, 1.0, 1.0, 4.0, 7.0]","[1.0, 1.0, 2.0, 5.0, 7.0]",global_ECLAIR_intensity,global_ECLAIR_return_number,global_ECLAIR_number_of_returns,global_ECLAIR_class
ECLAIR,/csehome/m23csa510/lidar_experiments/datasets/eclair/pointclouds/pointcloud_642.laz,116874,364400.0,6670000.0,42.682,364499.987,6670099.995,66.239,99.98700000002282,99.99500000011176,23.557000000000002,11.689504034728746,"[9559.0, 15874.19, 40852.0, 52529.270000000004, 56329.0]","[1.0, 1.0, 1.0, 4.0, 6.0]","[1.0, 1.0, 1.0, 4.0, 6.0]",global_ECLAIR_intensity,global_ECLAIR_return_number,global_ECLAIR_number_of_returns,global_ECLAIR_class
ECLAIR,/csehome/m23csa510/lidar_experiments/datasets/eclair/pointclouds/pointcloud_643.laz,7354,364400.0,6670100.002,43.974000000000004,364432.557,6670134.658,53.247,32.556999999971595,34.65599999949336,9.272999999999996,6.517796715519977,"[16259.0, 17945.12, 37661.5, 51240.76, 54762.0]","[1.0, 1.0, 1.0, 4.0, 5.0]","[1.0, 1.0, 2.0, 4.0, 5.0]",global_ECLAIR_intensity,global_ECLAIR_return_number,global_ECLAIR_number_of_returns,global_ECLAIR_class
ECLAIR,/csehome/m23csa510/lidar_experiments/datasets/eclair/pointclouds/pointcloud_644.laz,2257,364400.0,6676111.537,19.729,364428.62,6676199.995,56.81,28.619999999995343,88.45800000056624,37.081,0.8915071153272088,"[24209.0, 25040.68, 30904.0, 39420.8, 41663.0]","[1.0, 1.0, 1.0, 2.0, 3.0]","[1.0, 1.0, 1.0, 2.0, 3.0]",global_ECLAIR_intensity,global_ECLAIR_return_number,global_ECLAIR_number_of_returns,global_ECLAIR_class
ECLAIR,/csehome/m23csa510/lidar_experiments/datasets/eclair/pointclouds/pointcloud_645.laz,8061,364400.002,6676200.007,24.054000000000002,364423.444,6676278.69,56.013000000000005,23.442000000039116,78.68300000019372,31.959000000000003,4.370321123533705,"[24619.0, 27027.2, 41333.0, 46229.4, 47692.0]","[1.0, 1.0, 1.0, 2.0, 4.0]","[1.0, 1.0, 1.0, 2.0, 4.0]",global_ECLAIR_intensity,global_ECLAIR_return_number,global_ECLAIR_number_of_returns,global_ECLAIR_class
ECLAIR,/csehome/m23csa510/lidar_experiments/datasets/eclair/pointclouds/pointcloud_646.laz,17429,364400.0,6676338.398,10.172,364431.938,6676399.999,66.46600000000001,31.93800000002375,61.600999999791384,56.29400000000001,8.858842714296824,"[11392.0, 14264.28, 49703.0, 52384.72, 54323.0]","[1.0, 1.0, 1.0, 5.0, 7.0]","[1.0, 1.0, 1.0, 5.0, 7.0]",global_ECLAIR_intensity,global_ECLAIR_return_number,global_ECLAIR_number_of_returns,global_ECLAIR_class
ECLAIR,/csehome/m23csa510/lidar_experiments/datasets/eclair/pointclouds/pointcloud_647.laz,183534,364400.0,6676400.0,30.206,364484.947,6676499.998,66.634,84.94699999998556,99.99799999967217,36.428,21.606139210807672,"[10933.0, 14995.33, 48215.0, 51496.0, 56897.0]","[1.0, 1.0, 1.0, 4.0, 7.0]","[1.0, 1.0, 1.0, 5.0, 7.0]",global_ECLAIR_intensity,global_ECLAIR_return_number,global_ECLAIR_number_of_returns,global_ECLAIR_class
ECLAIR,/csehome/m23csa510/lidar_experiments/datasets/eclair/pointclouds/pointcloud_648.laz,516277,364400.0,6676500.0,30.015,364499.999,6676599.999,58.254999999999995,99.99900000001071,99.99899999983609,28.239999999999995,51.62873256956761,"[8815.0, 14751.99, 43634.0, 52904.01000000001, 65535.0]","[1.0, 1.0, 1.0, 4.0, 8.0]","[1.0, 1.0, 1.0, 5.0, 8.0]",global_ECLAIR_intensity,global_ECLAIR_return_number,global_ECLAIR_number_of_returns,global_ECLAIR_class
ECLAIR,/csehome/m23csa510/lidar_experiments/datasets/eclair/pointclouds/pointcloud_649.laz,1627043,364400.0,6676600.0,31.177,364499.999,6676699.999,123.58,99.99900000001071,99.99899999983609,92.40299999999999,162.7075541350612,"[503.0, 12521.99, 45049.5, 54336.0, 65535.0]","[1.0, 1.0, 1.0, 4.0, 7.0]","[1.0, 1.0, 1.0, 5.0, 8.0]",global_ECLAIR_intensity,global_ECLAIR_return_number,global_ECLAIR_number_of_returns,global_ECLAIR_class
ECLAIR,/csehome/m23csa510/lidar_experiments/datasets/eclair/pointclouds/pointcloud_65.laz,933,361200.012,6671700.006,43.066,361213.506,6671717.551,52.292,13.494000000006054,17.544999999925494,9.225999999999999,3.940828772778797,"[14943.0, 15856.0, 31122.0, 49583.83999999999, 54457.0]","[1.0, 1.0, 2.0, 5.0, 6.0]","[1.0, 1.0, 3.0, 6.0, 6.0]",global_ECLAIR_intensity,global_ECLAIR_return_number,global_ECLAIR_number_of_returns,global_ECLAIR_class
ECLAIR,/csehome/m23csa510/lidar_experiments/datasets/eclair/pointclouds/pointcloud_650.laz,2649623,364400.0,6676700.0,29.500999999999998,364499.999,6676799.999,122.674,99.99900000001071,99.99899999983609,93.173,264.96759932589566,"[0.0, 11268.96, 50209.0, 54397.0, 59360.0]","[1.0, 1.0, 1.0, 4.0, 7.0]","[1.0, 1.0, 1.0, 4.0, 8.0]",global_ECLAIR_intensity,global_ECLAIR_return_number,global_ECLAIR_number_of_returns,global_ECLAIR_class
ECLAIR,/csehome/m23csa510/lidar_experiments/datasets/eclair/pointclouds/pointcloud_651.laz,1531141,364400.0,6676800.0,32.656,364499.999,6676899.999,124.261,99.99900000001071,99.99899999983609,91.60499999999999,153.11716232816943,"[1196.0, 24133.989999999998, 50343.0, 54411.0, 65535.0]","[1.0, 1.0, 1.0, 2.0, 5.0]","[1.0, 1.0, 1.0, 2.0, 5.0]",global_ECLAIR_intensity,global_ECLAIR_return_number,global_ECLAIR_number_of_returns,global_ECLAIR_class
ECLAIR,/csehome/m23csa510/lidar_experiments/datasets/eclair/pointclouds/pointcloud_652.laz,367326,364400.0,6676900.0,32.906,364499.999,6676999.997,118.337,99.99900000001071,99.99700000043958,85.43100000000001,36.73406935158843,"[674.0, 27044.75, 47973.5, 52992.0, 55896.0]","[1.0, 1.0, 1.0, 2.0, 5.0]","[1.0, 1.0, 1.0, 3.0, 5.0]",global_ECLAIR_intensity,global_ECLAIR_return_number,global_ECLAIR_number_of_returns,global_ECLAIR_class
ECLAIR,/csehome/m23csa510/lidar_experiments/datasets/eclair/pointclouds/pointcloud_653.laz,205255,364400.0,6677000.001,3.067999999999998,364499.999,6677099.999,68.999,99.99900000001071,99.99799999967217,65.931,20.52611577943325,"[9704.0, 14661.54, 44337.0, 51321.0, 55968.0]","[1.0, 1.0, 1.0, 4.0, 7.0]","[1.0, 1.0, 1.0, 5.0, 7.0]",global_ECLAIR_intensity,global_ECLAIR_return_number,global_ECLAIR_number_of_returns,global_ECLAIR_class
ECLAIR,/csehome/m23csa510/lidar_experiments/datasets/eclair/pointclouds/pointcloud_654.laz,57037,364400.0,6677100.0,0.9979999999999976,364499.999,6677199.995,58.988,99.99900000001071,99.99500000011176,57.99,5.704042239675374,"[13730.0, 19613.88, 45274.0, 49739.64, 54157.0]","[1.0, 1.0, 1.0, 3.0, 7.0]","[1.0, 1.0, 1.0, 4.0, 7.0]",global_ECLAIR_intensity,global_ECLAIR_return_number,global_ECLAIR_number_of_returns,global_ECLAIR_class
ECLAIR,/csehome/m23csa510/lidar_experiments/datasets/eclair/pointclouds/pointcloud_655.laz,1037,364483.192,6677200.003,43.212,364499.998,6677215.434,49.519999999999996,16.806000000040513,15.431000000797212,6.307999999999993,3.9987138406619405,"[19547.0, 20579.72, 43213.0, 49332.880000000005, 50877.0]","[1.0, 1.0, 1.0, 3.0, 4.0]","[1.0, 1.0, 1.0, 3.0, 4.0]",global_ECLAIR_intensity,global_ECLAIR_return_number,global_ECLAIR_number_of_returns,global_ECLAIR_class
ECLAIR,/csehome/m23csa510/lidar_experiments/datasets/eclair/pointclouds/pointcloud_656.laz,20954,364500.0,6669612.05,43.153,364563.882,6669699.996,72.27000000000001,63.881999999983236,87.94600000046194,29.11700000000001,3.729686629489412,"[15682.0, 18398.65, 34826.0, 49628.82000000001, 54510.0]","[1.0, 1.0, 2.0, 4.0, 7.0]","[1.0, 1.0, 2.0, 5.0, 7.0]",global_ECLAIR_intensity,global_ECLAIR_return_number,global_ECLAIR_number_of_returns,global_ECLAIR_class
ECLAIR,/csehome/m23csa510/lidar_experiments/datasets/eclair/pointclouds/pointcloud_657.laz,103355,364500.0,6669700.0,44.068,364586.157,6669799.999,73.37700000000001,86.15700000000652,99.99899999983609,29.30900000000001,11.99624331865051,"[11749.0, 16028.08, 37403.0, 51552.0, 56393.0]","[1.0, 1.0, 1.0, 4.0, 7.0]","[1.0, 1.0, 2.0, 5.0, 7.0]",global_ECLAIR_intensity,global_ECLAIR_return_number,global_ECLAIR_number_of_returns,global_ECLAIR_class
ECLAIR,/csehome/m23csa510/lidar_experiments/datasets/eclair/pointclouds/pointcloud_658.laz,98802,364500.0,6669800.0,41.942,364587.705,6669899.998,71.83,87.7050000000163,99.99799999967217,29.887999999999998,11.265489547896602,"[12332.0, 17854.0, 44903.0, 52572.98000000001, 65535.0]","[1.0, 1.0, 1.0, 3.0, 7.0]","[1.0, 1.0, 1.0, 4.0, 7.0]",global_ECLAIR_intensity,global_ECLAIR_return_number,global_ECLAIR_number_of_returns,global_ECLAIR_class
ECLAIR,/csehome/m23csa510/lidar_experiments/datasets/eclair/pointclouds/pointcloud_659.laz,53882,364500.0,6669900.0,42.381,364572.97,6669999.997,65.064,72.96999999997206,99.99700000043958,22.682999999999993,7.384351995104703,"[14042.0, 17635.86, 40140.0, 52228.19, 65535.0]","[1.0, 1.0, 1.0, 4.0, 6.0]","[1.0, 1.0, 2.0, 5.0, 6.0]",global_ECLAIR_intensity,global_ECLAIR_return_number,global_ECLAIR_number_of_returns,global_ECLAIR_class
ECLAIR,/csehome/m23csa510/lidar_experiments/datasets/eclair/pointclouds/pointcloud_66.laz,126638,361200.0,6672029.659,31.318,361299.998,6672099.999,53.995999999999995,99.99800000002142,70.33999999985099,22.677999999999994,18.004056413263772,"[9314.0, 13152.37, 34774.0, 50485.0, 55926.0]","[1.0, 1.0, 2.0, 5.0, 7.0]","[1.0, 1.0, 2.0, 5.0, 7.0]",global_ECLAIR_intensity,global_ECLAIR_return_number,global_ECLAIR_number_of_returns,global_ECLAIR_class
ECLAIR,/csehome/m23csa510/lidar_experiments/datasets/eclair/pointclouds/pointcloud_660.laz,1000,364500.007,6670000.0,43.448,364519.101,6670020.332,54.891999999999996,19.094000000040978,20.33200000040233,11.443999999999996,2.5758643039065334,"[17526.0, 19287.3, 33344.5, 49097.13, 51730.0]","[1.0, 1.0, 2.0, 4.0, 5.0]","[1.0, 1.0, 2.0, 4.0, 5.0]",global_ECLAIR_intensity,global_ECLAIR_return_number,global_ECLAIR_number_of_returns,global_ECLAIR_class
ECLAIR,/csehome/m23csa510/lidar_experiments/datasets/eclair/pointclouds/pointcloud_661.laz,17142,364576.384,6670547.66,44.304,364599.998,6670599.999,65.91499999999999,23.614000000001397,52.338999999687076,21.61099999999999,13.869682236114635,"[7934.0, 11756.74, 36759.5, 49041.130000000005, 52961.0]","[1.0, 1.0, 1.0, 4.0, 7.0]","[1.0, 1.0, 1.0, 5.0, 7.0]",global_ECLAIR_intensity,global_ECLAIR_return_number,global_ECLAIR_number_of_returns,global_ECLAIR_class
ECLAIR,/csehome/m23csa510/lidar_experiments/datasets/eclair/pointclouds/pointcloud_662.laz,252265,364539.585,6670600.001,45.233000000000004,364599.999,6670699.999,118.127,60.413999999989755,99.99799999967217,72.89399999999999,41.75688506004863,"[618.0, 12783.199999999999, 44298.0, 53351.0, 59249.0]","[1.0, 1.0, 1.0, 3.0, 5.0]","[1.0, 1.0, 1.0, 3.0, 5.0]",global_ECLAIR_intensity,global_ECLAIR_return_number,global_ECLAIR_number_of_returns,global_ECLAIR_class
ECLAIR,/csehome/m23csa510/lidar_experiments/datasets/eclair/pointclouds/pointcloud_663.laz,279441,364512.268,6670700.0,46.245000000000005,364599.999,6670799.999,110.569,87.73100000002887,99.99899999983609,64.324,31.852343463349385,"[350.0, 13145.4, 47863.0, 54534.0, 59601.0]","[1.0, 1.0, 1.0, 3.0, 5.0]","[1.0, 1.0, 1.0, 3.0, 5.0]",global_ECLAIR_intensity,global_ECLAIR_return_number,global_ECLAIR_number_of_returns,global_ECLAIR_class
ECLAIR,/csehome/m23csa510/lidar_experiments/datasets/eclair/pointclouds/pointcloud_664.laz,39496,364505.344,6670800.0,41.68,364599.999,6670839.55,74.67,94.65500000002794,39.549999999813735,32.99,10.550257669441605,"[11321.0, 16932.7, 46544.0, 53397.05, 57227.0]","[1.0, 1.0, 1.0, 3.0, 5.0]","[1.0, 1.0, 1.0, 3.0, 5.0]",global_ECLAIR_intensity,global_ECLAIR_return_number,global_ECLAIR_number_of_returns,global_ECLAIR_class
ECLAIR,/csehome/m23csa510/lidar_experiments/datasets/eclair/pointclouds/pointcloud_665.laz,128697,364500.0,6676532.943,29.807,364599.999,6676599.999,62.272000000000006,99.99900000001071,67.05599999986589,32.465,19.19265792518394,"[12165.0, 15558.96, 37050.0, 50386.0, 55765.0]","[1.0, 1.0, 2.0, 5.0, 7.0]","[1.0, 1.0, 2.0, 5.0, 7.0]",global_ECLAIR_intensity,global_ECLAIR_return_number,global_ECLAIR_number_of_returns,global_ECLAIR_class
ECLAIR,/csehome/m23csa510/lidar_experiments/datasets/eclair/pointclouds/pointcloud_666.laz,1940404,364500.0,6676600.0,31.651,364599.999,6676699.999,123.19200000000001,99.99900000001071,99.99899999983609,91.54100000000001,194.04428086651018,"[0.0, 10034.0, 41258.5, 54010.0, 60223.0]","[1.0, 1.0, 1.0, 4.0, 8.0]","[1.0, 1.0, 2.0, 5.0, 8.0]",global_ECLAIR_intensity,global_ECLAIR_return_number,global_ECLAIR_number_of_returns,global_ECLAIR_class
ECLAIR,/csehome/m23csa510/lidar_experiments/datasets/eclair/pointclouds/pointcloud_667.laz,2788341,364500.0,6676700.0,21.83,364599.999,6676799.999,115.223,99.99900000001071,99.99899999983609,93.393,278.8396767660785,"[0.0, 10092.0, 48490.0, 54186.0, 62196.0]","[1.0, 1.0, 1.0, 4.0, 8.0]","[1.0, 1.0, 1.0, 5.0, 8.0]",global_ECLAIR_intensity,global_ECLAIR_return_number,global_ECLAIR_number_of_returns,global_ECLAIR_class
ECLAIR,/csehome/m23csa510/lidar_experiments/datasets/eclair/pointclouds/pointcloud_668.laz,1411956,364500.0,6676800.0,32.819,364599.999,6676899.999,123.619,99.99900000001071,99.99899999983609,90.8,141.19842395457556,"[0.0, 17470.96, 49347.0, 54421.0, 58084.0]","[1.0, 1.0, 1.0, 3.0, 7.0]","[1.0, 1.0, 1.0, 4.0, 7.0]",global_ECLAIR_intensity,global_ECLAIR_return_number,global_ECLAIR_number_of_returns,global_ECLAIR_class
ECLAIR,/csehome/m23csa510/lidar_experiments/datasets/eclair/pointclouds/pointcloud_669.laz,448753,364500.0,6676900.0,33.75,364599.999,6676999.999,113.362,99.99900000001071,99.99899999983609,79.612,44.87619751953152,"[3038.0, 14213.0, 47617.0, 54348.47999999998, 61652.0]","[1.0, 1.0, 1.0, 3.0, 7.0]","[1.0, 1.0, 1.0, 4.0, 7.0]",global_ECLAIR_intensity,global_ECLAIR_return_number,global_ECLAIR_number_of_returns,global_ECLAIR_class
ECLAIR,/csehome/m23csa510/lidar_experiments/datasets/eclair/pointclouds/pointcloud_67.laz,618586,361200.0,6672100.0,30.611,361299.999,6672199.999,88.649,99.99900000001071,99.99899999983609,58.038,61.8598371906526,"[3695.0, 10863.0, 36855.0, 54030.0, 58668.0]","[1.0, 1.0, 1.0, 4.0, 8.0]","[1.0, 1.0, 2.0, 5.0, 8.0]",global_ECLAIR_intensity,global_ECLAIR_return_number,global_ECLAIR_number_of_returns,global_ECLAIR_class
ECLAIR,/csehome/m23csa510/lidar_experiments/datasets/eclair/pointclouds/pointcloud_670.laz,617358,364500.0,6677000.0,44.003,364599.999,6677099.999,131.578,99.99900000001071,99.99899999983609,87.575,61.73703473461557,"[0.0, 9408.0, 39577.0, 53469.0, 65535.0]","[1.0, 1.0, 1.0, 4.0, 7.0]","[1.0, 1.0, 2.0, 5.0, 8.0]",global_ECLAIR_intensity,global_ECLAIR_return_number,global_ECLAIR_number_of_returns,global_ECLAIR_class
ECLAIR,/csehome/m23csa510/lidar_experiments/datasets/eclair/pointclouds/pointcloud_671.laz,343449,364500.0,6677100.0,43.33,364599.999,6677199.999,88.75,99.99900000001071,99.99899999983609,45.42,34.345586908356225,"[3446.0, 8890.48, 35673.0, 51458.52000000002, 57187.0]","[1.0, 1.0, 1.0, 5.0, 8.0]","[1.0, 1.0, 2.0, 6.0, 8.0]",global_ECLAIR_intensity,global_ECLAIR_return_number,global_ECLAIR_number_of_returns,global_ECLAIR_class
ECLAIR,/csehome/m23csa510/lidar_experiments/datasets/eclair/pointclouds/pointcloud_672.laz,39082,364500.0,6677200.0,44.231,364599.998,6677253.823,73.799,99.99800000002142,53.82299999985844,29.568000000000005,7.261353260822982,"[13068.0, 16229.43, 43176.0, 50263.19, 53157.0]","[1.0, 1.0, 1.0, 3.0, 6.0]","[1.0, 1.0, 1.0, 4.0, 6.0]",global_ECLAIR_intensity,global_ECLAIR_return_number,global_ECLAIR_number_of_returns,global_ECLAIR_class
ECLAIR,/csehome/m23csa510/lidar_experiments/datasets/eclair/pointclouds/pointcloud_673.laz,77905,364649.459,6670451.643,44.393,364699.999,6670499.999,113.8,50.54000000003725,48.355999999679625,69.407,31.87716756983824,"[815.0, 7806.0, 37201.0, 53443.96000000001, 58092.0]","[1.0, 1.0, 1.0, 5.0, 8.0]","[1.0, 1.0, 2.0, 5.0, 8.0]",global_ECLAIR_intensity,global_ECLAIR_return_number,global_ECLAIR_number_of_returns,global_ECLAIR_class
ECLAIR,/csehome/m23csa510/lidar_experiments/datasets/eclair/pointclouds/pointcloud_674.laz,698460,364600.002,6670500.0,43.862,364699.999,6670599.999,102.403,99.99700000003213,99.99899999983609,58.541000000000004,69.84879393089464,"[2256.0, 7078.0, 36805.0, 51722.0, 56864.0]","[1.0, 1.0, 1.0, 5.0, 8.0]","[1.0, 1.0, 2.0, 5.0, 8.0]",global_ECLAIR_intensity,global_ECLAIR_return_number,global_ECLAIR_number_of_returns,global_ECLAIR_class
ECLAIR,/csehome/m23csa510/lidar_experiments/datasets/eclair/pointclouds/pointcloud_675.laz,614324,364600.0,6670600.0,45.864000000000004,364699.999,6670699.999,111.631,99.99900000001071,99.99899999983609,65.767,61.433628666524086,"[3422.0, 13300.0, 47316.0, 53815.01000000001, 60896.0]","[1.0, 1.0, 1.0, 3.0, 7.0]","[1.0, 1.0, 1.0, 4.0, 7.0]",global_ECLAIR_intensity,global_ECLAIR_return_number,global_ECLAIR_number_of_returns,global_ECLAIR_class
ECLAIR,/csehome/m23csa510/lidar_experiments/datasets/eclair/pointclouds/pointcloud_676.laz,445270,364600.0,6670700.0,49.730000000000004,364699.999,6670799.999,78.293,99.99900000001071,99.99899999983609,28.563000000000002,44.527890553426495,"[2500.0, 15433.0, 50563.0, 54842.31, 60650.0]","[1.0, 1.0, 1.0, 3.0, 6.0]","[1.0, 1.0, 1.0, 3.0, 6.0]",global_ECLAIR_intensity,global_ECLAIR_return_number,global_ECLAIR_number_of_returns,global_ECLAIR_class
ECLAIR,/csehome/m23csa510/lidar_experiments/datasets/eclair/pointclouds/pointcloud_677.laz,32914,364600.0,6670800.0,51.704,364689.717,6670827.421,60.228,89.71700000000419,27.421000000089407,8.524000000000001,13.378968555760732,"[13289.0, 16791.26, 46140.0, 53755.869999999995, 58931.0]","[1.0, 1.0, 1.0, 3.0, 5.0]","[1.0, 1.0, 1.0, 3.0, 5.0]",global_ECLAIR_intensity,global_ECLAIR_return_number,global_ECLAIR_number_of_returns,global_ECLAIR_class
ECLAIR,/csehome/m23csa510/lidar_experiments/datasets/eclair/pointclouds/pointcloud_678.laz,113238,364600.0,6676554.782,29.607,364699.999,6676599.999,61.409,99.99900000001071,45.217000000178814,31.802,25.04348638584249,"[12269.0, 15049.37, 35621.0, 51815.0, 65535.0]","[1.0, 1.0, 2.0, 5.0, 8.0]","[1.0, 1.0, 2.0, 5.0, 8.0]",global_ECLAIR_intensity,global_ECLAIR_return_number,global_ECLAIR_number_of_returns,global_ECLAIR_class
ECLAIR,/csehome/m23csa510/lidar_experiments/datasets/eclair/pointclouds/pointcloud_679.laz,728562,364600.0,6676600.0,29.649,364699.999,6676699.999,109.642,99.99900000001071,99.99899999983609,79.993,72.85765714596877,"[1814.0, 12310.99, 44412.0, 54110.01000000001, 59348.0]","[1.0, 1.0, 1.0, 4.0, 8.0]","[1.0, 1.0, 1.0, 5.0, 8.0]",global_ECLAIR_intensity,global_ECLAIR_return_number,global_ECLAIR_number_of_returns,global_ECLAIR_class
ECLAIR,/csehome/m23csa510/lidar_experiments/datasets/eclair/pointclouds/pointcloud_68.laz,588180,361200.0,6672200.0,30.017,361299.999,6672299.999,106.033,99.99900000001071,99.99899999983609,76.016,58.81917637773575,"[1839.0, 11043.99, 38307.5, 54230.0, 58473.0]","[1.0, 1.0, 1.0, 4.0, 8.0]","[1.0, 1.0, 2.0, 5.0, 8.0]",global_ECLAIR_intensity,global_ECLAIR_return_number,global_ECLAIR_number_of_returns,global_ECLAIR_class
ECLAIR,/csehome/m23csa510/lidar_experiments/datasets/eclair/pointclouds/pointcloud_680.laz,1585552,364600.0,6676700.0,33.782,364699.999,6676799.999,100.657,99.99900000001071,99.99899999983609,66.875,158.55837115181012,"[0.0, 11533.99, 48605.0, 53950.0, 65535.0]","[1.0, 1.0, 1.0, 3.0, 7.0]","[1.0, 1.0, 1.0, 4.0, 8.0]",global_ECLAIR_intensity,global_ECLAIR_return_number,global_ECLAIR_number_of_returns,global_ECLAIR_class
ECLAIR,/csehome/m23csa510/lidar_experiments/datasets/eclair/pointclouds/pointcloud_681.laz,1089182,364600.0,6676800.0,32.29,364699.999,6676899.999,89.414,99.99900000001071,99.99899999983609,57.124,108.92037839684276,"[1052.0, 11763.0, 47889.0, 54150.0, 65535.0]","[1.0, 1.0, 1.0, 4.0, 7.0]","[1.0, 1.0, 1.0, 4.0, 7.0]",global_ECLAIR_intensity,global_ECLAIR_return_number,global_ECLAIR_number_of_returns,global_ECLAIR_class
ECLAIR,/csehome/m23csa510/lidar_experiments/datasets/eclair/pointclouds/pointcloud_682.laz,325883,364600.0,6676900.0,34.055,364699.999,6676999.999,61.120000000000005,99.99900000001071,99.99899999983609,27.065000000000005,32.588951775826544,"[8003.0, 19154.64, 46527.0, 53208.0, 56984.0]","[1.0, 1.0, 1.0, 3.0, 5.0]","[1.0, 1.0, 1.0, 3.0, 5.0]",global_ECLAIR_intensity,global_ECLAIR_return_number,global_ECLAIR_number_of_returns,global_ECLAIR_class
ECLAIR,/csehome/m23csa510/lidar_experiments/datasets/eclair/pointclouds/pointcloud_683.laz,589664,364600.0,6677000.0,55.075,364699.999,6677099.999,119.66,99.99900000001071,99.99899999983609,64.585,58.96757934578049,"[1165.0, 9050.0, 44050.5, 54184.0, 59087.0]","[1.0, 1.0, 1.0, 4.0, 8.0]","[1.0, 1.0, 1.0, 4.0, 8.0]",global_ECLAIR_intensity,global_ECLAIR_return_number,global_ECLAIR_number_of_returns,global_ECLAIR_class
ECLAIR,/csehome/m23csa510/lidar_experiments/datasets/eclair/pointclouds/pointcloud_684.laz,923221,364600.0,6677100.0,52.012,364699.999,6677199.999,128.797,99.99900000001071,99.99899999983609,76.785,92.32394646983845,"[0.0, 7672.99, 37591.0, 53792.0, 59438.0]","[1.0, 1.0, 1.0, 4.0, 8.0]","[1.0, 1.0, 2.0, 5.0, 8.0]",global_ECLAIR_intensity,global_ECLAIR_return_number,global_ECLAIR_number_of_returns,global_ECLAIR_class
ECLAIR,/csehome/m23csa510/lidar_experiments/datasets/eclair/pointclouds/pointcloud_685.laz,108157,364600.001,6677200.0,52.177,364699.999,6677258.177,81.625,99.99800000002142,58.17700000014156,29.448,18.591395772036595,"[9508.0, 13249.56, 34774.0, 50794.0, 54165.0]","[1.0, 1.0, 2.0, 4.0, 7.0]","[1.0, 1.0, 2.0, 5.0, 7.0]",global_ECLAIR_intensity,global_ECLAIR_return_number,global_ECLAIR_number_of_returns,global_ECLAIR_class
ECLAIR,/csehome/m23csa510/lidar_experiments/datasets/eclair/pointclouds/pointcloud_686.laz,153973,364700.0,6670428.532,42.887,364799.489,6670499.999,77.89699999999999,99.4890000000014,71.46700000017881,35.00999999999999,21.65528750871894,"[4646.0, 9804.0, 38212.0, 52992.28, 58308.0]","[1.0, 1.0, 1.0, 4.0, 8.0]","[1.0, 1.0, 2.0, 5.0, 8.0]",global_ECLAIR_intensity,global_ECLAIR_return_number,global_ECLAIR_number_of_returns,global_ECLAIR_class
ECLAIR,/csehome/m23csa510/lidar_experiments/datasets/eclair/pointclouds/pointcloud_687.laz,759090,364700.0,6670500.0,44.56,364799.999,6670599.999,100.775,99.99900000001071,99.99899999983609,56.215,75.9105182028893,"[0.0, 8435.0, 43885.0, 53789.01000000001, 65535.0]","[1.0, 1.0, 1.0, 4.0, 8.0]","[1.0, 1.0, 1.0, 5.0, 8.0]",global_ECLAIR_intensity,global_ECLAIR_return_number,global_ECLAIR_number_of_returns,global_ECLAIR_class
ECLAIR,/csehome/m23csa510/lidar_experiments/datasets/eclair/pointclouds/pointcloud_688.laz,1170339,364700.0,6670600.0,48.168,364799.999,6670699.999,108.32600000000001,99.99900000001071,99.99899999983609,60.15800000000001,117.03624071328994,"[0.0, 10209.99, 48475.0, 54463.0, 59849.0]","[1.0, 1.0, 1.0, 3.0, 6.0]","[1.0, 1.0, 1.0, 4.0, 6.0]",global_ECLAIR_intensity,global_ECLAIR_return_number,global_ECLAIR_number_of_returns,global_ECLAIR_class
ECLAIR,/csehome/m23csa510/lidar_experiments/datasets/eclair/pointclouds/pointcloud_689.laz,563623,364700.0,6670700.0,52.465,364799.999,6670799.998,79.548,99.99900000001071,99.99799999967217,27.083,56.3639909086332,"[4164.0, 13177.0, 48523.0, 54525.0, 59796.0]","[1.0, 1.0, 1.0, 3.0, 7.0]","[1.0, 1.0, 1.0, 4.0, 7.0]",global_ECLAIR_intensity,global_ECLAIR_return_number,global_ECLAIR_number_of_returns,global_ECLAIR_class
ECLAIR,/csehome/m23csa510/lidar_experiments/datasets/eclair/pointclouds/pointcloud_69.laz,279908,361200.0,6672300.0,30.569,361299.999,6672399.991,57.278999999999996,99.99900000001071,99.99100000038743,26.709999999999997,27.99359933462777,"[9099.0, 13206.07, 32712.0, 49578.78999999998, 56156.0]","[1.0, 1.0, 2.0, 5.0, 7.0]","[1.0, 1.0, 3.0, 5.0, 7.0]",global_ECLAIR_intensity,global_ECLAIR_return_number,global_ECLAIR_number_of_returns,global_ECLAIR_class
ECLAIR,/csehome/m23csa510/lidar_experiments/datasets/eclair/pointclouds/pointcloud_690.laz,1393,364793.626,6670800.004,57.794,364799.998,6670810.015,62.941,6.372000000032131,10.010999999940395,5.147000000000006,21.83724707594511,"[12590.0, 14432.44, 45118.0, 49570.439999999995, 50816.0]","[1.0, 1.0, 2.0, 4.0, 5.0]","[1.0, 1.0, 2.0, 4.0, 5.0]",global_ECLAIR_intensity,global_ECLAIR_return_number,global_ECLAIR_number_of_returns,global_ECLAIR_class
ECLAIR,/csehome/m23csa510/lidar_experiments/datasets/eclair/pointclouds/pointcloud_691.laz,105225,364700.001,6676561.841,29.576,364799.999,6676599.999,61.544,99.99800000002142,38.157999999821186,31.967999999999996,27.576682358237175,"[11947.0, 14631.0, 33828.0, 51386.51999999999, 56044.0]","[1.0, 1.0, 2.0, 5.0, 8.0]","[1.0, 1.0, 3.0, 5.0, 8.0]",global_ECLAIR_intensity,global_ECLAIR_return_number,global_ECLAIR_number_of_returns,global_ECLAIR_class
ECLAIR,/csehome/m23csa510/lidar_experiments/datasets/eclair/pointclouds/pointcloud_692.laz,648923,364700.0,6676600.0,29.581,364799.999,6676699.999,90.017,99.99900000001071,99.99899999983609,60.43599999999999,64.89359786556737,"[4300.0, 18408.989999999998, 46156.0, 52190.0, 58884.0]","[1.0, 1.0, 1.0, 3.0, 7.0]","[1.0, 1.0, 1.0, 4.0, 8.0]",global_ECLAIR_intensity,global_ECLAIR_return_number,global_ECLAIR_number_of_returns,global_ECLAIR_class
ECLAIR,/csehome/m23csa510/lidar_experiments/datasets/eclair/pointclouds/pointcloud_693.laz,1690186,364700.0,6676700.0,32.727,364799.999,6676799.999,103.589,99.99900000001071,99.99899999983609,70.862,169.0219804229652,"[0.0, 14439.98, 47031.0, 53020.0, 58412.0]","[1.0, 1.0, 1.0, 3.0, 7.0]","[1.0, 1.0, 1.0, 3.0, 7.0]",global_ECLAIR_intensity,global_ECLAIR_return_number,global_ECLAIR_number_of_returns,global_ECLAIR_class
ECLAIR,/csehome/m23csa510/lidar_experiments/datasets/eclair/pointclouds/pointcloud_694.laz,1121019,364700.0,6676800.0,-122.019,364799.999,6676899.999,114.131,99.99900000001071,99.99899999983609,236.15,112.10414207180277,"[738.0, 9478.99, 40425.0, 53913.0, 65535.0]","[1.0, 1.0, 1.0, 4.0, 8.0]","[1.0, 1.0, 2.0, 5.0, 8.0]",global_ECLAIR_intensity,global_ECLAIR_return_number,global_ECLAIR_number_of_returns,global_ECLAIR_class
ECLAIR,/csehome/m23csa510/lidar_experiments/datasets/eclair/pointclouds/pointcloud_695.laz,399885,364700.0,6676900.0,-127.999,364799.999,6676999.999,114.827,99.99900000001071,99.99899999983609,242.826,39.98929978205798,"[0.0, 10303.0, 44506.0, 54148.159999999974, 65535.0]","[1.0, 1.0, 1.0, 4.0, 7.0]","[1.0, 1.0, 1.0, 4.0, 7.0]",global_ECLAIR_intensity,global_ECLAIR_return_number,global_ECLAIR_number_of_returns,global_ECLAIR_class
ECLAIR,/csehome/m23csa510/lidar_experiments/datasets/eclair/pointclouds/pointcloud_696.laz,474051,364700.0,6677000.0,52.299,364799.999,6677099.999,104.432,99.99900000001071,99.99899999983609,52.133,47.40604811629434,"[0.0, 8371.0, 47891.0, 54267.0, 60969.0]","[1.0, 1.0, 1.0, 3.0, 6.0]","[1.0, 1.0, 1.0, 4.0, 6.0]",global_ECLAIR_intensity,global_ECLAIR_return_number,global_ECLAIR_number_of_returns,global_ECLAIR_class
ECLAIR,/csehome/m23csa510/lidar_experiments/datasets/eclair/pointclouds/pointcloud_697.laz,224739,364700.0,6677100.0,53.979,364799.984,6677199.999,95.40700000000001,99.98399999999674,99.99899999983609,41.42800000000001,22.477721176673253,"[0.0, 9119.380000000001, 42727.0, 53177.0, 58792.0]","[1.0, 1.0, 1.0, 4.0, 7.0]","[1.0, 1.0, 2.0, 5.0, 7.0]",global_ECLAIR_intensity,global_ECLAIR_return_number,global_ECLAIR_number_of_returns,global_ECLAIR_class
ECLAIR,/csehome/m23csa510/lidar_experiments/datasets/eclair/pointclouds/pointcloud_698.laz,15029,364700.0,6677200.0,53.372,364752.067,6677238.441,79.90899999999999,52.06699999998091,38.44099999964237,26.536999999999992,7.5088400354382125,"[10513.0, 14305.56, 35483.0, 51371.88, 56527.0]","[1.0, 1.0, 2.0, 4.0, 6.0]","[1.0, 1.0, 2.0, 5.0, 6.0]",global_ECLAIR_intensity,global_ECLAIR_return_number,global_ECLAIR_number_of_returns,global_ECLAIR_class
ECLAIR,/csehome/m23csa510/lidar_experiments/datasets/eclair/pointclouds/pointcloud_699.laz,1777,364790.015,6670481.93,43.676,364909.909,6670509.995,58.245000000000005,119.89399999997113,28.065000000409782,14.569000000000003,0.5281106571314435,"[12349.0, 13521.04, 29918.0, 51622.64, 53262.0]","[1.0, 1.0, 3.0, 6.0, 8.0]","[1.0, 1.0, 3.0, 7.0, 8.0]",global_ECLAIR_intensity,global_ECLAIR_return_number,global_ECLAIR_number_of_returns,global_ECLAIR_class
ECLAIR,/csehome/m23csa510/lidar_experiments/datasets/eclair/pointclouds/pointcloud_7.laz,60151,360430.499,6672100.0,61.077,360499.999,6672170.077,84.184,69.5,70.07699999958277,23.107,12.350443289433654,"[6617.0, 11910.0, 49102.0, 54660.5, 60657.0]","[1.0, 1.0, 1.0, 4.0, 6.0]","[1.0, 1.0, 1.0, 5.0, 6.0]",global_ECLAIR_intensity,global_ECLAIR_return_number,global_ECLAIR_number_of_returns,global_ECLAIR_class
ECLAIR,/csehome/m23csa510/lidar_experiments/datasets/eclair/pointclouds/pointcloud_70.laz,1319,361274.718,6672400.018,30.887999999999998,361299.987,6672422.008,42.159,25.269000000029337,21.990000000223517,11.271,2.373731050414253,"[17105.0, 17769.32, 27807.0, 44952.1, 49623.0]","[1.0, 1.0, 3.0, 5.0, 7.0]","[1.0, 1.0, 3.0, 5.0, 7.0]",global_ECLAIR_intensity,global_ECLAIR_return_number,global_ECLAIR_number_of_returns,global_ECLAIR_class
ECLAIR,/csehome/m23csa510/lidar_experiments/datasets/eclair/pointclouds/pointcloud_700.laz,426818,364800.0,6670500.002,43.791,364899.999,6670599.999,71.821,99.99900000001071,99.99699999950826,28.03,42.68350732769337,"[7224.0, 14057.0, 44822.0, 53934.0, 65535.0]","[1.0, 1.0, 1.0, 3.0, 8.0]","[1.0, 1.0, 1.0, 4.0, 8.0]",global_ECLAIR_intensity,global_ECLAIR_return_number,global_ECLAIR_number_of_returns,global_ECLAIR_class
ECLAIR,/csehome/m23csa510/lidar_experiments/datasets/eclair/pointclouds/pointcloud_701.laz,1203702,364800.0,6670600.0,46.191,364899.999,6670699.999,120.752,99.99900000001071,99.99899999983609,74.56099999999999,120.37260744029595,"[0.0, 10060.0, 47311.0, 55093.0, 65535.0]","[1.0, 1.0, 1.0, 4.0, 7.0]","[1.0, 1.0, 1.0, 4.0, 7.0]",global_ECLAIR_intensity,global_ECLAIR_return_number,global_ECLAIR_number_of_returns,global_ECLAIR_class
ECLAIR,/csehome/m23csa510/lidar_experiments/datasets/eclair/pointclouds/pointcloud_702.laz,1007320,364800.0,6670700.0,45.177,364899.999,6670799.999,117.345,99.99900000001071,99.99899999983609,72.168,100.73401467037434,"[3100.0, 11280.0, 47754.0, 54370.0, 62171.0]","[1.0, 1.0, 1.0, 4.0, 7.0]","[1.0, 1.0, 1.0, 4.0, 8.0]",global_ECLAIR_intensity,global_ECLAIR_return_number,global_ECLAIR_number_of_returns,global_ECLAIR_class
ECLAIR,/csehome/m23csa510/lidar_experiments/datasets/eclair/pointclouds/pointcloud_703.laz,489217,364800.0,6670800.0,51.462,364899.999,6670899.999,77.768,99.99900000001071,99.99899999983609,26.305999999999997,48.922678448751654,"[4880.0, 11440.0, 42342.0, 53046.0, 58529.0]","[1.0, 1.0, 1.0, 4.0, 7.0]","[1.0, 1.0, 2.0, 5.0, 7.0]",global_ECLAIR_intensity,global_ECLAIR_return_number,global_ECLAIR_number_of_returns,global_ECLAIR_class
ECLAIR,/csehome/m23csa510/lidar_experiments/datasets/eclair/pointclouds/pointcloud_704.laz,228438,364847.741,6670900.0,57.816,364899.999,6670999.999,95.618,52.258000000030734,99.99899999983609,37.80199999999999,43.71393555112789,"[0.0, 8856.369999999999, 47481.0, 53168.0, 58146.0]","[1.0, 1.0, 1.0, 4.0, 6.0]","[1.0, 1.0, 1.0, 4.0, 6.0]",global_ECLAIR_intensity,global_ECLAIR_return_number,global_ECLAIR_number_of_returns,global_ECLAIR_class
ECLAIR,/csehome/m23csa510/lidar_experiments/datasets/eclair/pointclouds/pointcloud_705.laz,223826,364831.528,6671000.0,50.344,364899.999,6671084.467,78.50200000000001,68.47100000001956,84.46700000017881,28.15800000000001,38.70051934690252,"[3359.0, 8723.25, 34973.0, 51690.0, 56685.0]","[1.0, 1.0, 1.0, 4.0, 7.0]","[1.0, 1.0, 2.0, 5.0, 7.0]",global_ECLAIR_intensity,global_ECLAIR_return_number,global_ECLAIR_number_of_returns,global_ECLAIR_class
ECLAIR,/csehome/m23csa510/lidar_experiments/datasets/eclair/pointclouds/pointcloud_706.laz,2433,364875.318,6676385.007,43.5,364899.983,6676399.999,50.988,24.664999999979045,14.99199999962002,7.4879999999999995,6.579629143824291,"[13044.0, 14824.88, 43603.0, 51326.23999999999, 52659.0]","[1.0, 1.0, 1.0, 4.0, 5.0]","[1.0, 1.0, 1.0, 4.0, 5.0]",global_ECLAIR_intensity,global_ECLAIR_return_number,global_ECLAIR_number_of_returns,global_ECLAIR_class
ECLAIR,/csehome/m23csa510/lidar_experiments/datasets/eclair/pointclouds/pointcloud_707.laz,26744,364874.378,6676400.002,34.203,364899.999,6676499.992,62.769999999999996,25.620999999984633,99.9899999992922,28.566999999999993,10.439356257629335,"[6039.0, 12040.0, 40734.0, 51472.14, 56614.0]","[1.0, 1.0, 1.0, 4.0, 6.0]","[1.0, 1.0, 2.0, 5.0, 6.0]",global_ECLAIR_intensity,global_ECLAIR_return_number,global_ECLAIR_number_of_returns,global_ECLAIR_class
ECLAIR,/csehome/m23csa510/lidar_experiments/datasets/eclair/pointclouds/pointcloud_708.laz,145714,364800.0,6676500.009,10.969000000000001,364899.999,6676599.999,59.375,99.99900000001071,99.99000000022352,48.406,14.573003015724593,"[11987.0, 14874.0, 35084.0, 49762.869999999995, 56991.0]","[1.0, 1.0, 2.0, 5.0, 8.0]","[1.0, 1.0, 2.0, 5.0, 8.0]",global_ECLAIR_intensity,global_ECLAIR_return_number,global_ECLAIR_number_of_returns,global_ECLAIR_class
ECLAIR,/csehome/m23csa510/lidar_experiments/datasets/eclair/pointclouds/pointcloud_709.laz,876011,364800.0,6676600.0,30.656,364899.999,6676699.999,90.78399999999999,99.99900000001071,99.99899999983609,60.12799999999999,87.60285204841489,"[0.0, 28347.949999999997, 46894.0, 51752.0, 63732.0]","[1.0, 1.0, 1.0, 2.0, 4.0]","[1.0, 1.0, 1.0, 3.0, 8.0]",global_ECLAIR_intensity,global_ECLAIR_return_number,global_ECLAIR_number_of_returns,global_ECLAIR_class
ECLAIR,/csehome/m23csa510/lidar_experiments/datasets/eclair/pointclouds/pointcloud_71.laz,18365,361336.481,6671257.487,49.233000000000004,361399.999,6671299.999,79.25399999999999,63.51799999998184,42.51200000010431,30.020999999999987,6.8011535597685056,"[5202.0, 8388.880000000001, 29246.0, 51857.600000000006, 59735.0]","[1.0, 1.0, 2.0, 5.0, 8.0]","[1.0, 1.0, 3.0, 6.0, 8.0]",global_ECLAIR_intensity,global_ECLAIR_return_number,global_ECLAIR_number_of_returns,global_ECLAIR_class
ECLAIR,/csehome/m23csa510/lidar_experiments/datasets/eclair/pointclouds/pointcloud_710.laz,1884787,364800.0,6676700.0,32.464,364899.999,6676799.999,113.009,99.99900000001071,99.99899999983609,80.545,188.48246963083312,"[0.0, 28235.98, 47269.0, 51257.0, 59208.0]","[1.0, 1.0, 1.0, 2.0, 4.0]","[1.0, 1.0, 1.0, 2.0, 4.0]",global_ECLAIR_intensity,global_ECLAIR_return_number,global_ECLAIR_number_of_returns,global_ECLAIR_class
ECLAIR,/csehome/m23csa510/lidar_experiments/datasets/eclair/pointclouds/pointcloud_711.laz,1468468,364800.0,6676800.0,32.211,364899.999,6676899.999,112.256,99.99900000001071,99.99899999983609,80.045,146.8497369802796,"[1704.0, 10385.0, 40488.0, 52588.01000000001, 60509.0]","[1.0, 1.0, 1.0, 4.0, 8.0]","[1.0, 1.0, 2.0, 5.0, 8.0]",global_ECLAIR_intensity,global_ECLAIR_return_number,global_ECLAIR_number_of_returns,global_ECLAIR_class
ECLAIR,/csehome/m23csa510/lidar_experiments/datasets/eclair/pointclouds/pointcloud_712.laz,248015,364800.0,6676900.0,32.235,364896.611,6676999.997,76.929,96.61099999997532,99.99700000043958,44.694,25.6722775535077,"[6840.0, 11902.14, 39691.0, 51963.0, 56409.0]","[1.0, 1.0, 1.0, 4.0, 7.0]","[1.0, 1.0, 2.0, 5.0, 7.0]",global_ECLAIR_intensity,global_ECLAIR_return_number,global_ECLAIR_number_of_returns,global_ECLAIR_class
ECLAIR,/csehome/m23csa510/lidar_experiments/datasets/eclair/pointclouds/pointcloud_713.laz,54708,364800.0,6677000.001,56.818,364847.186,6677099.889,83.215,47.18599999998696,99.88800000026822,26.397000000000006,11.607116869946646,"[6492.0, 11050.07, 38194.5, 51233.93, 56491.0]","[1.0, 1.0, 1.0, 4.0, 6.0]","[1.0, 1.0, 2.0, 4.0, 6.0]",global_ECLAIR_intensity,global_ECLAIR_return_number,global_ECLAIR_number_of_returns,global_ECLAIR_class
ECLAIR,/csehome/m23csa510/lidar_experiments/datasets/eclair/pointclouds/pointcloud_714.laz,174,364800.004,6677100.07,61.342,364805.859,6677112.092,65.2,5.8549999999813735,12.02199999988079,3.858000000000004,2.4719838281436908,"[11935.0, 12813.79, 32493.5, 48544.810000000005, 49555.0]","[1.0, 1.0, 2.0, 4.27000000000001, 5.0]","[1.0, 1.0, 2.0, 4.27000000000001, 5.0]",global_ECLAIR_intensity,global_ECLAIR_return_number,global_ECLAIR_number_of_returns,global_ECLAIR_class
ECLAIR,/csehome/m23csa510/lidar_experiments/datasets/eclair/pointclouds/pointcloud_715.laz,5655,364939.152,6670490.523,46.221000000000004,364999.993,6670499.999,54.662,60.8410000000149,9.475999999791384,8.440999999999995,9.80869462000283,"[13996.0, 15813.78, 35457.0, 50441.38, 53594.0]","[1.0, 1.0, 2.0, 4.0, 6.0]","[1.0, 1.0, 2.0, 5.0, 6.0]",global_ECLAIR_intensity,global_ECLAIR_return_number,global_ECLAIR_number_of_returns,global_ECLAIR_class
ECLAIR,/csehome/m23csa510/lidar_experiments/datasets/eclair/pointclouds/pointcloud_716.laz,647186,364900.0,6670500.0,45.068,364999.999,6670599.999,106.58200000000001,99.99900000001071,99.99899999983609,61.51400000000001,64.719894391515,"[3410.0, 11479.0, 42093.0, 53268.0, 59189.0]","[1.0, 1.0, 1.0, 4.0, 7.0]","[1.0, 1.0, 2.0, 5.0, 7.0]",global_ECLAIR_intensity,global_ECLAIR_return_number,global_ECLAIR_number_of_returns,global_ECLAIR_class
ECLAIR,/csehome/m23csa510/lidar_experiments/datasets/eclair/pointclouds/pointcloud_717.laz,1198665,364900.0,6670600.0,45.134,364999.999,6670699.999,119.819,99.99900000001071,99.99899999983609,74.685,119.86889736614407,"[0.0, 9629.0, 41013.0, 54088.0, 60010.0]","[1.0, 1.0, 1.0, 4.0, 7.0]","[1.0, 1.0, 2.0, 5.0, 8.0]",global_ECLAIR_intensity,global_ECLAIR_return_number,global_ECLAIR_number_of_returns,global_ECLAIR_class
ECLAIR,/csehome/m23csa510/lidar_experiments/datasets/eclair/pointclouds/pointcloud_718.laz,1020273,364900.0,6670700.0,43.257,364999.999,6670799.999,94.632,99.99900000001071,99.99899999983609,51.37500000000001,102.02934057676491,"[761.0, 9889.0, 38340.5, 54382.0, 59566.0]","[1.0, 1.0, 1.0, 4.0, 8.0]","[1.0, 1.0, 2.0, 5.0, 8.0]",global_ECLAIR_intensity,global_ECLAIR_return_number,global_ECLAIR_number_of_returns,global_ECLAIR_class
ECLAIR,/csehome/m23csa510/lidar_experiments/datasets/eclair/pointclouds/pointcloud_719.laz,985081,364900.0,6670800.0,44.0,364999.999,6670899.999,108.098,99.99900000001071,99.99899999983609,64.098,98.51007019170375,"[0.0, 7531.99, 46794.0, 54969.0, 65535.0]","[1.0, 1.0, 1.0, 4.0, 8.0]","[1.0, 1.0, 1.0, 5.0, 8.0]",global_ECLAIR_intensity,global_ECLAIR_return_number,global_ECLAIR_number_of_returns,global_ECLAIR_class
ECLAIR,/csehome/m23csa510/lidar_experiments/datasets/eclair/pointclouds/pointcloud_72.laz,655409,361300.0,6671300.0,51.038,361399.999,6671399.999,104.139,99.99900000001071,99.99899999983609,53.101,65.54221083776295,"[0.0, 6350.99, 42083.0, 54489.0, 58076.0]","[1.0, 1.0, 1.0, 4.0, 8.0]","[1.0, 1.0, 2.0, 5.0, 8.0]",global_ECLAIR_intensity,global_ECLAIR_return_number,global_ECLAIR_number_of_returns,global_ECLAIR_class
ECLAIR,/csehome/m23csa510/lidar_experiments/datasets/eclair/pointclouds/pointcloud_720.laz,1199605,364900.0,6670900.0,48.795,364999.999,6670999.999,119.903,99.99900000001071,99.99899999983609,71.108,119.96289924617241,"[0.0, 10936.99, 48788.0, 54303.0, 59708.0]","[1.0, 1.0, 1.0, 3.0, 7.0]","[1.0, 1.0, 1.0, 4.0, 7.0]",global_ECLAIR_intensity,global_ECLAIR_return_number,global_ECLAIR_number_of_returns,global_ECLAIR_class
ECLAIR,/csehome/m23csa510/lidar_experiments/datasets/eclair/pointclouds/pointcloud_721.laz,794898,364900.0,6671000.0,53.135000000000005,364999.999,6671099.999,109.95100000000001,99.99900000001071,99.99899999983609,56.816,79.49138981996904,"[881.0, 8042.99, 42731.0, 52817.0, 65535.0]","[1.0, 1.0, 1.0, 4.0, 7.0]","[1.0, 1.0, 2.0, 4.0, 7.0]",global_ECLAIR_intensity,global_ECLAIR_return_number,global_ECLAIR_number_of_returns,global_ECLAIR_class
ECLAIR,/csehome/m23csa510/lidar_experiments/datasets/eclair/pointclouds/pointcloud_722.laz,8418,364965.969,6671100.0,56.471000000000004,364999.999,6671119.091,70.336,34.03000000002794,19.0910000000149,13.864999999999995,12.95741279530586,"[10107.0, 13125.89, 44031.5, 51349.49, 54306.0]","[1.0, 1.0, 1.0, 3.8299999999999272, 6.0]","[1.0, 1.0, 1.0, 4.0, 6.0]",global_ECLAIR_intensity,global_ECLAIR_return_number,global_ECLAIR_number_of_returns,global_ECLAIR_class
ECLAIR,/csehome/m23csa510/lidar_experiments/datasets/eclair/pointclouds/pointcloud_723.laz,15065,364977.849,6671226.936,36.606,364999.999,6671299.999,112.305,22.150000000023283,73.06300000008196,75.69900000000001,9.308890138361539,"[2744.0, 10292.36, 46046.0, 53404.72, 56736.0]","[1.0, 1.0, 1.0, 4.0, 6.0]","[1.0, 1.0, 1.0, 5.0, 7.0]",global_ECLAIR_intensity,global_ECLAIR_return_number,global_ECLAIR_number_of_returns,global_ECLAIR_class
ECLAIR,/csehome/m23csa510/lidar_experiments/datasets/eclair/pointclouds/pointcloud_724.laz,47588,364945.799,6671300.0,30.366,364999.999,6671396.954,61.948,54.20000000001164,96.9539999999106,31.582,9.055917033587287,"[14628.0, 18913.61, 46454.0, 51986.38999999999, 55128.0]","[1.0, 1.0, 1.0, 3.0, 7.0]","[1.0, 1.0, 1.0, 4.0, 7.0]",global_ECLAIR_intensity,global_ECLAIR_return_number,global_ECLAIR_number_of_returns,global_ECLAIR_class
ECLAIR,/csehome/m23csa510/lidar_experiments/datasets/eclair/pointclouds/pointcloud_725.laz,2646,364958.315,6676287.639,-37.736999999999995,364999.992,6676299.997,36.528,41.677000000025146,12.35800000000745,74.26499999999999,5.137421501270841,"[23124.0, 23655.35, 32222.5, 39617.55, 43918.0]","[1.0, 1.0, 1.0, 1.0, 2.0]","[1.0, 1.0, 1.0, 1.0, 2.0]",global_ECLAIR_intensity,global_ECLAIR_return_number,global_ECLAIR_number_of_returns,global_ECLAIR_class
ECLAIR,/csehome/m23csa510/lidar_experiments/datasets/eclair/pointclouds/pointcloud_726.laz,186278,364900.0,6676300.0,-18.767000000000003,364999.999,6676399.999,62.894999999999996,99.99900000001071,99.99899999983609,81.662,18.628172561616953,"[10490.0, 15952.0, 41891.0, 51539.0, 54961.0]","[1.0, 1.0, 1.0, 4.0, 7.0]","[1.0, 1.0, 1.0, 4.0, 7.0]",global_ECLAIR_intensity,global_ECLAIR_return_number,global_ECLAIR_number_of_returns,global_ECLAIR_class
ECLAIR,/csehome/m23csa510/lidar_experiments/datasets/eclair/pointclouds/pointcloud_727.laz,523028,364900.0,6676400.0,32.796,364999.999,6676499.999,177.657,99.99900000001071,99.99899999983609,144.86100000000002,52.30384607177118,"[3182.0, 9567.99, 44920.0, 54499.0, 57538.0]","[1.0, 1.0, 1.0, 4.0, 8.0]","[1.0, 1.0, 1.0, 5.0, 8.0]",global_ECLAIR_intensity,global_ECLAIR_return_number,global_ECLAIR_number_of_returns,global_ECLAIR_class
ECLAIR,/csehome/m23csa510/lidar_experiments/datasets/eclair/pointclouds/pointcloud_728.laz,555162,364900.0,6676500.0,6.849999999999998,364999.999,6676599.999,60.431,99.99900000001071,99.99899999983609,53.581,55.51731034074014,"[4772.0, 10098.0, 36207.0, 52957.0, 58272.0]","[1.0, 1.0, 1.0, 4.0, 8.0]","[1.0, 1.0, 2.0, 5.0, 8.0]",global_ECLAIR_intensity,global_ECLAIR_return_number,global_ECLAIR_number_of_returns,global_ECLAIR_class
ECLAIR,/csehome/m23csa510/lidar_experiments/datasets/eclair/pointclouds/pointcloud_729.laz,1789566,364900.0,6676600.0,19.716,364999.999,6676699.999,101.519,99.99900000001071,99.99899999983609,81.803,178.96017918596186,"[0.0, 19244.0, 47379.0, 52045.0, 60015.0]","[1.0, 1.0, 1.0, 2.0, 7.0]","[1.0, 1.0, 1.0, 3.0, 8.0]",global_ECLAIR_intensity,global_ECLAIR_return_number,global_ECLAIR_number_of_returns,global_ECLAIR_class
ECLAIR,/csehome/m23csa510/lidar_experiments/datasets/eclair/pointclouds/pointcloud_73.laz,789980,361300.0,6671400.0,49.729,361399.999,6671499.999,106.578,99.99900000001071,99.99899999983609,56.849000000000004,78.99957998382075,"[0.0, 3917.0, 40311.5, 54638.0, 61713.0]","[1.0, 1.0, 1.0, 4.0, 8.0]","[1.0, 1.0, 2.0, 5.0, 8.0]",global_ECLAIR_intensity,global_ECLAIR_return_number,global_ECLAIR_number_of_returns,global_ECLAIR_class
ECLAIR,/csehome/m23csa510/lidar_experiments/datasets/eclair/pointclouds/pointcloud_730.laz,2529571,364900.0,6676700.0,32.343,364999.999,6676799.999,96.613,99.99900000001071,99.99899999983609,64.27,252.96215921827567,"[0.0, 22809.98, 46824.0, 50951.0, 58407.0]","[1.0, 1.0, 1.0, 2.0, 5.0]","[1.0, 1.0, 1.0, 2.0, 5.0]",global_ECLAIR_intensity,global_ECLAIR_return_number,global_ECLAIR_number_of_returns,global_ECLAIR_class
ECLAIR,/csehome/m23csa510/lidar_experiments/datasets/eclair/pointclouds/pointcloud_731.laz,816602,364900.0,6676800.0,33.377,364999.999,6676895.984,55.423,99.99900000001071,95.98400000017136,22.046,85.07773859186068,"[6943.0, 13871.0, 44047.0, 52596.0, 65535.0]","[1.0, 1.0, 1.0, 3.0, 7.0]","[1.0, 1.0, 1.0, 4.0, 7.0]",global_ECLAIR_intensity,global_ECLAIR_return_number,global_ECLAIR_number_of_returns,global_ECLAIR_class
ECLAIR,/csehome/m23csa510/lidar_experiments/datasets/eclair/pointclouds/pointcloud_732.laz,17400,364991.087,6676957.068,52.324,364999.999,6676999.997,85.436,8.912000000011176,42.92900000046939,33.11200000000001,45.48029766266172,"[0.0, 839.9300000000001, 38199.5, 53574.009999999995, 56324.0]","[1.0, 1.0, 1.0, 4.0, 6.0]","[1.0, 1.0, 2.0, 5.0, 7.0]",global_ECLAIR_intensity,global_ECLAIR_return_number,global_ECLAIR_number_of_returns,global_ECLAIR_class
ECLAIR,/csehome/m23csa510/lidar_experiments/datasets/eclair/pointclouds/pointcloud_733.laz,64568,364973.466,6677000.002,55.075,364999.999,6677089.355,103.083,26.53299999999581,89.35300000011921,48.007999999999996,27.234652538385024,"[0.0, 2520.67, 39909.5, 53956.0, 57653.0]","[1.0, 1.0, 1.0, 4.0, 7.0]","[1.0, 1.0, 2.0, 5.0, 7.0]",global_ECLAIR_intensity,global_ECLAIR_return_number,global_ECLAIR_number_of_returns,global_ECLAIR_class
ECLAIR,/csehome/m23csa510/lidar_experiments/datasets/eclair/pointclouds/pointcloud_734.laz,40094,365000.0,6670478.672,48.505,365099.999,6670499.999,63.798,99.99900000001071,21.326999999582767,15.293,18.799831642889078,"[9595.0, 13057.72, 43919.0, 51154.0, 56108.0]","[1.0, 1.0, 1.0, 4.0, 7.0]","[1.0, 1.0, 1.0, 5.0, 7.0]",global_ECLAIR_intensity,global_ECLAIR_return_number,global_ECLAIR_number_of_returns,global_ECLAIR_class
ECLAIR,/csehome/m23csa510/lidar_experiments/datasets/eclair/pointclouds/pointcloud_735.laz,688060,365000.0,6670500.0,49.383,365099.999,6670599.999,84.101,99.99900000001071,99.99899999983609,34.717999999999996,68.8073761407475,"[0.0, 8284.0, 45001.0, 53506.01000000001, 59640.0]","[1.0, 1.0, 1.0, 4.0, 7.0]","[1.0, 1.0, 1.0, 4.0, 7.0]",global_ECLAIR_intensity,global_ECLAIR_return_number,global_ECLAIR_number_of_returns,global_ECLAIR_class
ECLAIR,/csehome/m23csa510/lidar_experiments/datasets/eclair/pointclouds/pointcloud_736.laz,746222,365000.0,6670600.0,46.917,365099.999,6670699.998,113.677,99.99900000001071,99.99799999967217,66.76,74.6244387184733,"[0.0, 8936.99, 41477.0, 54412.0, 60075.0]","[1.0, 1.0, 1.0, 4.0, 8.0]","[1.0, 1.0, 2.0, 5.0, 8.0]",global_ECLAIR_intensity,global_ECLAIR_return_number,global_ECLAIR_number_of_returns,global_ECLAIR_class
ECLAIR,/csehome/m23csa510/lidar_experiments/datasets/eclair/pointclouds/pointcloud_737.laz,107221,365000.0,6670700.0,43.058,365070.839,6670799.999,72.086,70.83899999997811,99.99899999983609,29.028,15.13602284348044,"[9771.0, 14159.2, 44288.0, 53081.8, 59447.0]","[1.0, 1.0, 1.0, 5.0, 8.0]","[1.0, 1.0, 1.0, 5.0, 8.0]",global_ECLAIR_intensity,global_ECLAIR_return_number,global_ECLAIR_number_of_returns,global_ECLAIR_class
ECLAIR,/csehome/m23csa510/lidar_experiments/datasets/eclair/pointclouds/pointcloud_738.laz,566989,365000.0,6670800.0,42.286,365099.999,6670899.999,77.819,99.99900000001071,99.99899999983609,35.533,56.70003399509676,"[2630.0, 8880.99, 40440.0, 54753.0, 59427.0]","[1.0, 1.0, 1.0, 4.0, 8.0]","[1.0, 1.0, 2.0, 5.0, 8.0]",global_ECLAIR_intensity,global_ECLAIR_return_number,global_ECLAIR_number_of_returns,global_ECLAIR_class
ECLAIR,/csehome/m23csa510/lidar_experiments/datasets/eclair/pointclouds/pointcloud_739.laz,2125905,365000.0,6670900.0,44.763,365099.999,6670999.999,101.325,99.99900000001071,99.99899999983609,56.562000000000005,212.5947518741037,"[0.0, 5413.0, 37318.0, 53826.0, 65535.0]","[1.0, 1.0, 1.0, 5.0, 8.0]","[1.0, 1.0, 2.0, 5.0, 8.0]",global_ECLAIR_intensity,global_ECLAIR_return_number,global_ECLAIR_number_of_returns,global_ECLAIR_class
ECLAIR,/csehome/m23csa510/lidar_experiments/datasets/eclair/pointclouds/pointcloud_74.laz,132329,361300.0,6671500.0,50.144999999999996,361377.521,6671582.532,87.088,77.52100000000792,82.53199999965727,36.943,20.682988701726153,"[3312.0, 9923.28, 37464.0, 52245.0, 58126.0]","[1.0, 1.0, 1.0, 5.0, 7.0]","[1.0, 1.0, 2.0, 5.0, 7.0]",global_ECLAIR_intensity,global_ECLAIR_return_number,global_ECLAIR_number_of_returns,global_ECLAIR_class
ECLAIR,/csehome/m23csa510/lidar_experiments/datasets/eclair/pointclouds/pointcloud_740.laz,2705912,365000.0,6671000.0,47.016999999999996,365099.999,6671099.999,111.05,99.99900000001071,99.99899999983609,64.033,270.596611905593,"[0.0, 4989.0, 41413.0, 53756.0, 65535.0]","[1.0, 1.0, 1.0, 4.0, 8.0]","[1.0, 1.0, 2.0, 5.0, 8.0]",global_ECLAIR_intensity,global_ECLAIR_return_number,global_ECLAIR_number_of_returns,global_ECLAIR_class
ECLAIR,/csehome/m23csa510/lidar_experiments/datasets/eclair/pointclouds/pointcloud_741.laz,1613850,365000.0,6671100.0,47.028,365099.999,6671199.999,97.916,99.99900000001071,99.99899999983609,50.888,161.38822774866338,"[0.0, 7269.0, 37580.0, 52455.0, 65535.0]","[1.0, 1.0, 1.0, 4.0, 8.0]","[1.0, 1.0, 2.0, 5.0, 8.0]",global_ECLAIR_intensity,global_ECLAIR_return_number,global_ECLAIR_number_of_returns,global_ECLAIR_class
ECLAIR,/csehome/m23csa510/lidar_experiments/datasets/eclair/pointclouds/pointcloud_742.laz,661273,365000.0,6671200.0,36.555,365099.999,6671299.999,83.148,99.99900000001071,99.99899999983609,46.592999999999996,66.12862256593976,"[5213.0, 9694.0, 38434.0, 51961.01000000001, 65535.0]","[1.0, 1.0, 1.0, 4.0, 8.0]","[1.0, 1.0, 2.0, 5.0, 8.0]",global_ECLAIR_intensity,global_ECLAIR_return_number,global_ECLAIR_number_of_returns,global_ECLAIR_class
ECLAIR,/csehome/m23csa510/lidar_experiments/datasets/eclair/pointclouds/pointcloud_743.laz,190690,365000.0,6671300.0,31.498,365099.999,6671396.924,105.126,99.99900000001071,96.92399999964982,73.628,19.67437445005754,"[7564.0, 12919.78, 39376.0, 52713.109999999986, 65535.0]","[1.0, 1.0, 1.0, 4.0, 7.0]","[1.0, 1.0, 2.0, 5.0, 7.0]",global_ECLAIR_intensity,global_ECLAIR_return_number,global_ECLAIR_number_of_returns,global_ECLAIR_class
ECLAIR,/csehome/m23csa510/lidar_experiments/datasets/eclair/pointclouds/pointcloud_744.laz,6735,365089.733,6675834.004,38.55,365099.999,6675899.996,40.727000000000004,10.26600000000326,65.99200000055134,2.1770000000000067,9.94134280051112,"[38950.0, 43144.0, 47070.0, 50794.759999999995, 52663.0]","[1.0, 1.0, 1.0, 1.0, 1.0]","[1.0, 1.0, 1.0, 1.0, 1.0]",global_ECLAIR_intensity,global_ECLAIR_return_number,global_ECLAIR_number_of_returns,global_ECLAIR_class
ECLAIR,/csehome/m23csa510/lidar_experiments/datasets/eclair/pointclouds/pointcloud_745.laz,38412,365068.44,6675900.012,33.473,365099.999,6675999.996,38.81,31.559000000008382,99.98400000017136,5.337000000000003,12.17343607320527,"[40901.0, 43962.0, 47686.0, 51430.56, 53696.0]","[1.0, 1.0, 1.0, 1.0, 2.0]","[1.0, 1.0, 1.0, 1.0, 2.0]",global_ECLAIR_intensity,global_ECLAIR_return_number,global_ECLAIR_number_of_returns,global_ECLAIR_class
ECLAIR,/csehome/m23csa510/lidar_experiments/datasets/eclair/pointclouds/pointcloud_746.laz,92554,365054.74,6676000.0,32.841,365099.999,6676099.998,34.767,45.25900000002002,99.99799999967217,1.926000000000002,20.45026428274704,"[18870.0, 43162.0, 47603.5, 52056.47, 54673.0]","[1.0, 1.0, 1.0, 1.0, 2.0]","[1.0, 1.0, 1.0, 1.0, 2.0]",global_ECLAIR_intensity,global_ECLAIR_return_number,global_ECLAIR_number_of_returns,global_ECLAIR_class
ECLAIR,/csehome/m23csa510/lidar_experiments/datasets/eclair/pointclouds/pointcloud_747.laz,167695,365040.442,6676100.0,16.047,365099.999,6676199.999,49.847,59.5570000000298,99.99899999983609,33.8,28.15734119699794,"[14689.0, 38328.0, 46135.0, 52278.0, 56749.0]","[1.0, 1.0, 1.0, 1.0, 3.0]","[1.0, 1.0, 1.0, 1.0, 3.0]",global_ECLAIR_intensity,global_ECLAIR_return_number,global_ECLAIR_number_of_returns,global_ECLAIR_class
ECLAIR,/csehome/m23csa510/lidar_experiments/datasets/eclair/pointclouds/pointcloud_748.laz,307181,365000.001,6676200.0,-19.428000000000004,365099.999,6676299.999,51.801,99.99800000002142,99.99899999983609,71.22900000000001,30.719021564546903,"[11107.0, 17611.8, 41778.0, 49746.40000000002, 55751.0]","[1.0, 1.0, 1.0, 3.0, 7.0]","[1.0, 1.0, 1.0, 4.0, 7.0]",global_ECLAIR_intensity,global_ECLAIR_return_number,global_ECLAIR_number_of_returns,global_ECLAIR_class
ECLAIR,/csehome/m23csa510/lidar_experiments/datasets/eclair/pointclouds/pointcloud_749.laz,633933,365000.002,6676300.0,-13.511000000000003,365099.999,6676399.999,156.857,99.99700000003213,99.99899999983609,170.368,63.39583581449737,"[7551.0, 12758.0, 40737.0, 52012.0, 57624.0]","[1.0, 1.0, 1.0, 4.0, 8.0]","[1.0, 1.0, 2.0, 5.0, 8.0]",global_ECLAIR_intensity,global_ECLAIR_return_number,global_ECLAIR_number_of_returns,global_ECLAIR_class
ECLAIR,/csehome/m23csa510/lidar_experiments/datasets/eclair/pointclouds/pointcloud_75.laz,122,361300.004,6672090.356,31.48,361313.209,6672099.995,37.981,13.20499999995809,9.639000000432134,6.501000000000001,0.958494102019816,"[16923.0, 17274.51, 26995.0, 49479.31, 51308.0]","[1.0, 1.21, 3.0, 5.0, 6.0]","[1.0, 1.21, 3.0, 5.0, 6.0]",global_ECLAIR_intensity,global_ECLAIR_return_number,global_ECLAIR_number_of_returns,global_ECLAIR_class
ECLAIR,/csehome/m23csa510/lidar_experiments/datasets/eclair/pointclouds/pointcloud_750.laz,1479866,365000.0,6676400.0,31.227,365099.999,6676499.999,171.024,99.99900000001071,99.99899999983609,139.797,147.98955977662328,"[3388.0, 9238.0, 36039.0, 53594.0, 57890.0]","[1.0, 1.0, 1.0, 5.0, 8.0]","[1.0, 1.0, 2.0, 5.0, 8.0]",global_ECLAIR_intensity,global_ECLAIR_return_number,global_ECLAIR_number_of_returns,global_ECLAIR_class
ECLAIR,/csehome/m23csa510/lidar_experiments/datasets/eclair/pointclouds/pointcloud_751.laz,2190385,365000.0,6676500.0,14.082,365099.999,6676599.999,86.327,99.99900000001071,99.99899999983609,72.245,219.042880836048,"[1929.0, 10085.0, 37775.0, 51829.0, 57547.0]","[1.0, 1.0, 1.0, 4.0, 8.0]","[1.0, 1.0, 2.0, 5.0, 8.0]",global_ECLAIR_intensity,global_ECLAIR_return_number,global_ECLAIR_number_of_returns,global_ECLAIR_class
ECLAIR,/csehome/m23csa510/lidar_experiments/datasets/eclair/pointclouds/pointcloud_752.laz,2461203,365000.0,6676600.0,23.753999999999998,365099.999,6676699.999,100.44800000000001,99.99900000001071,99.99899999983609,76.69400000000002,246.12522248021415,"[613.0, 36353.0, 47916.0, 51979.01000000001, 56685.0]","[1.0, 1.0, 1.0, 2.0, 4.0]","[1.0, 1.0, 1.0, 2.0, 4.0]",global_ECLAIR_intensity,global_ECLAIR_return_number,global_ECLAIR_number_of_returns,global_ECLAIR_class
ECLAIR,/csehome/m23csa510/lidar_experiments/datasets/eclair/pointclouds/pointcloud_753.laz,2958424,365000.0,6676700.0,31.941,365099.999,6676799.999,106.25,99.99900000001071,99.99899999983609,74.309,295.84831693720713,"[0.0, 14264.0, 46610.0, 52791.0, 56717.0]","[1.0, 1.0, 1.0, 3.0, 5.0]","[1.0, 1.0, 1.0, 3.0, 6.0]",global_ECLAIR_intensity,global_ECLAIR_return_number,global_ECLAIR_number_of_returns,global_ECLAIR_class
ECLAIR,/csehome/m23csa510/lidar_experiments/datasets/eclair/pointclouds/pointcloud_754.laz,821637,365000.0,6676800.0,33.318,365099.999,6676899.998,84.668,99.99900000001071,99.99799999967217,51.35000000000001,82.16616496877639,"[0.0, 9302.0, 44466.0, 52913.0, 65535.0]","[1.0, 1.0, 1.0, 4.0, 7.0]","[1.0, 1.0, 1.0, 5.0, 7.0]",global_ECLAIR_intensity,global_ECLAIR_return_number,global_ECLAIR_number_of_returns,global_ECLAIR_class
ECLAIR,/csehome/m23csa510/lidar_experiments/datasets/eclair/pointclouds/pointcloud_755.laz,399610,365000.0,6676900.001,39.457,365099.999,6676999.999,96.405,99.99900000001071,99.99799999967217,56.948,39.962198858100024,"[0.0, 4060.0, 41497.0, 54044.0, 59836.0]","[1.0, 1.0, 1.0, 4.0, 8.0]","[1.0, 1.0, 2.0, 5.0, 8.0]",global_ECLAIR_intensity,global_ECLAIR_return_number,global_ECLAIR_number_of_returns,global_ECLAIR_class
ECLAIR,/csehome/m23csa510/lidar_experiments/datasets/eclair/pointclouds/pointcloud_756.laz,290388,365000.0,6677000.0,55.231,365099.999,6677082.944,89.82300000000001,99.99900000001071,82.94400000013411,34.592000000000006,35.010477419528655,"[0.0, 4129.74, 43194.5, 54027.0, 58811.0]","[1.0, 1.0, 1.0, 4.0, 8.0]","[1.0, 1.0, 2.0, 5.0, 8.0]",global_ECLAIR_intensity,global_ECLAIR_return_number,global_ECLAIR_number_of_returns,global_ECLAIR_class
ECLAIR,/csehome/m23csa510/lidar_experiments/datasets/eclair/pointclouds/pointcloud_757.laz,156948,365100.001,6670453.159,47.548,365199.999,6670499.999,63.461,99.99800000002142,46.83999999985099,15.912999999999997,33.50792891188005,"[7095.0, 11048.47, 38526.0, 52062.0, 57964.0]","[1.0, 1.0, 1.0, 4.0, 7.0]","[1.0, 1.0, 2.0, 5.0, 7.0]",global_ECLAIR_intensity,global_ECLAIR_return_number,global_ECLAIR_number_of_returns,global_ECLAIR_class
ECLAIR,/csehome/m23csa510/lidar_experiments/datasets/eclair/pointclouds/pointcloud_758.laz,907558,365100.0,6670500.0,48.881,365199.999,6670599.999,97.96000000000001,99.99900000001071,99.99899999983609,49.07900000000001,90.75761514336615,"[1117.0, 6841.0, 41923.0, 53970.01000000001, 58905.0]","[1.0, 1.0, 1.0, 4.0, 7.0]","[1.0, 1.0, 2.0, 5.0, 7.0]",global_ECLAIR_intensity,global_ECLAIR_return_number,global_ECLAIR_number_of_returns,global_ECLAIR_class
ECLAIR,/csehome/m23csa510/lidar_experiments/datasets/eclair/pointclouds/pointcloud_759.laz,461966,365100.0,6670600.0,49.943,365199.999,6670683.9,75.037,99.99900000001071,83.90000000037253,25.09400000000001,55.062052408116365,"[2684.0, 9015.0, 39512.0, 54314.0, 58624.0]","[1.0, 1.0, 1.0, 4.0, 7.0]","[1.0, 1.0, 2.0, 5.0, 7.0]",global_ECLAIR_intensity,global_ECLAIR_return_number,global_ECLAIR_number_of_returns,global_ECLAIR_class
ECLAIR,/csehome/m23csa510/lidar_experiments/datasets/eclair/pointclouds/pointcloud_76.laz,246875,361300.0,6672100.015,30.904,361399.999,6672199.999,60.201,99.99900000001071,99.98400000017136,29.297,24.691697549031662,"[8593.0, 13383.74, 36523.0, 51737.26000000001, 57229.0]","[1.0, 1.0, 1.0, 4.0, 8.0]","[1.0, 1.0, 2.0, 5.0, 8.0]",global_ECLAIR_intensity,global_ECLAIR_return_number,global_ECLAIR_number_of_returns,global_ECLAIR_class
ECLAIR,/csehome/m23csa510/lidar_experiments/datasets/eclair/pointclouds/pointcloud_760.laz,1578,365100.001,6670883.093,43.712,365107.768,6670899.995,45.498,7.766999999992549,16.901999999769032,1.7859999999999943,12.020308013484417,"[14052.0, 39732.8, 46155.0, 49945.99, 51605.0]","[1.0, 1.0, 1.0, 2.0, 2.0]","[1.0, 1.0, 1.0, 2.0, 2.0]",global_ECLAIR_intensity,global_ECLAIR_return_number,global_ECLAIR_number_of_returns,global_ECLAIR_class
ECLAIR,/csehome/m23csa510/lidar_experiments/datasets/eclair/pointclouds/pointcloud_761.laz,451031,365100.0,6670900.007,44.593,365199.999,6670999.999,73.564,99.99900000001071,99.99199999962002,28.97099999999999,45.10715960844559,"[4435.0, 10470.0, 35937.0, 52536.0, 57881.0]","[1.0, 1.0, 2.0, 5.0, 8.0]","[1.0, 1.0, 2.0, 5.0, 8.0]",global_ECLAIR_intensity,global_ECLAIR_return_number,global_ECLAIR_number_of_returns,global_ECLAIR_class
ECLAIR,/csehome/m23csa510/lidar_experiments/datasets/eclair/pointclouds/pointcloud_762.laz,2984304,365100.0,6671000.0,31.054,365199.999,6671099.999,115.507,99.99900000001071,99.99899999983609,84.453,298.4363686979875,"[0.0, 6722.99, 37360.0, 53601.0, 63012.0]","[1.0, 1.0, 1.0, 5.0, 8.0]","[1.0, 1.0, 2.0, 5.0, 8.0]",global_ECLAIR_intensity,global_ECLAIR_return_number,global_ECLAIR_number_of_returns,global_ECLAIR_class
ECLAIR,/csehome/m23csa510/lidar_experiments/datasets/eclair/pointclouds/pointcloud_763.laz,2413590,365100.0,6671100.0,43.717,365199.999,6671199.999,118.322,99.99900000001071,99.99899999983609,74.605,241.36382725277844,"[0.0, 8352.0, 42401.0, 53846.0, 65535.0]","[1.0, 1.0, 1.0, 4.0, 8.0]","[1.0, 1.0, 2.0, 5.0, 8.0]",global_ECLAIR_intensity,global_ECLAIR_return_number,global_ECLAIR_number_of_returns,global_ECLAIR_class
ECLAIR,/csehome/m23csa510/lidar_experiments/datasets/eclair/pointclouds/pointcloud_764.laz,1358255,365100.0,6671200.0,40.71,365199.999,6671299.999,118.657,99.99900000001071,99.99899999983609,77.947,135.82821655095628,"[0.0, 9930.99, 40693.0, 52717.0, 65535.0]","[1.0, 1.0, 1.0, 4.0, 8.0]","[1.0, 1.0, 2.0, 5.0, 8.0]",global_ECLAIR_intensity,global_ECLAIR_return_number,global_ECLAIR_number_of_returns,global_ECLAIR_class
ECLAIR,/csehome/m23csa510/lidar_experiments/datasets/eclair/pointclouds/pointcloud_765.laz,355992,365100.0,6671300.0,35.873,365199.999,6671399.999,73.49000000000001,99.99900000001071,99.99899999983609,37.61700000000001,35.59991199473444,"[6882.0, 14208.91, 42592.0, 52048.0, 65535.0]","[1.0, 1.0, 1.0, 3.0, 6.0]","[1.0, 1.0, 1.0, 4.0, 6.0]",global_ECLAIR_intensity,global_ECLAIR_return_number,global_ECLAIR_number_of_returns,global_ECLAIR_class
ECLAIR,/csehome/m23csa510/lidar_experiments/datasets/eclair/pointclouds/pointcloud_766.laz,44390,365162.385,6671400.0,34.126,365199.999,6671480.778,49.832,37.6140000000014,80.77799999993294,15.706000000000003,14.609741395371865,"[15836.0, 19902.9, 44333.0, 49369.880000000005, 54604.0]","[1.0, 1.0, 1.0, 3.0, 5.0]","[1.0, 1.0, 1.0, 3.0, 5.0]",global_ECLAIR_intensity,global_ECLAIR_return_number,global_ECLAIR_number_of_returns,global_ECLAIR_class
ECLAIR,/csehome/m23csa510/lidar_experiments/datasets/eclair/pointclouds/pointcloud_767.laz,10688,365170.098,6674434.99,20.545,365199.997,6674499.998,26.731,29.898999999975786,65.00799999944866,6.186,5.498863978381878,"[17370.0, 29585.74, 47013.0, 51739.13, 53432.0]","[1.0, 1.0, 1.0, 2.0, 4.0]","[1.0, 1.0, 1.0, 3.0, 4.0]",global_ECLAIR_intensity,global_ECLAIR_return_number,global_ECLAIR_number_of_returns,global_ECLAIR_class
ECLAIR,/csehome/m23csa510/lidar_experiments/datasets/eclair/pointclouds/pointcloud_768.laz,72487,365150.431,6674500.002,20.512999999999998,365199.999,6674599.999,37.037,49.568000000028405,99.99699999950826,16.524,14.624187918728854,"[12467.0, 18070.32, 46056.0, 52951.0, 57041.0]","[1.0, 1.0, 1.0, 3.0, 5.0]","[1.0, 1.0, 1.0, 3.0, 5.0]",global_ECLAIR_intensity,global_ECLAIR_return_number,global_ECLAIR_number_of_returns,global_ECLAIR_class
ECLAIR,/csehome/m23csa510/lidar_experiments/datasets/eclair/pointclouds/pointcloud_769.laz,102723,365149.587,6674600.0,18.494,365199.999,6674699.999,58.888000000000005,50.412000000011176,99.99899999983609,40.394000000000005,20.376899793782833,"[11332.0, 15267.44, 44588.0, 52357.0, 65535.0]","[1.0, 1.0, 1.0, 4.0, 7.0]","[1.0, 1.0, 1.0, 5.0, 7.0]",global_ECLAIR_intensity,global_ECLAIR_return_number,global_ECLAIR_number_of_returns,global_ECLAIR_class
ECLAIR,/csehome/m23csa510/lidar_experiments/datasets/eclair/pointclouds/pointcloud_77.laz,596568,361300.0,6672200.0,30.076999999999998,361399.999,6672299.999,111.349,99.99900000001071,99.99899999983609,81.272,59.65799315398868,"[0.0, 10519.99, 37782.0, 54329.0, 58835.0]","[1.0, 1.0, 1.0, 4.0, 8.0]","[1.0, 1.0, 2.0, 5.0, 8.0]",global_ECLAIR_intensity,global_ECLAIR_return_number,global_ECLAIR_number_of_returns,global_ECLAIR_class
ECLAIR,/csehome/m23csa510/lidar_experiments/datasets/eclair/pointclouds/pointcloud_770.laz,60897,365158.838,6674700.0,22.268,365199.999,6674799.954,37.389,41.161000000021886,99.9539999999106,15.121000000000002,14.801638811437403,"[14171.0, 17838.96, 46126.0, 52358.0, 65535.0]","[1.0, 1.0, 1.0, 3.0, 5.0]","[1.0, 1.0, 1.0, 4.0, 5.0]",global_ECLAIR_intensity,global_ECLAIR_return_number,global_ECLAIR_number_of_returns,global_ECLAIR_class
ECLAIR,/csehome/m23csa510/lidar_experiments/datasets/eclair/pointclouds/pointcloud_771.laz,709,365185.458,6674800.012,27.541,365199.997,6674817.163,34.768,14.538999999989755,17.15099999960512,7.227,2.843297163011522,"[16756.0, 18422.04, 44575.0, 52197.35999999999, 53139.0]","[1.0, 1.0, 1.0, 3.919999999999959, 5.0]","[1.0, 1.0, 1.0, 4.0, 5.0]",global_ECLAIR_intensity,global_ECLAIR_return_number,global_ECLAIR_number_of_returns,global_ECLAIR_class
ECLAIR,/csehome/m23csa510/lidar_experiments/datasets/eclair/pointclouds/pointcloud_772.laz,3740,365189.988,6675270.316,30.072,365199.998,6675299.991,36.003,10.010000000009313,29.675000000745058,5.931000000000001,12.590610736870945,"[13776.0, 15541.92, 43668.0, 52913.47, 55446.0]","[1.0, 1.0, 1.0, 4.0, 4.0]","[1.0, 1.0, 1.0, 4.0, 4.0]",global_ECLAIR_intensity,global_ECLAIR_return_number,global_ECLAIR_number_of_returns,global_ECLAIR_class
ECLAIR,/csehome/m23csa510/lidar_experiments/datasets/eclair/pointclouds/pointcloud_773.laz,66404,365165.016,6675300.004,28.604,365199.999,6675399.999,41.426,34.98300000000745,99.99500000011176,12.822000000000003,18.982740292693578,"[13309.0, 20155.15, 45128.5, 50286.94, 54470.0]","[1.0, 1.0, 1.0, 2.0, 5.0]","[1.0, 1.0, 1.0, 3.0, 5.0]",global_ECLAIR_intensity,global_ECLAIR_return_number,global_ECLAIR_number_of_returns,global_ECLAIR_class
ECLAIR,/csehome/m23csa510/lidar_experiments/datasets/eclair/pointclouds/pointcloud_774.laz,145592,365149.708,6675400.0,30.969,365199.999,6675499.999,36.501,50.29100000002654,99.99899999983609,5.5319999999999965,28.950201017025144,"[15643.0, 41326.91, 45876.0, 51406.09, 55002.0]","[1.0, 1.0, 1.0, 1.0, 2.0]","[1.0, 1.0, 1.0, 1.0, 2.0]",global_ECLAIR_intensity,global_ECLAIR_return_number,global_ECLAIR_number_of_returns,global_ECLAIR_class
ECLAIR,/csehome/m23csa510/lidar_experiments/datasets/eclair/pointclouds/pointcloud_775.laz,253614,365129.295,6675500.0,31.4,365199.999,6675599.999,44.778,70.70400000002701,99.99899999983609,13.378,35.87018219134426,"[9685.0, 19686.04, 48320.0, 52689.0, 56998.0]","[1.0, 1.0, 1.0, 2.0, 4.0]","[1.0, 1.0, 1.0, 3.0, 4.0]",global_ECLAIR_intensity,global_ECLAIR_return_number,global_ECLAIR_number_of_returns,global_ECLAIR_class
ECLAIR,/csehome/m23csa510/lidar_experiments/datasets/eclair/pointclouds/pointcloud_776.laz,358952,365117.219,6675600.0,24.384999999999998,365199.999,6675699.999,46.071,82.78000000002794,99.99899999983609,21.686,43.36259840014046,"[8648.0, 19270.02, 47939.0, 52634.0, 65535.0]","[1.0, 1.0, 1.0, 2.0, 4.0]","[1.0, 1.0, 1.0, 2.0, 4.0]",global_ECLAIR_intensity,global_ECLAIR_return_number,global_ECLAIR_number_of_returns,global_ECLAIR_class
ECLAIR,/csehome/m23csa510/lidar_experiments/datasets/eclair/pointclouds/pointcloud_777.laz,512424,365105.408,6675700.0,35.513,365199.999,6675799.999,98.612,94.5910000000149,99.99899999983609,63.099,54.17313743294839,"[6527.0, 12914.0, 45861.0, 52709.0, 58874.0]","[1.0, 1.0, 1.0, 4.0, 8.0]","[1.0, 1.0, 1.0, 4.0, 8.0]",global_ECLAIR_intensity,global_ECLAIR_return_number,global_ECLAIR_number_of_returns,global_ECLAIR_class
ECLAIR,/csehome/m23csa510/lidar_experiments/datasets/eclair/pointclouds/pointcloud_778.laz,579465,365100.0,6675800.0,33.515,365199.999,6675899.999,64.232,99.99900000001071,99.99899999983609,30.717,57.94765894747296,"[7931.0, 15513.98, 47891.0, 53354.0, 57862.0]","[1.0, 1.0, 1.0, 3.0, 8.0]","[1.0, 1.0, 1.0, 4.0, 8.0]",global_ECLAIR_intensity,global_ECLAIR_return_number,global_ECLAIR_number_of_returns,global_ECLAIR_class
ECLAIR,/csehome/m23csa510/lidar_experiments/datasets/eclair/pointclouds/pointcloud_779.laz,600536,365100.0,6675900.0,32.641,365199.999,6675999.999,90.79400000000001,99.99900000001071,99.99899999983609,58.15300000000001,60.05480109010833,"[491.0, 43590.0, 49088.0, 53526.01000000001, 56565.0]","[1.0, 1.0, 1.0, 1.0, 2.0]","[1.0, 1.0, 1.0, 1.0, 2.0]",global_ECLAIR_intensity,global_ECLAIR_return_number,global_ECLAIR_number_of_returns,global_ECLAIR_class
ECLAIR,/csehome/m23csa510/lidar_experiments/datasets/eclair/pointclouds/pointcloud_78.laz,608000,361300.0,6672300.0,30.689,361399.999,6672399.999,102.878,99.99900000001071,99.99899999983609,72.189,60.80121601833339,"[1073.0, 10642.99, 36090.0, 53285.0, 65535.0]","[1.0, 1.0, 1.0, 4.0, 8.0]","[1.0, 1.0, 2.0, 5.0, 8.0]",global_ECLAIR_intensity,global_ECLAIR_return_number,global_ECLAIR_number_of_returns,global_ECLAIR_class
ECLAIR,/csehome/m23csa510/lidar_experiments/datasets/eclair/pointclouds/pointcloud_780.laz,673480,365100.0,6676000.0,31.627,365199.999,6676099.999,96.396,99.99900000001071,99.99899999983609,64.769,67.34934698030786,"[805.0, 42574.0, 49601.0, 53466.0, 57028.0]","[1.0, 1.0, 1.0, 1.0, 5.0]","[1.0, 1.0, 1.0, 2.0, 5.0]",global_ECLAIR_intensity,global_ECLAIR_return_number,global_ECLAIR_number_of_returns,global_ECLAIR_class
ECLAIR,/csehome/m23csa510/lidar_experiments/datasets/eclair/pointclouds/pointcloud_781.laz,813353,365100.0,6676100.0,-7.305,365199.999,6676199.999,108.83500000000001,99.99900000001071,99.99899999983609,116.14000000000001,81.33692673052552,"[0.0, 14867.0, 48702.0, 53712.01000000001, 60910.0]","[1.0, 1.0, 1.0, 3.0, 6.0]","[1.0, 1.0, 1.0, 4.0, 7.0]",global_ECLAIR_intensity,global_ECLAIR_return_number,global_ECLAIR_number_of_returns,global_ECLAIR_class
ECLAIR,/csehome/m23csa510/lidar_experiments/datasets/eclair/pointclouds/pointcloud_782.laz,895229,365100.0,6676200.0,-27.975,365199.999,6676299.999,108.311,99.99900000001071,99.99899999983609,136.286,89.52469048499438,"[929.0, 15547.98, 43330.0, 53226.01000000001, 57318.0]","[1.0, 1.0, 1.0, 3.0, 5.0]","[1.0, 1.0, 1.0, 3.0, 6.0]",global_ECLAIR_intensity,global_ECLAIR_return_number,global_ECLAIR_number_of_returns,global_ECLAIR_class
ECLAIR,/csehome/m23csa510/lidar_experiments/datasets/eclair/pointclouds/pointcloud_783.laz,1321550,365100.0,6676300.0,31.433,365199.999,6676399.999,178.965,99.99900000001071,99.99899999983609,147.532,132.15764313984948,"[545.0, 10142.0, 42441.5, 53346.0, 57358.0]","[1.0, 1.0, 1.0, 4.0, 8.0]","[1.0, 1.0, 1.0, 5.0, 8.0]",global_ECLAIR_intensity,global_ECLAIR_return_number,global_ECLAIR_number_of_returns,global_ECLAIR_class
ECLAIR,/csehome/m23csa510/lidar_experiments/datasets/eclair/pointclouds/pointcloud_784.laz,1880240,365100.0,6676400.0,31.076,365199.999,6676499.999,172.219,99.99900000001071,99.99899999983609,141.143,188.027760536696,"[0.0, 9214.0, 44269.0, 54131.0, 65535.0]","[1.0, 1.0, 1.0, 4.0, 7.0]","[1.0, 1.0, 1.0, 5.0, 8.0]",global_ECLAIR_intensity,global_ECLAIR_return_number,global_ECLAIR_number_of_returns,global_ECLAIR_class
ECLAIR,/csehome/m23csa510/lidar_experiments/datasets/eclair/pointclouds/pointcloud_785.laz,1972691,365100.0,6676500.0,2.463000000000001,365199.999,6676599.999,100.043,99.99900000001071,99.99899999983609,97.58000000000001,197.27304544148376,"[1070.0, 10530.98, 44994.0, 54118.0, 65535.0]","[1.0, 1.0, 1.0, 4.0, 7.0]","[1.0, 1.0, 1.0, 4.0, 8.0]",global_ECLAIR_intensity,global_ECLAIR_return_number,global_ECLAIR_number_of_returns,global_ECLAIR_class
ECLAIR,/csehome/m23csa510/lidar_experiments/datasets/eclair/pointclouds/pointcloud_786.laz,2405950,365100.0,6676600.0,26.288,365199.999,6676699.999,105.967,99.99900000001071,99.99899999983609,79.679,240.59981197254805,"[680.0, 12211.0, 47499.0, 54207.0, 56946.0]","[1.0, 1.0, 1.0, 3.0, 7.0]","[1.0, 1.0, 1.0, 4.0, 7.0]",global_ECLAIR_intensity,global_ECLAIR_return_number,global_ECLAIR_number_of_returns,global_ECLAIR_class
ECLAIR,/csehome/m23csa510/lidar_experiments/datasets/eclair/pointclouds/pointcloud_787.laz,1753025,365100.0,6676700.0,-152.17600000000002,365199.999,6676799.999,101.224,99.99900000001071,99.99899999983609,253.40000000000003,175.30600610286,"[0.0, 20704.98, 47638.0, 53586.0, 57103.0]","[1.0, 1.0, 1.0, 2.0, 6.0]","[1.0, 1.0, 1.0, 2.0, 6.0]",global_ECLAIR_intensity,global_ECLAIR_return_number,global_ECLAIR_number_of_returns,global_ECLAIR_class
ECLAIR,/csehome/m23csa510/lidar_experiments/datasets/eclair/pointclouds/pointcloud_788.laz,377709,365100.0,6676800.0,33.831,365199.999,6676899.999,46.75,99.99900000001071,99.99899999983609,12.918999999999997,37.77165542938929,"[9809.0, 26163.239999999998, 46765.0, 51927.0, 55592.0]","[1.0, 1.0, 1.0, 1.0, 6.0]","[1.0, 1.0, 1.0, 1.0, 6.0]",global_ECLAIR_intensity,global_ECLAIR_return_number,global_ECLAIR_number_of_returns,global_ECLAIR_class
ECLAIR,/csehome/m23csa510/lidar_experiments/datasets/eclair/pointclouds/pointcloud_789.laz,486242,365100.0,6676900.0,36.955,365199.999,6676999.999,93.337,99.99900000001071,99.99899999983609,56.382000000000005,48.62517249866195,"[0.0, 2998.41, 42627.0, 54547.0, 60401.0]","[1.0, 1.0, 1.0, 4.0, 8.0]","[1.0, 1.0, 2.0, 5.0, 8.0]",global_ECLAIR_intensity,global_ECLAIR_return_number,global_ECLAIR_number_of_returns,global_ECLAIR_class
ECLAIR,/csehome/m23csa510/lidar_experiments/datasets/eclair/pointclouds/pointcloud_79.laz,157459,361300.001,6672400.0,30.765,361399.999,6672495.032,60.74,99.99800000002142,95.03199999965727,29.975,16.56938181281242,"[9145.0, 13372.0, 32539.0, 48109.0, 54715.0]","[1.0, 1.0, 2.0, 5.0, 7.0]","[1.0, 1.0, 3.0, 5.0, 7.0]",global_ECLAIR_intensity,global_ECLAIR_return_number,global_ECLAIR_number_of_returns,global_ECLAIR_class
ECLAIR,/csehome/m23csa510/lidar_experiments/datasets/eclair/pointclouds/pointcloud_790.laz,189133,365100.0,6677000.0,45.226,365199.999,6677061.796,78.965,99.99900000001071,61.79600000008941,33.739000000000004,30.606332343293996,"[0.0, 7099.639999999999, 38370.0, 54074.67999999999, 58137.0]","[1.0, 1.0, 1.0, 4.0, 8.0]","[1.0, 1.0, 2.0, 5.0, 8.0]",global_ECLAIR_intensity,global_ECLAIR_return_number,global_ECLAIR_number_of_returns,global_ECLAIR_class
ECLAIR,/csehome/m23csa510/lidar_experiments/datasets/eclair/pointclouds/pointcloud_791.laz,249410,365200.001,6670430.153,47.476,365299.999,6670499.999,77.233,99.99800000002142,69.84599999990314,29.757000000000005,35.7092730149269,"[4424.0, 10701.0, 45957.0, 53382.0, 57983.0]","[1.0, 1.0, 1.0, 3.0, 7.0]","[1.0, 1.0, 1.0, 4.0, 7.0]",global_ECLAIR_intensity,global_ECLAIR_return_number,global_ECLAIR_number_of_returns,global_ECLAIR_class
ECLAIR,/csehome/m23csa510/lidar_experiments/datasets/eclair/pointclouds/pointcloud_792.laz,886928,365200.0,6670500.0,48.459,365299.999,6670599.999,98.237,99.99900000001071,99.99899999983609,49.77799999999999,88.69457388274408,"[0.0, 6522.0, 42180.0, 54300.0, 59405.0]","[1.0, 1.0, 1.0, 4.0, 7.0]","[1.0, 1.0, 2.0, 5.0, 7.0]",global_ECLAIR_intensity,global_ECLAIR_return_number,global_ECLAIR_number_of_returns,global_ECLAIR_class
ECLAIR,/csehome/m23csa510/lidar_experiments/datasets/eclair/pointclouds/pointcloud_793.laz,243770,365200.0,6670600.0,49.567,365299.999,6670656.422,65.387,99.99900000001071,56.42200000025332,15.82,43.20521032988137,"[5524.0, 10024.0, 39847.0, 53902.0, 59281.0]","[1.0, 1.0, 1.0, 4.0, 7.0]","[1.0, 1.0, 2.0, 5.0, 7.0]",global_ECLAIR_intensity,global_ECLAIR_return_number,global_ECLAIR_number_of_returns,global_ECLAIR_class
ECLAIR,/csehome/m23csa510/lidar_experiments/datasets/eclair/pointclouds/pointcloud_794.laz,28923,365200.0,6670969.646,44.556,365293.996,6670999.999,69.374,93.99599999998463,30.35300000011921,24.817999999999998,10.13753445038691,"[12309.0, 14717.1, 31403.0, 51464.899999999994, 55104.0]","[1.0, 1.0, 2.0, 5.0, 8.0]","[1.0, 1.0, 3.0, 6.0, 8.0]",global_ECLAIR_intensity,global_ECLAIR_return_number,global_ECLAIR_number_of_returns,global_ECLAIR_class
ECLAIR,/csehome/m23csa510/lidar_experiments/datasets/eclair/pointclouds/pointcloud_795.laz,980346,365200.0,6671000.0,44.674,365299.999,6671099.999,91.78999999999999,99.99900000001071,99.99899999983609,47.11599999999999,98.03656072156096,"[4041.0, 9912.99, 35525.0, 52743.0, 59252.0]","[1.0, 1.0, 2.0, 5.0, 8.0]","[1.0, 1.0, 2.0, 5.0, 8.0]",global_ECLAIR_intensity,global_ECLAIR_return_number,global_ECLAIR_number_of_returns,global_ECLAIR_class
ECLAIR,/csehome/m23csa510/lidar_experiments/datasets/eclair/pointclouds/pointcloud_796.laz,1440070,365200.0,6671100.0,43.299,365299.999,6671199.999,118.295,99.99900000001071,99.99899999983609,74.99600000000001,144.0098801834233,"[3312.0, 9384.0, 38393.0, 53093.0, 65535.0]","[1.0, 1.0, 1.0, 4.0, 8.0]","[1.0, 1.0, 2.0, 5.0, 8.0]",global_ECLAIR_intensity,global_ECLAIR_return_number,global_ECLAIR_number_of_returns,global_ECLAIR_class
ECLAIR,/csehome/m23csa510/lidar_experiments/datasets/eclair/pointclouds/pointcloud_797.laz,973919,365200.0,6671200.0,36.996,365299.999,6671299.999,114.086,99.99900000001071,99.99899999983609,77.09,97.39384786736717,"[444.0, 10184.99, 42313.0, 53901.0, 59616.0]","[1.0, 1.0, 1.0, 4.0, 7.0]","[1.0, 1.0, 2.0, 5.0, 8.0]",global_ECLAIR_intensity,global_ECLAIR_return_number,global_ECLAIR_number_of_returns,global_ECLAIR_class
ECLAIR,/csehome/m23csa510/lidar_experiments/datasets/eclair/pointclouds/pointcloud_798.laz,600927,365200.0,6671300.0,31.989,365299.999,6671399.999,123.465,99.99900000001071,99.99899999983609,91.476,60.093901872120114,"[0.0, 10617.98, 44534.0, 53299.0, 64727.0]","[1.0, 1.0, 1.0, 4.0, 7.0]","[1.0, 1.0, 1.0, 5.0, 7.0]",global_ECLAIR_intensity,global_ECLAIR_return_number,global_ECLAIR_number_of_returns,global_ECLAIR_class
ECLAIR,/csehome/m23csa510/lidar_experiments/datasets/eclair/pointclouds/pointcloud_799.laz,324606,365200.0,6671400.0,29.945999999999998,365299.999,6671499.999,83.688,99.99900000001071,99.99899999983609,53.742000000000004,32.461249221788044,"[8808.0, 16384.05, 44823.0, 51284.95000000001, 55704.0]","[1.0, 1.0, 1.0, 3.0, 7.0]","[1.0, 1.0, 1.0, 4.0, 7.0]",global_ECLAIR_intensity,global_ECLAIR_return_number,global_ECLAIR_number_of_returns,global_ECLAIR_class
ECLAIR,/csehome/m23csa510/lidar_experiments/datasets/eclair/pointclouds/pointcloud_8.laz,9928,360521.375,6671673.102,30.572,360599.991,6671699.998,47.537,78.61599999997998,26.895999999716878,16.965,4.695297656043014,"[14763.0, 27368.28, 48477.5, 54798.59999999999, 65535.0]","[1.0, 1.0, 1.0, 2.0, 4.0]","[1.0, 1.0, 1.0, 2.0, 4.0]",global_ECLAIR_intensity,global_ECLAIR_return_number,global_ECLAIR_number_of_returns,global_ECLAIR_class
ECLAIR,/csehome/m23csa510/lidar_experiments/datasets/eclair/pointclouds/pointcloud_80.laz,327807,361400.0,6671211.588,45.829,361499.999,6671299.999,80.148,99.99900000001071,88.4109999993816,34.318999999999996,37.07799686747563,"[2449.0, 7933.0, 33198.0, 50276.0, 65535.0]","[1.0, 1.0, 2.0, 5.0, 8.0]","[1.0, 1.0, 2.0, 5.0, 8.0]",global_ECLAIR_intensity,global_ECLAIR_return_number,global_ECLAIR_number_of_returns,global_ECLAIR_class
ECLAIR,/csehome/m23csa510/lidar_experiments/datasets/eclair/pointclouds/pointcloud_800.laz,139935,365209.503,6671500.0,18.636,365299.999,6671599.998,51.003,90.49599999998463,99.99799999967217,32.367000000000004,15.463423660322848,"[12291.0, 17982.34, 40062.0, 49489.0, 57091.0]","[1.0, 1.0, 1.0, 4.0, 6.0]","[1.0, 1.0, 1.0, 4.0, 6.0]",global_ECLAIR_intensity,global_ECLAIR_return_number,global_ECLAIR_number_of_returns,global_ECLAIR_class
ECLAIR,/csehome/m23csa510/lidar_experiments/datasets/eclair/pointclouds/pointcloud_801.laz,9569,365252.109,6671600.001,18.088,365299.998,6671630.221,20.293,47.88900000002468,30.21999999973923,2.2049999999999983,6.612053002226291,"[18460.0, 21540.76, 46016.0, 50202.159999999996, 52322.0]","[1.0, 1.0, 1.0, 2.0, 3.0]","[1.0, 1.0, 1.0, 2.0, 3.0]",global_ECLAIR_intensity,global_ECLAIR_return_number,global_ECLAIR_number_of_returns,global_ECLAIR_class
ECLAIR,/csehome/m23csa510/lidar_experiments/datasets/eclair/pointclouds/pointcloud_802.laz,31562,365224.014,6674325.729,19.39,365299.998,6674399.999,30.259,75.98399999999674,74.26999999955297,10.869,5.592795495619589,"[11687.0, 20002.59, 44728.0, 51260.06999999999, 54494.0]","[1.0, 1.0, 1.0, 2.0, 5.0]","[1.0, 1.0, 1.0, 3.0, 5.0]",global_ECLAIR_intensity,global_ECLAIR_return_number,global_ECLAIR_number_of_returns,global_ECLAIR_class
ECLAIR,/csehome/m23csa510/lidar_experiments/datasets/eclair/pointclouds/pointcloud_803.laz,190555,365200.0,6674400.002,19.733,365299.999,6674499.999,39.557,99.99900000001071,99.99699999950826,19.824,19.05626224486458,"[6789.0, 14694.0, 47531.0, 53167.0, 59490.0]","[1.0, 1.0, 1.0, 3.0, 7.0]","[1.0, 1.0, 1.0, 4.0, 7.0]",global_ECLAIR_intensity,global_ECLAIR_return_number,global_ECLAIR_number_of_returns,global_ECLAIR_class
ECLAIR,/csehome/m23csa510/lidar_experiments/datasets/eclair/pointclouds/pointcloud_804.laz,418195,365200.0,6674500.0,20.455,365299.999,6674599.999,91.773,99.99900000001071,99.99899999983609,71.318,41.82033640261009,"[287.0, 12781.0, 46819.0, 53697.0, 65535.0]","[1.0, 1.0, 1.0, 3.0, 8.0]","[1.0, 1.0, 1.0, 4.0, 8.0]",global_ECLAIR_intensity,global_ECLAIR_return_number,global_ECLAIR_number_of_returns,global_ECLAIR_class
ECLAIR,/csehome/m23csa510/lidar_experiments/datasets/eclair/pointclouds/pointcloud_805.laz,693461,365200.0,6674600.0,20.487000000000002,365299.999,6674699.999,98.29400000000001,99.99900000001071,99.99899999983609,77.80700000000002,69.34748694291035,"[533.0, 10244.0, 44524.0, 53887.0, 57140.0]","[1.0, 1.0, 1.0, 4.0, 8.0]","[1.0, 1.0, 1.0, 5.0, 8.0]",global_ECLAIR_intensity,global_ECLAIR_return_number,global_ECLAIR_number_of_returns,global_ECLAIR_class
ECLAIR,/csehome/m23csa510/lidar_experiments/datasets/eclair/pointclouds/pointcloud_806.laz,686712,365200.0,6674700.0,20.719,365299.999,6674799.999,94.199,99.99900000001071,99.99899999983609,73.47999999999999,68.67257344470684,"[5668.0, 10734.0, 43816.0, 53741.0, 65535.0]","[1.0, 1.0, 1.0, 4.0, 8.0]","[1.0, 1.0, 1.0, 5.0, 8.0]",global_ECLAIR_intensity,global_ECLAIR_return_number,global_ECLAIR_number_of_returns,global_ECLAIR_class
ECLAIR,/csehome/m23csa510/lidar_experiments/datasets/eclair/pointclouds/pointcloud_807.laz,260027,365200.009,6674800.0,22.256,365299.999,6674899.999,52.7,99.98999999999069,99.99899999983609,30.444000000000003,26.00556058570391,"[7096.0, 11832.0, 38116.0, 52139.0, 65535.0]","[1.0, 1.0, 1.0, 4.0, 8.0]","[1.0, 1.0, 2.0, 5.0, 8.0]",global_ECLAIR_intensity,global_ECLAIR_return_number,global_ECLAIR_number_of_returns,global_ECLAIR_class
ECLAIR,/csehome/m23csa510/lidar_experiments/datasets/eclair/pointclouds/pointcloud_808.laz,1500,365269.673,6674900.018,23.366999999999997,365299.999,6674999.975,31.106,30.32600000000093,99.95699999947101,7.739000000000004,0.49483785447378736,"[15082.0, 17550.43, 43821.5, 49002.0, 51678.0]","[1.0, 1.0, 1.0, 5.0, 6.0]","[1.0, 1.0, 1.0, 5.0, 6.0]",global_ECLAIR_intensity,global_ECLAIR_return_number,global_ECLAIR_number_of_returns,global_ECLAIR_class
ECLAIR,/csehome/m23csa510/lidar_experiments/datasets/eclair/pointclouds/pointcloud_809.laz,74352,365264.537,6675000.028,23.415,365299.999,6675099.999,44.085,35.461999999999534,99.97099999990314,20.67,20.97275064432072,"[10722.0, 15127.04, 39757.0, 51297.490000000005, 57859.0]","[1.0, 1.0, 1.0, 4.0, 7.0]","[1.0, 1.0, 1.0, 5.0, 7.0]",global_ECLAIR_intensity,global_ECLAIR_return_number,global_ECLAIR_number_of_returns,global_ECLAIR_class
ECLAIR,/csehome/m23csa510/lidar_experiments/datasets/eclair/pointclouds/pointcloud_81.laz,838548,361400.0,6671300.0,47.68,361499.999,6671399.999,97.241,99.99900000001071,99.99899999983609,49.561,83.85647712128525,"[0.0, 5894.0, 42232.0, 54941.0, 65535.0]","[1.0, 1.0, 1.0, 4.0, 8.0]","[1.0, 1.0, 2.0, 5.0, 8.0]",global_ECLAIR_intensity,global_ECLAIR_return_number,global_ECLAIR_number_of_returns,global_ECLAIR_class
ECLAIR,/csehome/m23csa510/lidar_experiments/datasets/eclair/pointclouds/pointcloud_810.laz,508746,365225.167,6675100.0,25.445999999999998,365299.999,6675199.999,72.624,74.83199999999488,99.99899999983609,47.178,67.9857664517511,"[1700.0, 11490.0, 36184.0, 51861.0, 58179.0]","[1.0, 1.0, 1.0, 5.0, 8.0]","[1.0, 1.0, 2.0, 6.0, 8.0]",global_ECLAIR_intensity,global_ECLAIR_return_number,global_ECLAIR_number_of_returns,global_ECLAIR_class
ECLAIR,/csehome/m23csa510/lidar_experiments/datasets/eclair/pointclouds/pointcloud_811.laz,607745,365200.0,6675200.0,26.204,365299.999,6675299.999,54.689,99.99900000001071,99.99899999983609,28.485,60.7757155083257,"[6208.0, 14473.0, 43665.0, 52776.01000000001, 65535.0]","[1.0, 1.0, 1.0, 3.0, 7.0]","[1.0, 1.0, 1.0, 4.0, 7.0]",global_ECLAIR_intensity,global_ECLAIR_return_number,global_ECLAIR_number_of_returns,global_ECLAIR_class
ECLAIR,/csehome/m23csa510/lidar_experiments/datasets/eclair/pointclouds/pointcloud_812.laz,704420,365200.0,6675300.0,28.546,365299.999,6675399.999,94.449,99.99900000001071,99.99899999983609,65.90299999999999,70.4434088612408,"[0.0, 16576.96, 46427.0, 52540.0, 65535.0]","[1.0, 1.0, 1.0, 2.0, 6.0]","[1.0, 1.0, 1.0, 3.0, 7.0]",global_ECLAIR_intensity,global_ECLAIR_return_number,global_ECLAIR_number_of_returns,global_ECLAIR_class
ECLAIR,/csehome/m23csa510/lidar_experiments/datasets/eclair/pointclouds/pointcloud_813.laz,784940,365200.0,6675400.0,29.53,365299.999,6675499.999,73.931,99.99900000001071,99.99899999983609,44.400999999999996,78.49556990366877,"[0.0, 36452.99, 48604.0, 53647.0, 65535.0]","[1.0, 1.0, 1.0, 2.0, 3.0]","[1.0, 1.0, 1.0, 2.0, 3.0]",global_ECLAIR_intensity,global_ECLAIR_return_number,global_ECLAIR_number_of_returns,global_ECLAIR_class
ECLAIR,/csehome/m23csa510/lidar_experiments/datasets/eclair/pointclouds/pointcloud_814.laz,879633,365200.0,6675500.0,30.23,365299.999,6675599.999,102.196,99.99900000001071,99.99899999983609,71.966,87.9650592925241,"[0.0, 26042.93, 49750.0, 53638.0, 65535.0]","[1.0, 1.0, 1.0, 2.0, 4.0]","[1.0, 1.0, 1.0, 2.0, 5.0]",global_ECLAIR_intensity,global_ECLAIR_return_number,global_ECLAIR_number_of_returns,global_ECLAIR_class
ECLAIR,/csehome/m23csa510/lidar_experiments/datasets/eclair/pointclouds/pointcloud_815.laz,1009669,365200.0,6675600.0,31.647,365299.999,6675699.999,107.587,99.99900000001071,99.99899999983609,75.94,100.96891936844516,"[0.0, 12401.98, 47628.0, 53304.01000000001, 65535.0]","[1.0, 1.0, 1.0, 3.0, 6.0]","[1.0, 1.0, 1.0, 4.0, 6.0]",global_ECLAIR_intensity,global_ECLAIR_return_number,global_ECLAIR_number_of_returns,global_ECLAIR_class
ECLAIR,/csehome/m23csa510/lidar_experiments/datasets/eclair/pointclouds/pointcloud_816.laz,1007228,365200.0,6675700.0,34.094,365299.999,6675799.999,113.614,99.99900000001071,99.99899999983609,79.52000000000001,100.72481448637156,"[0.0, 10648.99, 45822.0, 53357.01000000001, 65535.0]","[1.0, 1.0, 1.0, 3.0, 6.0]","[1.0, 1.0, 1.0, 4.0, 7.0]",global_ECLAIR_intensity,global_ECLAIR_return_number,global_ECLAIR_number_of_returns,global_ECLAIR_class
ECLAIR,/csehome/m23csa510/lidar_experiments/datasets/eclair/pointclouds/pointcloud_817.laz,1116248,365200.0,6675800.0,33.694,365299.999,6675899.999,106.365,99.99900000001071,99.99899999983609,72.67099999999999,111.6270325296589,"[0.0, 8631.99, 44611.0, 53437.0, 65535.0]","[1.0, 1.0, 1.0, 4.0, 8.0]","[1.0, 1.0, 1.0, 5.0, 8.0]",global_ECLAIR_intensity,global_ECLAIR_return_number,global_ECLAIR_number_of_returns,global_ECLAIR_class
ECLAIR,/csehome/m23csa510/lidar_experiments/datasets/eclair/pointclouds/pointcloud_818.laz,1280906,365200.0,6675900.0,32.341,365299.999,6675999.999,101.44500000000001,99.99900000001071,99.99899999983609,69.10400000000001,128.09316185062394,"[0.0, 7950.99, 40888.0, 53487.0, 65535.0]","[1.0, 1.0, 1.0, 4.0, 7.0]","[1.0, 1.0, 2.0, 5.0, 8.0]",global_ECLAIR_intensity,global_ECLAIR_return_number,global_ECLAIR_number_of_returns,global_ECLAIR_class
ECLAIR,/csehome/m23csa510/lidar_experiments/datasets/eclair/pointclouds/pointcloud_819.laz,870719,365200.0,6676000.0,31.61,365299.999,6676099.999,117.546,99.99900000001071,99.99899999983609,85.936,87.07364146425532,"[770.0, 11100.0, 46686.0, 53769.0, 57429.0]","[1.0, 1.0, 1.0, 4.0, 8.0]","[1.0, 1.0, 1.0, 5.0, 8.0]",global_ECLAIR_intensity,global_ECLAIR_return_number,global_ECLAIR_number_of_returns,global_ECLAIR_class
ECLAIR,/csehome/m23csa510/lidar_experiments/datasets/eclair/pointclouds/pointcloud_82.laz,234942,361400.0,6671400.0,49.475,361499.997,6671482.542,79.414,99.99699999997392,82.54200000036508,29.939,28.464181685744986,"[0.0, 5799.41, 37875.5, 52693.59, 65535.0]","[1.0, 1.0, 1.0, 5.0, 8.0]","[1.0, 1.0, 2.0, 5.0, 8.0]",global_ECLAIR_intensity,global_ECLAIR_return_number,global_ECLAIR_number_of_returns,global_ECLAIR_class
ECLAIR,/csehome/m23csa510/lidar_experiments/datasets/eclair/pointclouds/pointcloud_820.laz,715742,365200.0,6676100.0,-19.219,365299.999,6676199.999,109.996,99.99900000001071,99.99899999983609,129.215,71.57563150558221,"[0.0, 15644.99, 48296.0, 54258.01000000001, 57717.0]","[1.0, 1.0, 1.0, 3.0, 6.0]","[1.0, 1.0, 1.0, 3.0, 6.0]",global_ECLAIR_intensity,global_ECLAIR_return_number,global_ECLAIR_number_of_returns,global_ECLAIR_class
ECLAIR,/csehome/m23csa510/lidar_experiments/datasets/eclair/pointclouds/pointcloud_821.laz,627635,365200.0,6676200.0,-21.729,365299.999,6676299.999,106.293,99.99900000001071,99.99899999983609,128.022,62.76475528892546,"[0.0, 34514.0, 49025.0, 54318.0, 57649.0]","[1.0, 1.0, 1.0, 2.0, 5.0]","[1.0, 1.0, 1.0, 2.0, 5.0]",global_ECLAIR_intensity,global_ECLAIR_return_number,global_ECLAIR_number_of_returns,global_ECLAIR_class
ECLAIR,/csehome/m23csa510/lidar_experiments/datasets/eclair/pointclouds/pointcloud_822.laz,565993,365200.0,6676300.0,-26.64,365299.999,6676399.999,82.90299999999999,99.99900000001071,99.99899999983609,109.54299999999999,56.60043200306673,"[751.0, 42452.99, 49168.0, 54424.01000000001, 57946.0]","[1.0, 1.0, 1.0, 1.0, 2.0]","[1.0, 1.0, 1.0, 1.0, 2.0]",global_ECLAIR_intensity,global_ECLAIR_return_number,global_ECLAIR_number_of_returns,global_ECLAIR_class
ECLAIR,/csehome/m23csa510/lidar_experiments/datasets/eclair/pointclouds/pointcloud_823.laz,669836,365200.0,6676400.0,2.6270000000000024,365299.999,6676499.999,108.087,99.99900000001071,99.99899999983609,105.46000000000001,66.98493969219797,"[2005.0, 43495.0, 48998.0, 53937.0, 57020.0]","[1.0, 1.0, 1.0, 1.0, 2.0]","[1.0, 1.0, 1.0, 1.0, 2.0]",global_ECLAIR_intensity,global_ECLAIR_return_number,global_ECLAIR_number_of_returns,global_ECLAIR_class
ECLAIR,/csehome/m23csa510/lidar_experiments/datasets/eclair/pointclouds/pointcloud_824.laz,732993,365200.0,6676500.0,6.558,365299.999,6676599.999,105.697,99.99900000001071,99.99899999983609,99.13900000000001,73.30076600810239,"[3106.0, 12726.99, 47591.5, 53669.0, 57566.0]","[1.0, 1.0, 1.0, 4.0, 8.0]","[1.0, 1.0, 1.0, 4.0, 8.0]",global_ECLAIR_intensity,global_ECLAIR_return_number,global_ECLAIR_number_of_returns,global_ECLAIR_class
ECLAIR,/csehome/m23csa510/lidar_experiments/datasets/eclair/pointclouds/pointcloud_825.laz,1294694,365200.0,6676600.0,31.418,365299.999,6676699.999,96.904,99.99900000001071,99.99899999983609,65.48599999999999,129.4719894270397,"[11166.0, 43548.0, 50730.0, 54370.0, 57330.0]","[1.0, 1.0, 1.0, 1.0, 3.0]","[1.0, 1.0, 1.0, 1.0, 3.0]",global_ECLAIR_intensity,global_ECLAIR_return_number,global_ECLAIR_number_of_returns,global_ECLAIR_class
ECLAIR,/csehome/m23csa510/lidar_experiments/datasets/eclair/pointclouds/pointcloud_826.laz,1315137,365200.0,6676700.0,32.046,365299.999,6676799.999,101.641,99.99900000001071,99.99899999983609,69.595,131.5163303136561,"[0.0, 26668.98, 48720.0, 53735.0, 58030.0]","[1.0, 1.0, 1.0, 2.0, 3.0]","[1.0, 1.0, 1.0, 2.0, 3.0]",global_ECLAIR_intensity,global_ECLAIR_return_number,global_ECLAIR_number_of_returns,global_ECLAIR_class
ECLAIR,/csehome/m23csa510/lidar_experiments/datasets/eclair/pointclouds/pointcloud_827.laz,419910,365200.0,6676800.0,34.104,365299.999,6676899.999,103.527,99.99900000001071,99.99899999983609,69.423,41.9918398326618,"[3733.0, 42910.0, 47827.0, 52580.0, 56044.0]","[1.0, 1.0, 1.0, 1.0, 2.0]","[1.0, 1.0, 1.0, 1.0, 2.0]",global_ECLAIR_intensity,global_ECLAIR_return_number,global_ECLAIR_number_of_returns,global_ECLAIR_class
ECLAIR,/csehome/m23csa510/lidar_experiments/datasets/eclair/pointclouds/pointcloud_828.laz,296920,365200.0,6676900.0,36.35,365299.999,6676999.999,84.479,99.99900000001071,99.99899999983609,48.129,29.69259384895321,"[0.0, 14401.380000000001, 50701.0, 53913.81, 56703.0]","[1.0, 1.0, 1.0, 3.0, 7.0]","[1.0, 1.0, 1.0, 4.0, 7.0]",global_ECLAIR_intensity,global_ECLAIR_return_number,global_ECLAIR_number_of_returns,global_ECLAIR_class
ECLAIR,/csehome/m23csa510/lidar_experiments/datasets/eclair/pointclouds/pointcloud_829.laz,62157,365200.0,6677000.0,40.382,365299.929,6677039.095,62.864000000000004,99.92900000000373,39.09499999973923,22.482000000000006,15.910260346852219,"[5272.0, 12089.68, 48007.0, 52769.44, 56102.0]","[1.0, 1.0, 1.0, 4.0, 7.0]","[1.0, 1.0, 1.0, 4.0, 7.0]",global_ECLAIR_intensity,global_ECLAIR_return_number,global_ECLAIR_number_of_returns,global_ECLAIR_class
ECLAIR,/csehome/m23csa510/lidar_experiments/datasets/eclair/pointclouds/pointcloud_83.laz,11158,361400.001,6672168.952,30.997,361442.521,6672199.998,48.621,42.52000000001863,31.046000000089407,17.624000000000002,8.45254415364457,"[14820.0, 16701.0, 34778.5, 50231.86, 54471.0]","[1.0, 1.0, 2.0, 4.0, 6.0]","[1.0, 1.0, 2.0, 5.0, 6.0]",global_ECLAIR_intensity,global_ECLAIR_return_number,global_ECLAIR_number_of_returns,global_ECLAIR_class
ECLAIR,/csehome/m23csa510/lidar_experiments/datasets/eclair/pointclouds/pointcloud_830.laz,3242,365378.466,6670388.339,49.797,365399.994,6670399.999,58.754000000000005,21.527999999991152,11.660000000149012,8.957000000000008,12.915486664301485,"[12442.0, 13519.27, 32347.5, 46812.93000000001, 49161.0]","[1.0, 1.0, 2.0, 4.0, 6.0]","[1.0, 1.0, 2.0, 5.0, 6.0]",global_ECLAIR_intensity,global_ECLAIR_return_number,global_ECLAIR_number_of_returns,global_ECLAIR_class
ECLAIR,/csehome/m23csa510/lidar_experiments/datasets/eclair/pointclouds/pointcloud_831.laz,429744,365300.0,6670400.0,49.51,365399.999,6670499.999,74.804,99.99900000001071,99.99899999983609,25.294000000000004,42.97525950095833,"[280.0, 9736.43, 43931.0, 53270.0, 59764.0]","[1.0, 1.0, 1.0, 4.0, 7.0]","[1.0, 1.0, 2.0, 4.0, 7.0]",global_ECLAIR_intensity,global_ECLAIR_return_number,global_ECLAIR_number_of_returns,global_ECLAIR_class
ECLAIR,/csehome/m23csa510/lidar_experiments/datasets/eclair/pointclouds/pointcloud_832.laz,584682,365300.0,6670500.0,48.769,365399.999,6670599.999,111.107,99.99900000001071,99.99899999983609,62.338,58.46936938163027,"[0.0, 8173.99, 46662.0, 54909.0, 60487.0]","[1.0, 1.0, 1.0, 4.0, 6.0]","[1.0, 1.0, 1.0, 4.0, 7.0]",global_ECLAIR_intensity,global_ECLAIR_return_number,global_ECLAIR_number_of_returns,global_ECLAIR_class
ECLAIR,/csehome/m23csa510/lidar_experiments/datasets/eclair/pointclouds/pointcloud_833.laz,55526,365300.0,6670600.0,52.224000000000004,365399.976,6670625.11,64.435,99.97600000002421,25.110000000335276,12.210999999999999,22.11841076794518,"[8458.0, 13047.25, 48635.5, 54077.5, 59205.0]","[1.0, 1.0, 1.0, 3.0, 5.0]","[1.0, 1.0, 1.0, 4.0, 5.0]",global_ECLAIR_intensity,global_ECLAIR_return_number,global_ECLAIR_number_of_returns,global_ECLAIR_class
ECLAIR,/csehome/m23csa510/lidar_experiments/datasets/eclair/pointclouds/pointcloud_834.laz,150477,365300.0,6671000.98,45.035,365332.157,6671099.999,75.273,32.15700000000652,99.01899999938905,30.238,47.2580788505472,"[6773.0, 11193.0, 34946.0, 52363.23999999999, 58336.0]","[1.0, 1.0, 2.0, 4.0, 8.0]","[1.0, 1.0, 2.0, 5.0, 8.0]",global_ECLAIR_intensity,global_ECLAIR_return_number,global_ECLAIR_number_of_returns,global_ECLAIR_class
ECLAIR,/csehome/m23csa510/lidar_experiments/datasets/eclair/pointclouds/pointcloud_835.laz,141399,365300.0,6671100.0,47.4,365317.754,6671199.999,75.75200000000001,17.754000000015367,99.99899999983609,28.35200000000001,79.64425707122307,"[4901.0, 8816.0, 36924.0, 53943.01999999999, 58428.0]","[1.0, 1.0, 1.0, 4.0, 8.0]","[1.0, 1.0, 2.0, 5.0, 8.0]",global_ECLAIR_intensity,global_ECLAIR_return_number,global_ECLAIR_number_of_returns,global_ECLAIR_class
ECLAIR,/csehome/m23csa510/lidar_experiments/datasets/eclair/pointclouds/pointcloud_836.laz,266904,365300.0,6671200.002,45.198,365387.247,6671299.999,73.311,87.24699999997392,99.99699999950826,28.113000000000007,30.59268597907242,"[6859.0, 11896.0, 36243.0, 53028.0, 65535.0]","[1.0, 1.0, 2.0, 5.0, 8.0]","[1.0, 1.0, 2.0, 5.0, 8.0]",global_ECLAIR_intensity,global_ECLAIR_return_number,global_ECLAIR_number_of_returns,global_ECLAIR_class
ECLAIR,/csehome/m23csa510/lidar_experiments/datasets/eclair/pointclouds/pointcloud_837.laz,677504,365300.0,6671300.0,31.643,365399.999,6671399.999,88.182,99.99900000001071,99.99899999983609,56.539,67.75175502842919,"[1846.0, 11223.0, 38794.0, 53451.0, 65535.0]","[1.0, 1.0, 1.0, 4.0, 8.0]","[1.0, 1.0, 2.0, 5.0, 8.0]",global_ECLAIR_intensity,global_ECLAIR_return_number,global_ECLAIR_number_of_returns,global_ECLAIR_class
ECLAIR,/csehome/m23csa510/lidar_experiments/datasets/eclair/pointclouds/pointcloud_838.laz,552833,365300.0,6671400.0,23.779,365399.999,6671499.999,115.33800000000001,99.99900000001071,99.99899999983609,91.55900000000001,55.284405682669906,"[350.0, 11247.0, 41738.0, 52835.0, 59364.0]","[1.0, 1.0, 1.0, 4.0, 8.0]","[1.0, 1.0, 2.0, 5.0, 8.0]",global_ECLAIR_intensity,global_ECLAIR_return_number,global_ECLAIR_number_of_returns,global_ECLAIR_class
ECLAIR,/csehome/m23csa510/lidar_experiments/datasets/eclair/pointclouds/pointcloud_839.laz,389966,365300.0,6671500.0,18.647,365399.999,6671599.999,112.81400000000001,99.99900000001071,99.99899999983609,94.167,38.99737994375888,"[382.0, 13254.0, 43043.0, 52444.0, 65535.0]","[1.0, 1.0, 1.0, 4.0, 7.0]","[1.0, 1.0, 1.0, 4.0, 7.0]",global_ECLAIR_intensity,global_ECLAIR_return_number,global_ECLAIR_number_of_returns,global_ECLAIR_class
ECLAIR,/csehome/m23csa510/lidar_experiments/datasets/eclair/pointclouds/pointcloud_84.laz,319267,361400.0,6672200.0,30.177,361499.999,6672299.999,70.04400000000001,99.99900000001071,99.99899999983609,39.86700000000001,31.92733854362705,"[4742.0, 12025.0, 35876.0, 51895.0, 58409.0]","[1.0, 1.0, 2.0, 5.0, 8.0]","[1.0, 1.0, 2.0, 5.0, 8.0]",global_ECLAIR_intensity,global_ECLAIR_return_number,global_ECLAIR_number_of_returns,global_ECLAIR_class
ECLAIR,/csehome/m23csa510/lidar_experiments/datasets/eclair/pointclouds/pointcloud_840.laz,166748,365300.005,6671600.0,18.056,365399.998,6671688.429,43.13,99.99300000001676,88.42899999953806,25.074,18.858029965052815,"[10017.0, 15402.0, 38850.0, 51750.0, 55540.0]","[1.0, 1.0, 1.0, 3.0, 7.0]","[1.0, 1.0, 1.0, 4.0, 7.0]",global_ECLAIR_intensity,global_ECLAIR_return_number,global_ECLAIR_number_of_returns,global_ECLAIR_class
ECLAIR,/csehome/m23csa510/lidar_experiments/datasets/eclair/pointclouds/pointcloud_841.laz,4614,365346.127,6674282.365,19.277,365399.988,6674299.996,22.234,53.86100000003353,17.631000000052154,2.9570000000000007,4.858768780960196,"[17969.0, 37206.3, 44299.0, 50747.049999999996, 53374.0]","[1.0, 1.0, 1.0, 1.0, 3.0]","[1.0, 1.0, 1.0, 2.0, 3.0]",global_ECLAIR_intensity,global_ECLAIR_return_number,global_ECLAIR_number_of_returns,global_ECLAIR_class
ECLAIR,/csehome/m23csa510/lidar_experiments/datasets/eclair/pointclouds/pointcloud_842.laz,158354,365300.0,6674300.0,19.267,365399.999,6674399.999,76.678,99.99900000001071,99.99899999983609,57.411,15.835716712774945,"[2251.0, 40471.0, 45373.0, 51074.0, 55495.0]","[1.0, 1.0, 1.0, 1.0, 3.0]","[1.0, 1.0, 1.0, 1.0, 3.0]",global_ECLAIR_intensity,global_ECLAIR_return_number,global_ECLAIR_number_of_returns,global_ECLAIR_class
ECLAIR,/csehome/m23csa510/lidar_experiments/datasets/eclair/pointclouds/pointcloud_843.laz,451504,365300.0,6674400.0,19.689999999999998,365399.999,6674499.999,86.256,99.99900000001071,99.99899999983609,66.566,45.151303021614474,"[3532.0, 14075.029999999999, 47533.0, 52421.0, 65535.0]","[1.0, 1.0, 1.0, 3.0, 8.0]","[1.0, 1.0, 1.0, 4.0, 8.0]",global_ECLAIR_intensity,global_ECLAIR_return_number,global_ECLAIR_number_of_returns,global_ECLAIR_class
ECLAIR,/csehome/m23csa510/lidar_experiments/datasets/eclair/pointclouds/pointcloud_844.laz,811109,365300.0,6674500.0,19.78,365399.999,6674599.999,62.167,99.99900000001071,99.99899999983609,42.387,81.11252224245786,"[2507.0, 8697.0, 37253.0, 52820.0, 62036.0]","[1.0, 1.0, 1.0, 4.0, 8.0]","[1.0, 1.0, 2.0, 5.0, 8.0]",global_ECLAIR_intensity,global_ECLAIR_return_number,global_ECLAIR_number_of_returns,global_ECLAIR_class
ECLAIR,/csehome/m23csa510/lidar_experiments/datasets/eclair/pointclouds/pointcloud_845.laz,666022,365300.0,6674600.0,20.192999999999998,365399.999,6674699.999,76.619,99.99900000001071,99.99899999983609,56.426,66.60353206408297,"[4305.0, 12389.99, 44148.0, 54226.0, 65535.0]","[1.0, 1.0, 1.0, 4.0, 7.0]","[1.0, 1.0, 1.0, 4.0, 8.0]",global_ECLAIR_intensity,global_ECLAIR_return_number,global_ECLAIR_number_of_returns,global_ECLAIR_class
ECLAIR,/csehome/m23csa510/lidar_experiments/datasets/eclair/pointclouds/pointcloud_846.laz,1293205,365300.0,6674700.0,20.688,365399.999,6674799.999,86.134,99.99900000001071,99.99899999983609,65.446,129.3230864489948,"[0.0, 9999.99, 44512.0, 54067.0, 57679.0]","[1.0, 1.0, 1.0, 4.0, 8.0]","[1.0, 1.0, 1.0, 5.0, 8.0]",global_ECLAIR_intensity,global_ECLAIR_return_number,global_ECLAIR_number_of_returns,global_ECLAIR_class
ECLAIR,/csehome/m23csa510/lidar_experiments/datasets/eclair/pointclouds/pointcloud_847.laz,937988,365300.0,6674800.0,20.285,365399.999,6674899.999,83.906,99.99900000001071,99.99899999983609,63.62100000000001,93.80067600428372,"[3782.0, 11571.0, 40666.0, 53528.01000000001, 59114.0]","[1.0, 1.0, 1.0, 4.0, 8.0]","[1.0, 1.0, 2.0, 5.0, 8.0]",global_ECLAIR_intensity,global_ECLAIR_return_number,global_ECLAIR_number_of_returns,global_ECLAIR_class
ECLAIR,/csehome/m23csa510/lidar_experiments/datasets/eclair/pointclouds/pointcloud_848.laz,752171,365300.003,6674900.0,20.621000000000002,365399.999,6674999.999,53.400000000000006,99.99599999998463,99.99899999983609,32.779,75.22086101309715,"[4265.0, 11320.99, 36767.0, 51331.01000000001, 65535.0]","[1.0, 1.0, 1.0, 4.0, 8.0]","[1.0, 1.0, 2.0, 5.0, 8.0]",global_ECLAIR_intensity,global_ECLAIR_return_number,global_ECLAIR_number_of_returns,global_ECLAIR_class
ECLAIR,/csehome/m23csa510/lidar_experiments/datasets/eclair/pointclouds/pointcloud_849.laz,1055611,365300.0,6675000.0,22.750999999999998,365399.999,6675099.999,63.458,99.99900000001071,99.99899999983609,40.707,105.56321125383047,"[0.0, 8890.0, 40127.0, 52859.0, 65535.0]","[1.0, 1.0, 1.0, 4.0, 8.0]","[1.0, 1.0, 2.0, 5.0, 8.0]",global_ECLAIR_intensity,global_ECLAIR_return_number,global_ECLAIR_number_of_returns,global_ECLAIR_class
ECLAIR,/csehome/m23csa510/lidar_experiments/datasets/eclair/pointclouds/pointcloud_85.laz,568244,361400.0,6672300.0,30.27,361499.999,6672399.999,110.791,99.99900000001071,99.99899999983609,80.521,56.82553650513461,"[345.0, 10393.0, 40372.0, 54735.0, 59402.0]","[1.0, 1.0, 1.0, 4.0, 8.0]","[1.0, 1.0, 2.0, 5.0, 8.0]",global_ECLAIR_intensity,global_ECLAIR_return_number,global_ECLAIR_number_of_returns,global_ECLAIR_class
ECLAIR,/csehome/m23csa510/lidar_experiments/datasets/eclair/pointclouds/pointcloud_850.laz,1173793,365300.0,6675100.0,25.38,365399.999,6675199.999,104.274,99.99900000001071,99.99899999983609,78.894,117.3816476213941,"[0.0, 8486.0, 44003.0, 53580.01000000001, 65535.0]","[1.0, 1.0, 1.0, 4.0, 7.0]","[1.0, 1.0, 1.0, 5.0, 8.0]",global_ECLAIR_intensity,global_ECLAIR_return_number,global_ECLAIR_number_of_returns,global_ECLAIR_class
ECLAIR,/csehome/m23csa510/lidar_experiments/datasets/eclair/pointclouds/pointcloud_851.laz,1068502,365300.0,6675200.0,29.212,365399.999,6675299.999,99.057,99.99900000001071,99.99899999983609,69.845,106.85233703621918,"[0.0, 9299.0, 44364.0, 53889.0, 65535.0]","[1.0, 1.0, 1.0, 4.0, 7.0]","[1.0, 1.0, 1.0, 5.0, 7.0]",global_ECLAIR_intensity,global_ECLAIR_return_number,global_ECLAIR_number_of_returns,global_ECLAIR_class
ECLAIR,/csehome/m23csa510/lidar_experiments/datasets/eclair/pointclouds/pointcloud_852.laz,994871,365300.0,6675300.0,27.171,365399.999,6675399.999,101.705,99.99900000001071,99.99899999983609,74.53399999999999,99.48908977199895,"[0.0, 11377.0, 45336.0, 54308.0, 65535.0]","[1.0, 1.0, 1.0, 4.0, 7.0]","[1.0, 1.0, 1.0, 4.0, 7.0]",global_ECLAIR_intensity,global_ECLAIR_return_number,global_ECLAIR_number_of_returns,global_ECLAIR_class
ECLAIR,/csehome/m23csa510/lidar_experiments/datasets/eclair/pointclouds/pointcloud_853.laz,871463,365300.0,6675400.0,29.894,365395.34,6675499.999,96.799,95.34000000002561,99.99899999983609,66.905,91.40672484983654,"[3970.0, 10008.0, 42681.0, 53604.0, 65535.0]","[1.0, 1.0, 1.0, 4.0, 7.0]","[1.0, 1.0, 1.0, 5.0, 8.0]",global_ECLAIR_intensity,global_ECLAIR_return_number,global_ECLAIR_number_of_returns,global_ECLAIR_class
ECLAIR,/csehome/m23csa510/lidar_experiments/datasets/eclair/pointclouds/pointcloud_854.laz,519403,365300.0,6675500.0,30.375,365395.104,6675599.999,54.760000000000005,95.10399999999208,99.99899999983609,24.385000000000005,54.61475795790245,"[4733.0, 17707.97, 48358.0, 52907.0, 65535.0]","[1.0, 1.0, 1.0, 3.0, 7.0]","[1.0, 1.0, 1.0, 4.0, 7.0]",global_ECLAIR_intensity,global_ECLAIR_return_number,global_ECLAIR_number_of_returns,global_ECLAIR_class
ECLAIR,/csehome/m23csa510/lidar_experiments/datasets/eclair/pointclouds/pointcloud_855.laz,450723,365300.0,6675600.0,-106.99100000000001,365385.307,6675699.999,58.876999999999995,85.3069999999716,99.99899999983609,165.868,52.83593459809414,"[6551.0, 13445.66, 47819.0, 53167.0, 65535.0]","[1.0, 1.0, 1.0, 3.0, 6.0]","[1.0, 1.0, 1.0, 4.0, 6.0]",global_ECLAIR_intensity,global_ECLAIR_return_number,global_ECLAIR_number_of_returns,global_ECLAIR_class
ECLAIR,/csehome/m23csa510/lidar_experiments/datasets/eclair/pointclouds/pointcloud_856.laz,460954,365300.0,6675700.0,35.071,365360.569,6675799.999,72.229,60.569000000017695,99.99899999983609,37.158,76.10470861112397,"[5835.0, 11304.0, 37175.5, 52542.0, 65535.0]","[1.0, 1.0, 1.0, 4.0, 8.0]","[1.0, 1.0, 2.0, 5.0, 8.0]",global_ECLAIR_intensity,global_ECLAIR_return_number,global_ECLAIR_number_of_returns,global_ECLAIR_class
ECLAIR,/csehome/m23csa510/lidar_experiments/datasets/eclair/pointclouds/pointcloud_857.laz,246057,365300.0,6675800.0,37.022,365346.623,6675899.998,67.761,46.62300000002142,99.99799999967217,30.738999999999997,52.77693868672509,"[6513.0, 12522.0, 41427.0, 53045.0, 65535.0]","[1.0, 1.0, 1.0, 4.0, 8.0]","[1.0, 1.0, 2.0, 5.0, 8.0]",global_ECLAIR_intensity,global_ECLAIR_return_number,global_ECLAIR_number_of_returns,global_ECLAIR_class
ECLAIR,/csehome/m23csa510/lidar_experiments/datasets/eclair/pointclouds/pointcloud_858.laz,87608,365300.0,6675900.0,34.438,365336.663,6675999.997,64.423,36.663000000000466,99.99700000043958,29.985,23.896197342951563,"[8612.0, 12103.14, 39551.0, 52203.78999999998, 58048.0]","[1.0, 1.0, 1.0, 5.0, 8.0]","[1.0, 1.0, 2.0, 5.0, 8.0]",global_ECLAIR_intensity,global_ECLAIR_return_number,global_ECLAIR_number_of_returns,global_ECLAIR_class
ECLAIR,/csehome/m23csa510/lidar_experiments/datasets/eclair/pointclouds/pointcloud_859.laz,82191,365300.0,6676000.004,32.238,365329.025,6676099.998,58.650000000000006,29.025000000023283,99.99399999994785,26.412000000000006,28.319011802198897,"[9970.0, 15204.7, 45209.0, 51782.20000000001, 55007.0]","[1.0, 1.0, 1.0, 4.0, 7.0]","[1.0, 1.0, 1.0, 5.0, 7.0]",global_ECLAIR_intensity,global_ECLAIR_return_number,global_ECLAIR_number_of_returns,global_ECLAIR_class
ECLAIR,/csehome/m23csa510/lidar_experiments/datasets/eclair/pointclouds/pointcloud_86.laz,543671,361400.0,6672400.0,30.323999999999998,361499.999,6672499.999,59.79,99.99900000001071,99.99899999983609,29.466,54.36818735839364,"[6396.0, 10697.0, 33812.0, 52927.0, 59161.0]","[1.0, 1.0, 2.0, 5.0, 8.0]","[1.0, 1.0, 3.0, 5.0, 8.0]",global_ECLAIR_intensity,global_ECLAIR_return_number,global_ECLAIR_number_of_returns,global_ECLAIR_class
ECLAIR,/csehome/m23csa510/lidar_experiments/datasets/eclair/pointclouds/pointcloud_860.laz,59389,365300.0,6676100.001,-19.177,365327.806,6676199.996,32.437,27.805999999982305,99.99500000011176,51.614,21.359407897019114,"[27851.0, 43615.0, 48620.0, 52948.12, 55100.0]","[1.0, 1.0, 1.0, 1.0, 2.0]","[1.0, 1.0, 1.0, 1.0, 2.0]",global_ECLAIR_intensity,global_ECLAIR_return_number,global_ECLAIR_number_of_returns,global_ECLAIR_class
ECLAIR,/csehome/m23csa510/lidar_experiments/datasets/eclair/pointclouds/pointcloud_861.laz,54625,365300.0,6676200.0,-11.975999999999999,365337.306,6676299.999,31.871,37.305999999982305,99.99899999983609,43.846999999999994,14.642563195083365,"[26532.0, 43868.2, 48202.0, 51629.76, 53698.0]","[1.0, 1.0, 1.0, 1.0, 2.0]","[1.0, 1.0, 1.0, 1.0, 2.0]",global_ECLAIR_intensity,global_ECLAIR_return_number,global_ECLAIR_number_of_returns,global_ECLAIR_class
ECLAIR,/csehome/m23csa510/lidar_experiments/datasets/eclair/pointclouds/pointcloud_862.laz,75831,365300.0,6676300.0,30.759,365352.348,6676399.999,32.736,52.34799999999814,99.99899999983609,1.9769999999999968,14.486085106921022,"[16756.0, 44656.3, 49122.0, 52344.0, 54171.0]","[1.0, 1.0, 1.0, 1.0, 3.0]","[1.0, 1.0, 1.0, 1.0, 3.0]",global_ECLAIR_intensity,global_ECLAIR_return_number,global_ECLAIR_number_of_returns,global_ECLAIR_class
ECLAIR,/csehome/m23csa510/lidar_experiments/datasets/eclair/pointclouds/pointcloud_863.laz,119177,365300.0,6676400.003,3.7070000000000007,365367.383,6676499.998,39.799,67.38299999997253,99.99500000011176,36.092,17.687392836156416,"[15589.0, 33618.84, 47087.0, 52700.0, 55590.0]","[1.0, 1.0, 1.0, 1.0, 4.0]","[1.0, 1.0, 1.0, 2.0, 4.0]",global_ECLAIR_intensity,global_ECLAIR_return_number,global_ECLAIR_number_of_returns,global_ECLAIR_class
ECLAIR,/csehome/m23csa510/lidar_experiments/datasets/eclair/pointclouds/pointcloud_864.laz,122717,365300.0,6676500.0,9.732,365399.998,6676599.999,58.712,99.99800000002142,99.99899999983609,48.980000000000004,12.27206815960786,"[10842.0, 20509.96, 47079.0, 53260.0, 63296.0]","[1.0, 1.0, 1.0, 2.0, 3.0]","[1.0, 1.0, 1.0, 2.0, 3.0]",global_ECLAIR_intensity,global_ECLAIR_return_number,global_ECLAIR_number_of_returns,global_ECLAIR_class
ECLAIR,/csehome/m23csa510/lidar_experiments/datasets/eclair/pointclouds/pointcloud_865.laz,743703,365300.0,6676600.0,30.237000000000002,365399.999,6676699.999,104.047,99.99900000001071,99.99899999983609,73.81,74.37178742842532,"[1004.0, 39834.979999999996, 50729.0, 54609.0, 58998.0]","[1.0, 1.0, 1.0, 1.0, 4.0]","[1.0, 1.0, 1.0, 1.0, 4.0]",global_ECLAIR_intensity,global_ECLAIR_return_number,global_ECLAIR_number_of_returns,global_ECLAIR_class
ECLAIR,/csehome/m23csa510/lidar_experiments/datasets/eclair/pointclouds/pointcloud_866.laz,1296984,365300.0,6676700.0,30.991,365399.999,6676799.999,110.039,99.99900000001071,99.99899999983609,79.048,129.70099400710873,"[1245.0, 28210.96, 49042.0, 53742.0, 61476.0]","[1.0, 1.0, 1.0, 2.0, 5.0]","[1.0, 1.0, 1.0, 2.0, 5.0]",global_ECLAIR_intensity,global_ECLAIR_return_number,global_ECLAIR_number_of_returns,global_ECLAIR_class
ECLAIR,/csehome/m23csa510/lidar_experiments/datasets/eclair/pointclouds/pointcloud_867.laz,623048,365300.0,6676800.0,32.085,365399.999,6676899.999,62.025000000000006,99.99900000001071,99.99899999983609,29.940000000000005,62.306046114787144,"[1358.0, 39531.99, 48494.0, 52957.0, 56683.0]","[1.0, 1.0, 1.0, 1.0, 4.0]","[1.0, 1.0, 1.0, 2.0, 4.0]",global_ECLAIR_intensity,global_ECLAIR_return_number,global_ECLAIR_number_of_returns,global_ECLAIR_class
ECLAIR,/csehome/m23csa510/lidar_experiments/datasets/eclair/pointclouds/pointcloud_868.laz,383696,365300.0,6676900.0,34.606,365399.999,6676999.997,68.551,99.99900000001071,99.99700000043958,33.945,38.37113483370923,"[2634.0, 11935.900000000001, 50436.0, 54464.0, 65535.0]","[1.0, 1.0, 1.0, 3.0, 7.0]","[1.0, 1.0, 1.0, 4.0, 7.0]",global_ECLAIR_intensity,global_ECLAIR_return_number,global_ECLAIR_number_of_returns,global_ECLAIR_class
ECLAIR,/csehome/m23csa510/lidar_experiments/datasets/eclair/pointclouds/pointcloud_869.laz,3945,365300.061,6677000.0,40.443,365329.736,6677017.468,41.581,29.67499999998836,17.468000000342727,1.1380000000000052,7.610498359207702,"[11535.0, 13126.88, 41936.0, 49042.36, 50898.0]","[1.0, 1.0, 1.0, 1.0, 1.0]","[1.0, 1.0, 1.0, 1.0, 1.0]",global_ECLAIR_intensity,global_ECLAIR_return_number,global_ECLAIR_number_of_returns,global_ECLAIR_class
ECLAIR,/csehome/m23csa510/lidar_experiments/datasets/eclair/pointclouds/pointcloud_87.laz,61114,361406.866,6672500.0,30.415,361499.999,6672568.022,58.44,93.13300000003073,68.02199999988079,28.025,9.646898745441849,"[10761.0, 14209.13, 32671.0, 47932.87, 52985.0]","[1.0, 1.0, 2.0, 5.0, 7.0]","[1.0, 1.0, 3.0, 5.0, 7.0]",global_ECLAIR_intensity,global_ECLAIR_return_number,global_ECLAIR_number_of_returns,global_ECLAIR_class
ECLAIR,/csehome/m23csa510/lidar_experiments/datasets/eclair/pointclouds/pointcloud_870.laz,117812,365400.001,6670328.974,44.359,365499.999,6670399.999,62.28,99.99800000002142,71.0249999994412,17.921,16.587730557976407,"[8936.0, 13439.550000000001, 42151.0, 51743.89, 56483.0]","[1.0, 1.0, 1.0, 4.0, 6.0]","[1.0, 1.0, 1.0, 4.0, 6.0]",global_ECLAIR_intensity,global_ECLAIR_return_number,global_ECLAIR_number_of_returns,global_ECLAIR_class
ECLAIR,/csehome/m23csa510/lidar_experiments/datasets/eclair/pointclouds/pointcloud_871.laz,571296,365400.0,6670400.0,49.814,365499.999,6670499.999,103.551,99.99900000001071,99.99899999983609,53.737,57.13074260922664,"[1510.0, 9442.0, 46093.5, 53815.0, 60848.0]","[1.0, 1.0, 1.0, 3.0, 7.0]","[1.0, 1.0, 1.0, 4.0, 7.0]",global_ECLAIR_intensity,global_ECLAIR_return_number,global_ECLAIR_number_of_returns,global_ECLAIR_class
ECLAIR,/csehome/m23csa510/lidar_experiments/datasets/eclair/pointclouds/pointcloud_872.laz,407101,365400.0,6670500.0,46.502,365499.999,6670599.999,74.805,99.99900000001071,99.99899999983609,28.303000000000004,40.71091421427556,"[2719.0, 10731.0, 43729.0, 54541.0, 59478.0]","[1.0, 1.0, 1.0, 4.0, 7.0]","[1.0, 1.0, 2.0, 5.0, 7.0]",global_ECLAIR_intensity,global_ECLAIR_return_number,global_ECLAIR_number_of_returns,global_ECLAIR_class
ECLAIR,/csehome/m23csa510/lidar_experiments/datasets/eclair/pointclouds/pointcloud_873.laz,1828,365400.016,6670600.001,47.391,365437.761,6670605.55,55.519000000000005,37.74499999999534,5.548999999649823,8.128000000000007,8.727744758706786,"[12734.0, 13990.82, 36630.5, 53391.92, 56294.0]","[1.0, 1.0, 2.0, 5.0, 6.0]","[1.0, 1.0, 2.0, 5.0, 6.0]",global_ECLAIR_intensity,global_ECLAIR_return_number,global_ECLAIR_number_of_returns,global_ECLAIR_class
ECLAIR,/csehome/m23csa510/lidar_experiments/datasets/eclair/pointclouds/pointcloud_874.laz,80362,365400.0,6671315.507,32.434,365463.401,6671399.999,63.47,63.40100000001257,84.49199999962002,31.036,15.001650330941626,"[11445.0, 15175.0, 35734.0, 51025.78, 62096.0]","[1.0, 1.0, 2.0, 5.0, 8.0]","[1.0, 1.0, 2.0, 5.0, 8.0]",global_ECLAIR_intensity,global_ECLAIR_return_number,global_ECLAIR_number_of_returns,global_ECLAIR_class
ECLAIR,/csehome/m23csa510/lidar_experiments/datasets/eclair/pointclouds/pointcloud_875.laz,338324,365400.0,6671400.0,25.68,365499.998,6671499.999,57.198,99.99800000002142,99.99899999983609,31.518,33.833414995731395,"[9994.0, 14622.46, 42999.0, 52764.0, 65535.0]","[1.0, 1.0, 1.0, 4.0, 8.0]","[1.0, 1.0, 1.0, 5.0, 8.0]",global_ECLAIR_intensity,global_ECLAIR_return_number,global_ECLAIR_number_of_returns,global_ECLAIR_class
ECLAIR,/csehome/m23csa510/lidar_experiments/datasets/eclair/pointclouds/pointcloud_876.laz,310776,365400.0,6671500.0,18.004,365499.998,6671599.999,119.405,99.99800000002142,99.99899999983609,101.401,31.07853234979907,"[1437.0, 14188.0, 45452.5, 53585.0, 65535.0]","[1.0, 1.0, 1.0, 4.0, 7.0]","[1.0, 1.0, 1.0, 4.0, 7.0]",global_ECLAIR_intensity,global_ECLAIR_return_number,global_ECLAIR_number_of_returns,global_ECLAIR_class
ECLAIR,/csehome/m23csa510/lidar_experiments/datasets/eclair/pointclouds/pointcloud_877.laz,57937,365400.0,6671600.0,17.99,365497.68,6671686.18,85.821,97.67999999999302,86.17999999970198,67.831,6.88246264368443,"[2752.0, 12523.0, 38783.0, 65535.0, 65535.0]","[1.0, 1.0, 1.0, 3.0, 6.0]","[1.0, 1.0, 1.0, 4.0, 6.0]",global_ECLAIR_intensity,global_ECLAIR_return_number,global_ECLAIR_number_of_returns,global_ECLAIR_class
ECLAIR,/csehome/m23csa510/lidar_experiments/datasets/eclair/pointclouds/pointcloud_878.laz,21361,365400.003,6674276.152,19.555,365499.996,6674299.999,26.021,99.99299999995856,23.847000000067055,6.466000000000001,8.958147932496754,"[16687.0, 42308.6, 44333.0, 50541.4, 53086.0]","[1.0, 1.0, 1.0, 1.0, 3.0]","[1.0, 1.0, 1.0, 1.0, 3.0]",global_ECLAIR_intensity,global_ECLAIR_return_number,global_ECLAIR_number_of_returns,global_ECLAIR_class
ECLAIR,/csehome/m23csa510/lidar_experiments/datasets/eclair/pointclouds/pointcloud_879.laz,298003,365400.0,6674300.0,19.808999999999997,365499.999,6674399.999,81.137,99.99900000001071,99.99899999983609,61.328,29.800896014985867,"[4733.0, 40358.0, 45544.0, 51161.0, 53859.0]","[1.0, 1.0, 1.0, 1.0, 2.0]","[1.0, 1.0, 1.0, 1.0, 2.0]",global_ECLAIR_intensity,global_ECLAIR_return_number,global_ECLAIR_number_of_returns,global_ECLAIR_class
ECLAIR,/csehome/m23csa510/lidar_experiments/datasets/eclair/pointclouds/pointcloud_88.laz,19858,361528.662,6671160.731,42.393,361599.998,6671199.997,69.759,71.33600000001024,39.26600000075996,27.366,7.089409950235131,"[9715.0, 12967.82, 31255.0, 47875.87, 52425.0]","[1.0, 1.0, 2.0, 5.0, 7.0]","[1.0, 1.0, 2.0, 5.0, 7.0]",global_ECLAIR_intensity,global_ECLAIR_return_number,global_ECLAIR_number_of_returns,global_ECLAIR_class
ECLAIR,/csehome/m23csa510/lidar_experiments/datasets/eclair/pointclouds/pointcloud_880.laz,600913,365400.0,6674400.0,19.567,365499.999,6674499.999,88.215,99.99900000001071,99.99899999983609,68.648,60.092501844119695,"[1348.0, 16414.0, 45992.0, 52876.0, 65535.0]","[1.0, 1.0, 1.0, 2.0, 5.0]","[1.0, 1.0, 1.0, 3.0, 5.0]",global_ECLAIR_intensity,global_ECLAIR_return_number,global_ECLAIR_number_of_returns,global_ECLAIR_class
ECLAIR,/csehome/m23csa510/lidar_experiments/datasets/eclair/pointclouds/pointcloud_881.laz,381674,365400.0,6674500.0,19.663,365499.999,6674599.999,49.849000000000004,99.99900000001071,99.99899999983609,30.186000000000003,38.168163359508846,"[4490.0, 11823.0, 43784.0, 52710.27000000002, 57679.0]","[1.0, 1.0, 1.0, 4.0, 7.0]","[1.0, 1.0, 1.0, 5.0, 8.0]",global_ECLAIR_intensity,global_ECLAIR_return_number,global_ECLAIR_number_of_returns,global_ECLAIR_class
ECLAIR,/csehome/m23csa510/lidar_experiments/datasets/eclair/pointclouds/pointcloud_882.laz,839815,365400.0,6674600.0,19.98,365499.999,6674699.999,45.817,99.99900000001071,99.99899999983609,25.837,83.98317965532345,"[6007.0, 12413.0, 40883.0, 52006.0, 65535.0]","[1.0, 1.0, 1.0, 4.0, 8.0]","[1.0, 1.0, 2.0, 5.0, 8.0]",global_ECLAIR_intensity,global_ECLAIR_return_number,global_ECLAIR_number_of_returns,global_ECLAIR_class
ECLAIR,/csehome/m23csa510/lidar_experiments/datasets/eclair/pointclouds/pointcloud_883.laz,2527034,365400.0,6674700.0,19.746000000000002,365499.999,6674799.999,93.02799999999999,99.99900000001071,99.99899999983609,73.28199999999998,252.70845414419918,"[0.0, 8354.0, 37927.0, 53049.0, 65535.0]","[1.0, 1.0, 1.0, 4.0, 8.0]","[1.0, 1.0, 2.0, 5.0, 8.0]",global_ECLAIR_intensity,global_ECLAIR_return_number,global_ECLAIR_number_of_returns,global_ECLAIR_class
ECLAIR,/csehome/m23csa510/lidar_experiments/datasets/eclair/pointclouds/pointcloud_884.laz,2456995,365400.0,6674800.0,20.083,365499.999,6674899.999,94.616,99.99900000001071,99.99899999983609,74.533,245.70441406408725,"[2350.0, 9136.99, 36197.0, 51681.0, 58174.0]","[1.0, 1.0, 1.0, 4.0, 8.0]","[1.0, 1.0, 2.0, 5.0, 8.0]",global_ECLAIR_intensity,global_ECLAIR_return_number,global_ECLAIR_number_of_returns,global_ECLAIR_class
ECLAIR,/csehome/m23csa510/lidar_experiments/datasets/eclair/pointclouds/pointcloud_885.laz,1659665,365400.0,6674900.0,22.451,365499.999,6674999.999,93.83500000000001,99.99900000001071,99.99899999983609,71.38400000000001,165.9698193800449,"[248.0, 8872.0, 36572.0, 52465.0, 57153.0]","[1.0, 1.0, 1.0, 4.0, 8.0]","[1.0, 1.0, 2.0, 5.0, 8.0]",global_ECLAIR_intensity,global_ECLAIR_return_number,global_ECLAIR_number_of_returns,global_ECLAIR_class
ECLAIR,/csehome/m23csa510/lidar_experiments/datasets/eclair/pointclouds/pointcloud_886.laz,1255658,365400.0,6675000.0,24.83,365499.999,6675099.999,80.783,99.99900000001071,99.99899999983609,55.953,125.56831135386261,"[0.0, 8810.99, 37980.0, 53000.01000000001, 65535.0]","[1.0, 1.0, 1.0, 4.0, 8.0]","[1.0, 1.0, 2.0, 5.0, 8.0]",global_ECLAIR_intensity,global_ECLAIR_return_number,global_ECLAIR_number_of_returns,global_ECLAIR_class
ECLAIR,/csehome/m23csa510/lidar_experiments/datasets/eclair/pointclouds/pointcloud_887.laz,658751,365400.0,6675100.0,30.239,365499.999,6675199.999,57.588,99.99900000001071,99.99899999983609,27.349,65.87641752186371,"[5161.0, 12019.99, 43516.0, 53100.01000000001, 65535.0]","[1.0, 1.0, 1.0, 3.0, 7.0]","[1.0, 1.0, 1.0, 4.0, 7.0]",global_ECLAIR_intensity,global_ECLAIR_return_number,global_ECLAIR_number_of_returns,global_ECLAIR_class
ECLAIR,/csehome/m23csa510/lidar_experiments/datasets/eclair/pointclouds/pointcloud_888.laz,301085,365400.0,6675200.0,33.019,365465.428,6675299.997,66.445,65.42800000001444,99.99700000043958,33.425999999999995,46.019140554440696,"[7160.0, 12176.84, 42685.0, 53474.0, 58707.0]","[1.0, 1.0, 1.0, 4.0, 6.0]","[1.0, 1.0, 2.0, 4.0, 6.0]",global_ECLAIR_intensity,global_ECLAIR_return_number,global_ECLAIR_number_of_returns,global_ECLAIR_class
ECLAIR,/csehome/m23csa510/lidar_experiments/datasets/eclair/pointclouds/pointcloud_889.laz,23397,365400.0,6675300.0,42.47,365420.198,6675373.525,62.911,20.197999999974854,73.52500000037253,20.441000000000003,15.754940741477853,"[8975.0, 12384.96, 41863.0, 53178.16, 56745.0]","[1.0, 1.0, 1.0, 4.0, 6.0]","[1.0, 1.0, 2.0, 4.0, 6.0]",global_ECLAIR_intensity,global_ECLAIR_return_number,global_ECLAIR_number_of_returns,global_ECLAIR_class
ECLAIR,/csehome/m23csa510/lidar_experiments/datasets/eclair/pointclouds/pointcloud_89.laz,651188,361500.0,6671200.0,43.824,361599.999,6671299.999,107.874,99.99900000001071,99.99899999983609,64.05,65.12010239563567,"[0.0, 8687.0, 35515.0, 53338.0, 58551.0]","[1.0, 1.0, 1.0, 4.0, 8.0]","[1.0, 1.0, 2.0, 5.0, 8.0]",global_ECLAIR_intensity,global_ECLAIR_return_number,global_ECLAIR_number_of_returns,global_ECLAIR_class
ECLAIR,/csehome/m23csa510/lidar_experiments/datasets/eclair/pointclouds/pointcloud_890.laz,6449,365390.0,6675390.006,-28.239000000000004,365408.698,6675509.984,50.147,18.697999999974854,119.97800000011921,78.386,2.8747203504237238,"[11713.0, 13451.32, 41846.0, 52857.679999999986, 55195.0]","[1.0, 1.0, 1.0, 4.0, 5.0]","[1.0, 1.0, 2.0, 4.0, 5.0]",global_ECLAIR_intensity,global_ECLAIR_return_number,global_ECLAIR_number_of_returns,global_ECLAIR_class
ECLAIR,/csehome/m23csa510/lidar_experiments/datasets/eclair/pointclouds/pointcloud_891.laz,36909,365400.0,6676580.624,31.108,365499.999,6676599.998,31.645,99.99900000001071,19.373999999836087,0.536999999999999,19.05098022814042,"[40774.0, 43693.0, 47943.0, 51655.92, 53350.0]","[1.0, 1.0, 1.0, 1.0, 2.0]","[1.0, 1.0, 1.0, 1.0, 2.0]",global_ECLAIR_intensity,global_ECLAIR_return_number,global_ECLAIR_number_of_returns,global_ECLAIR_class
ECLAIR,/csehome/m23csa510/lidar_experiments/datasets/eclair/pointclouds/pointcloud_892.laz,610653,365400.0,6676600.0,31.222,365499.999,6676699.999,91.74600000000001,99.99900000001071,99.99899999983609,60.52400000000001,61.06652132441339,"[10622.0, 44109.0, 50450.0, 54626.0, 56912.0]","[1.0, 1.0, 1.0, 1.0, 2.0]","[1.0, 1.0, 1.0, 1.0, 2.0]",global_ECLAIR_intensity,global_ECLAIR_return_number,global_ECLAIR_number_of_returns,global_ECLAIR_class
ECLAIR,/csehome/m23csa510/lidar_experiments/datasets/eclair/pointclouds/pointcloud_893.laz,1100778,365400.0,6676700.0,32.214,365499.999,6676799.999,110.82900000000001,99.99900000001071,99.99899999983609,78.61500000000001,110.08000158919242,"[988.0, 33252.979999999996, 49706.0, 54120.0, 57580.0]","[1.0, 1.0, 1.0, 2.0, 3.0]","[1.0, 1.0, 1.0, 2.0, 3.0]",global_ECLAIR_intensity,global_ECLAIR_return_number,global_ECLAIR_number_of_returns,global_ECLAIR_class
ECLAIR,/csehome/m23csa510/lidar_experiments/datasets/eclair/pointclouds/pointcloud_894.laz,842572,365400.0,6676800.0,33.591,365499.999,6676899.999,75.438,99.99900000001071,99.99899999983609,41.847,84.25888516940658,"[109.0, 41214.99, 49024.0, 53325.0, 64264.0]","[1.0, 1.0, 1.0, 1.0, 2.0]","[1.0, 1.0, 1.0, 1.0, 3.0]",global_ECLAIR_intensity,global_ECLAIR_return_number,global_ECLAIR_number_of_returns,global_ECLAIR_class
ECLAIR,/csehome/m23csa510/lidar_experiments/datasets/eclair/pointclouds/pointcloud_895.laz,668614,365400.0,6676900.0,38.126,365499.999,6676999.999,86.533,99.99900000001071,99.99899999983609,48.407000000000004,66.86273724816112,"[0.0, 10680.99, 48776.0, 53735.01000000001, 65535.0]","[1.0, 1.0, 1.0, 4.0, 7.0]","[1.0, 1.0, 1.0, 4.0, 7.0]",global_ECLAIR_intensity,global_ECLAIR_return_number,global_ECLAIR_number_of_returns,global_ECLAIR_class
ECLAIR,/csehome/m23csa510/lidar_experiments/datasets/eclair/pointclouds/pointcloud_896.laz,97453,365400.699,6677000.0,42.288,365499.999,6677068.335,70.959,99.29999999998836,68.33499999996275,28.671000000000006,14.361597989182425,"[5891.0, 11801.04, 45023.0, 53370.479999999996, 65535.0]","[1.0, 1.0, 1.0, 4.0, 8.0]","[1.0, 1.0, 1.0, 5.0, 8.0]",global_ECLAIR_intensity,global_ECLAIR_return_number,global_ECLAIR_number_of_returns,global_ECLAIR_class
ECLAIR,/csehome/m23csa510/lidar_experiments/datasets/eclair/pointclouds/pointcloud_897.laz,257,365589.485,6670297.292,42.68,365599.989,6670299.998,44.039,10.504000000015367,2.705999999307096,1.3590000000000018,9.041710927615933,"[29258.0, 38119.92, 44641.0, 55202.2, 56545.0]","[1.0, 1.0, 1.0, 1.0, 2.0]","[1.0, 1.0, 1.0, 2.0, 2.0]",global_ECLAIR_intensity,global_ECLAIR_return_number,global_ECLAIR_number_of_returns,global_ECLAIR_class
ECLAIR,/csehome/m23csa510/lidar_experiments/datasets/eclair/pointclouds/pointcloud_898.laz,243061,365500.0,6670300.001,42.001,365599.999,6670399.999,73.25200000000001,99.99900000001071,99.99799999967217,31.251000000000012,24.306829200091716,"[7369.0, 14050.2, 46546.0, 52756.0, 65535.0]","[1.0, 1.0, 1.0, 3.0, 7.0]","[1.0, 1.0, 1.0, 4.0, 7.0]",global_ECLAIR_intensity,global_ECLAIR_return_number,global_ECLAIR_number_of_returns,global_ECLAIR_class
ECLAIR,/csehome/m23csa510/lidar_experiments/datasets/eclair/pointclouds/pointcloud_899.laz,674915,365500.0,6670400.0,49.856,365599.999,6670499.999,107.962,99.99900000001071,99.99899999983609,58.106,67.49284985035112,"[101.0, 8074.99, 39575.0, 53602.01000000001, 58756.0]","[1.0, 1.0, 1.0, 4.0, 7.0]","[1.0, 1.0, 2.0, 5.0, 7.0]",global_ECLAIR_intensity,global_ECLAIR_return_number,global_ECLAIR_number_of_returns,global_ECLAIR_class
ECLAIR,/csehome/m23csa510/lidar_experiments/datasets/eclair/pointclouds/pointcloud_9.laz,309275,360500.0,6671700.0,30.717,360599.999,6671799.999,94.123,99.99900000001071,99.99899999983609,63.406000000000006,30.928118559325757,"[3058.0, 8537.74, 36810.0, 53534.0, 65535.0]","[1.0, 1.0, 1.0, 4.0, 8.0]","[1.0, 1.0, 2.0, 5.0, 8.0]",global_ECLAIR_intensity,global_ECLAIR_return_number,global_ECLAIR_number_of_returns,global_ECLAIR_class
ECLAIR,/csehome/m23csa510/lidar_experiments/datasets/eclair/pointclouds/pointcloud_90.laz,716549,361500.0,6671300.0,45.729,361599.999,6671399.999,98.035,99.99900000001071,99.99899999983609,52.306,71.65633311960653,"[1887.0, 8231.99, 38357.0, 54412.0, 59250.0]","[1.0, 1.0, 1.0, 4.0, 8.0]","[1.0, 1.0, 2.0, 5.0, 8.0]",global_ECLAIR_intensity,global_ECLAIR_return_number,global_ECLAIR_number_of_returns,global_ECLAIR_class
ECLAIR,/csehome/m23csa510/lidar_experiments/datasets/eclair/pointclouds/pointcloud_900.laz,180343,365500.0,6670500.0,47.618,365599.999,6670577.822,69.962,99.99900000001071,77.82199999969453,22.344,23.174012933196664,"[6832.0, 12522.0, 41634.0, 53416.0, 60088.0]","[1.0, 1.0, 1.0, 4.0, 6.0]","[1.0, 1.0, 2.0, 4.0, 6.0]",global_ECLAIR_intensity,global_ECLAIR_return_number,global_ECLAIR_number_of_returns,global_ECLAIR_class
ECLAIR,/csehome/m23csa510/lidar_experiments/datasets/eclair/pointclouds/pointcloud_901.laz,5173,365500.0,6671465.709,33.785,365521.998,6671499.999,43.662,21.99800000002142,34.29000000003725,9.877000000000002,6.857910224916577,"[16732.0, 18929.56, 44607.0, 50168.92, 53145.0]","[1.0, 1.0, 1.0, 3.0, 4.0]","[1.0, 1.0, 1.0, 3.0, 4.0]",global_ECLAIR_intensity,global_ECLAIR_return_number,global_ECLAIR_number_of_returns,global_ECLAIR_class
ECLAIR,/csehome/m23csa510/lidar_experiments/datasets/eclair/pointclouds/pointcloud_902.laz,84962,365500.0,6671500.003,18.014,365588.542,6671599.999,50.2,88.54200000001583,99.99600000027567,32.18600000000001,9.596055952620812,"[14858.0, 19602.61, 45417.0, 52727.0, 65535.0]","[1.0, 1.0, 1.0, 3.0, 5.0]","[1.0, 1.0, 1.0, 4.0, 5.0]",global_ECLAIR_intensity,global_ECLAIR_return_number,global_ECLAIR_number_of_returns,global_ECLAIR_class
ECLAIR,/csehome/m23csa510/lidar_experiments/datasets/eclair/pointclouds/pointcloud_903.laz,18808,365500.291,6671600.0,18.055,365597.043,6671658.75,20.453,96.75199999997858,58.75,2.3979999999999997,3.3088325844720194,"[15147.0, 18944.21, 39420.5, 51723.810000000005, 54523.0]","[1.0, 1.0, 1.0, 2.0, 3.0]","[1.0, 1.0, 1.0, 2.0, 3.0]",global_ECLAIR_intensity,global_ECLAIR_return_number,global_ECLAIR_number_of_returns,global_ECLAIR_class
ECLAIR,/csehome/m23csa510/lidar_experiments/datasets/eclair/pointclouds/pointcloud_904.laz,5930,365500.004,6674277.821,18.122,365566.069,6674299.995,33.859,66.06500000000233,22.173999999649823,15.737000000000002,4.047987948336724,"[13678.0, 16151.38, 44613.5, 52150.71, 55241.0]","[1.0, 1.0, 1.0, 4.0, 6.0]","[1.0, 1.0, 1.0, 4.710000000000036, 6.0]",global_ECLAIR_intensity,global_ECLAIR_return_number,global_ECLAIR_number_of_returns,global_ECLAIR_class
ECLAIR,/csehome/m23csa510/lidar_experiments/datasets/eclair/pointclouds/pointcloud_905.laz,336762,365500.0,6674300.0,18.06,365599.999,6674399.999,41.438,99.99900000001071,99.99899999983609,23.378000000000004,33.67687353415459,"[8028.0, 16110.61, 45129.0, 51391.0, 56480.0]","[1.0, 1.0, 1.0, 3.0, 7.0]","[1.0, 1.0, 1.0, 4.0, 7.0]",global_ECLAIR_intensity,global_ECLAIR_return_number,global_ECLAIR_number_of_returns,global_ECLAIR_class
ECLAIR,/csehome/m23csa510/lidar_experiments/datasets/eclair/pointclouds/pointcloud_906.laz,825974,365500.0,6674400.0,20.253999999999998,365599.999,6674499.999,94.50800000000001,99.99900000001071,99.99899999983609,74.25400000000002,82.5990519729061,"[0.0, 16804.0, 46733.0, 52735.0, 65535.0]","[1.0, 1.0, 1.0, 2.0, 5.0]","[1.0, 1.0, 1.0, 3.0, 6.0]",global_ECLAIR_intensity,global_ECLAIR_return_number,global_ECLAIR_number_of_returns,global_ECLAIR_class
ECLAIR,/csehome/m23csa510/lidar_experiments/datasets/eclair/pointclouds/pointcloud_907.laz,777600,365500.0,6674500.0,19.607,365599.999,6674599.999,110.21600000000001,99.99900000001071,99.99899999983609,90.60900000000001,77.76155522344744,"[2694.0, 15540.0, 46549.0, 52588.0, 58789.0]","[1.0, 1.0, 1.0, 3.0, 7.0]","[1.0, 1.0, 1.0, 4.0, 7.0]",global_ECLAIR_intensity,global_ECLAIR_return_number,global_ECLAIR_number_of_returns,global_ECLAIR_class
ECLAIR,/csehome/m23csa510/lidar_experiments/datasets/eclair/pointclouds/pointcloud_908.laz,2573626,365500.0,6674600.0,19.082,365599.999,6674699.999,107.173,99.99900000001071,99.99899999983609,88.09100000000001,257.36774732960413,"[356.0, 8216.0, 38639.0, 52744.0, 65015.0]","[1.0, 1.0, 1.0, 4.0, 7.0]","[1.0, 1.0, 2.0, 5.0, 8.0]",global_ECLAIR_intensity,global_ECLAIR_return_number,global_ECLAIR_number_of_returns,global_ECLAIR_class
ECLAIR,/csehome/m23csa510/lidar_experiments/datasets/eclair/pointclouds/pointcloud_909.laz,1671858,365500.0,6674700.0,19.641,365599.999,6674799.999,92.101,99.99900000001071,99.99899999983609,72.46000000000001,167.18914376641254,"[0.0, 22498.989999999998, 48626.0, 53751.0, 65535.0]","[1.0, 1.0, 1.0, 2.0, 6.0]","[1.0, 1.0, 1.0, 3.0, 6.0]",global_ECLAIR_intensity,global_ECLAIR_return_number,global_ECLAIR_number_of_returns,global_ECLAIR_class
ECLAIR,/csehome/m23csa510/lidar_experiments/datasets/eclair/pointclouds/pointcloud_91.laz,38172,361500.0,6671400.0,48.121,361599.987,6671424.09,73.44,99.98700000002282,24.08999999985099,25.318999999999996,15.847639271655504,"[6642.0, 10428.71, 29081.0, 50329.48000000001, 58181.0]","[1.0, 1.0, 2.0, 5.0, 8.0]","[1.0, 1.0, 3.0, 6.0, 8.0]",global_ECLAIR_intensity,global_ECLAIR_return_number,global_ECLAIR_number_of_returns,global_ECLAIR_class
ECLAIR,/csehome/m23csa510/lidar_experiments/datasets/eclair/pointclouds/pointcloud_910.laz,1759124,365500.0,6674800.0,21.089,365599.999,6674899.999,96.828,99.99900000001071,99.99899999983609,75.739,175.91591830104394,"[2563.0, 10187.0, 36603.5, 52775.01000000001, 59754.0]","[1.0, 1.0, 1.0, 4.0, 8.0]","[1.0, 1.0, 2.0, 5.0, 8.0]",global_ECLAIR_intensity,global_ECLAIR_return_number,global_ECLAIR_number_of_returns,global_ECLAIR_class
ECLAIR,/csehome/m23csa510/lidar_experiments/datasets/eclair/pointclouds/pointcloud_911.laz,712731,365500.0,6674900.0,21.933,365599.996,6674999.999,73.518,99.99599999998463,99.99899999983609,51.585,71.27666380480736,"[5406.0, 10864.0, 35147.0, 51163.0, 65535.0]","[1.0, 1.0, 2.0, 5.0, 8.0]","[1.0, 1.0, 2.0, 5.0, 8.0]",global_ECLAIR_intensity,global_ECLAIR_return_number,global_ECLAIR_number_of_returns,global_ECLAIR_class
ECLAIR,/csehome/m23csa510/lidar_experiments/datasets/eclair/pointclouds/pointcloud_912.laz,150768,365500.0,6675000.001,25.544,365566.552,6675099.996,55.202,66.55200000002515,99.99500000011176,29.657999999999998,22.65529792894479,"[8247.0, 12455.0, 36046.0, 51121.0, 65535.0]","[1.0, 1.0, 1.0, 5.0, 8.0]","[1.0, 1.0, 2.0, 5.0, 8.0]",global_ECLAIR_intensity,global_ECLAIR_return_number,global_ECLAIR_number_of_returns,global_ECLAIR_class
ECLAIR,/csehome/m23csa510/lidar_experiments/datasets/eclair/pointclouds/pointcloud_913.laz,4660,365500.0,6675100.002,31.681,365516.681,6675129.101,41.36,16.680999999982305,29.098999999463558,9.678999999999998,9.600321338187495,"[14463.0, 16997.67, 47461.0, 52286.74, 54158.0]","[1.0, 1.0, 1.0, 4.0, 6.0]","[1.0, 1.0, 1.0, 4.0, 6.0]",global_ECLAIR_intensity,global_ECLAIR_return_number,global_ECLAIR_number_of_returns,global_ECLAIR_class
ECLAIR,/csehome/m23csa510/lidar_experiments/datasets/eclair/pointclouds/pointcloud_914.laz,27441,365500.009,6676582.714,31.207,365599.998,6676599.999,39.03,99.9890000000014,17.28500000014901,7.823,15.877361204417504,"[33730.0, 43275.4, 47503.0, 51162.2, 53056.0]","[1.0, 1.0, 1.0, 1.0, 2.0]","[1.0, 1.0, 1.0, 1.0, 2.0]",global_ECLAIR_intensity,global_ECLAIR_return_number,global_ECLAIR_number_of_returns,global_ECLAIR_class
ECLAIR,/csehome/m23csa510/lidar_experiments/datasets/eclair/pointclouds/pointcloud_915.laz,550307,365500.001,6676600.0,31.325,365599.999,6676699.999,95.565,99.99800000002142,99.99899999983609,64.24,55.032350959600734,"[4201.0, 44098.0, 50130.0, 54213.0, 56609.0]","[1.0, 1.0, 1.0, 1.0, 3.0]","[1.0, 1.0, 1.0, 1.0, 3.0]",global_ECLAIR_intensity,global_ECLAIR_return_number,global_ECLAIR_number_of_returns,global_ECLAIR_class
ECLAIR,/csehome/m23csa510/lidar_experiments/datasets/eclair/pointclouds/pointcloud_916.laz,1044832,365500.0,6676700.0,32.311,365599.999,6676799.999,115.65,99.99900000001071,99.99899999983609,83.339,104.48528969550546,"[773.0, 28266.98, 49950.0, 54129.0, 59824.0]","[1.0, 1.0, 1.0, 2.0, 4.0]","[1.0, 1.0, 1.0, 2.0, 4.0]",global_ECLAIR_intensity,global_ECLAIR_return_number,global_ECLAIR_number_of_returns,global_ECLAIR_class
ECLAIR,/csehome/m23csa510/lidar_experiments/datasets/eclair/pointclouds/pointcloud_917.laz,727814,365500.0,6676800.0,33.838,365599.999,6676899.999,85.832,99.99900000001071,99.99899999983609,51.99399999999999,72.78285564994621,"[465.0, 19895.0, 48044.0, 52833.0, 56349.0]","[1.0, 1.0, 1.0, 1.0, 3.0]","[1.0, 1.0, 1.0, 1.0, 3.0]",global_ECLAIR_intensity,global_ECLAIR_return_number,global_ECLAIR_number_of_returns,global_ECLAIR_class
ECLAIR,/csehome/m23csa510/lidar_experiments/datasets/eclair/pointclouds/pointcloud_918.laz,796387,365500.0,6676900.0,38.19,365599.999,6676999.999,111.437,99.99900000001071,99.99899999983609,73.247,79.64029279801395,"[1674.0, 11404.0, 49051.0, 53073.0, 57033.0]","[1.0, 1.0, 1.0, 3.0, 8.0]","[1.0, 1.0, 1.0, 4.0, 8.0]",global_ECLAIR_intensity,global_ECLAIR_return_number,global_ECLAIR_number_of_returns,global_ECLAIR_class
ECLAIR,/csehome/m23csa510/lidar_experiments/datasets/eclair/pointclouds/pointcloud_919.laz,291047,365500.0,6677000.0,44.861000000000004,365599.999,6677088.968,75.51599999999999,99.99900000001071,88.96800000034273,30.654999999999987,32.71399947149004,"[2492.0, 8192.0, 40601.0, 53209.0, 64943.0]","[1.0, 1.0, 1.0, 4.0, 7.0]","[1.0, 1.0, 2.0, 5.0, 7.0]",global_ECLAIR_intensity,global_ECLAIR_return_number,global_ECLAIR_number_of_returns,global_ECLAIR_class
ECLAIR,/csehome/m23csa510/lidar_experiments/datasets/eclair/pointclouds/pointcloud_92.laz,49582,361500.0,6672242.471,31.032,361565.761,6672299.999,55.056,65.7609999999986,57.527999999932945,24.023999999999997,13.10618688975539,"[12553.0, 15241.62, 33569.0, 50472.19, 56018.0]","[1.0, 1.0, 2.0, 5.0, 8.0]","[1.0, 1.0, 3.0, 5.0, 8.0]",global_ECLAIR_intensity,global_ECLAIR_return_number,global_ECLAIR_number_of_returns,global_ECLAIR_class
ECLAIR,/csehome/m23csa510/lidar_experiments/datasets/eclair/pointclouds/pointcloud_920.laz,30063,365600.015,6670272.72,42.424,365699.998,6670299.999,54.323,99.98300000000745,27.279000000096858,11.899000000000001,11.022439084592332,"[14313.0, 17563.44, 42268.0, 49867.520000000004, 65535.0]","[1.0, 1.0, 1.0, 3.0, 4.0]","[1.0, 1.0, 1.0, 3.0, 4.0]",global_ECLAIR_intensity,global_ECLAIR_return_number,global_ECLAIR_number_of_returns,global_ECLAIR_class
ECLAIR,/csehome/m23csa510/lidar_experiments/datasets/eclair/pointclouds/pointcloud_921.laz,400765,365600.0,6670300.0,41.825,365699.999,6670399.999,117.299,99.99900000001071,99.99899999983609,75.474,40.07730154208451,"[4363.0, 10028.64, 42526.0, 53631.0, 65535.0]","[1.0, 1.0, 1.0, 4.0, 7.0]","[1.0, 1.0, 1.0, 5.0, 7.0]",global_ECLAIR_intensity,global_ECLAIR_return_number,global_ECLAIR_number_of_returns,global_ECLAIR_class
ECLAIR,/csehome/m23csa510/lidar_experiments/datasets/eclair/pointclouds/pointcloud_922.laz,660494,365600.0,6670400.0,46.735,365699.999,6670499.999,101.368,99.99900000001071,99.99899999983609,54.632999999999996,66.05072100791628,"[0.0, 9689.0, 40481.0, 54020.0, 59273.0]","[1.0, 1.0, 1.0, 4.0, 7.0]","[1.0, 1.0, 2.0, 5.0, 7.0]",global_ECLAIR_intensity,global_ECLAIR_return_number,global_ECLAIR_number_of_returns,global_ECLAIR_class
ECLAIR,/csehome/m23csa510/lidar_experiments/datasets/eclair/pointclouds/pointcloud_923.laz,91113,365600.0,6670500.0,49.906,365699.999,6670538.006,69.142,99.99900000001071,38.006000000052154,19.235999999999997,23.973559737666843,"[10493.0, 14501.0, 41086.0, 53359.880000000005, 58185.0]","[1.0, 1.0, 1.0, 4.0, 6.0]","[1.0, 1.0, 2.0, 5.0, 6.0]",global_ECLAIR_intensity,global_ECLAIR_return_number,global_ECLAIR_number_of_returns,global_ECLAIR_class
ECLAIR,/csehome/m23csa510/lidar_experiments/datasets/eclair/pointclouds/pointcloud_924.laz,158766,365600.0,6674313.419,18.11,365699.972,6674399.999,47.44,99.97200000000885,86.5800000000745,29.33,18.342627273110406,"[8235.0, 13047.65, 39709.0, 51164.0, 56186.0]","[1.0, 1.0, 1.0, 4.0, 7.0]","[1.0, 1.0, 2.0, 5.0, 7.0]",global_ECLAIR_intensity,global_ECLAIR_return_number,global_ECLAIR_number_of_returns,global_ECLAIR_class
ECLAIR,/csehome/m23csa510/lidar_experiments/datasets/eclair/pointclouds/pointcloud_925.laz,549892,365600.0,6674400.0,18.015,365699.999,6674499.999,94.777,99.99900000001071,99.99899999983609,76.762,54.99029980058123,"[4489.0, 15473.99, 45963.0, 52849.01000000001, 65535.0]","[1.0, 1.0, 1.0, 3.0, 7.0]","[1.0, 1.0, 1.0, 4.0, 7.0]",global_ECLAIR_intensity,global_ECLAIR_return_number,global_ECLAIR_number_of_returns,global_ECLAIR_class
ECLAIR,/csehome/m23csa510/lidar_experiments/datasets/eclair/pointclouds/pointcloud_926.laz,1067391,365600.0,6674500.0,18.073,365699.999,6674599.999,111.563,99.99900000001071,99.99899999983609,93.49000000000001,106.74123481418569,"[471.0, 17644.0, 46287.0, 53238.0, 59344.0]","[1.0, 1.0, 1.0, 3.0, 7.0]","[1.0, 1.0, 1.0, 3.0, 7.0]",global_ECLAIR_intensity,global_ECLAIR_return_number,global_ECLAIR_number_of_returns,global_ECLAIR_class
ECLAIR,/csehome/m23csa510/lidar_experiments/datasets/eclair/pointclouds/pointcloud_927.laz,2091901,365600.0,6674600.0,18.518,365699.999,6674699.999,90.826,99.99900000001071,99.99899999983609,72.30799999999999,209.19428386507835,"[534.0, 8820.99, 44505.0, 52892.0, 58537.0]","[1.0, 1.0, 1.0, 4.0, 7.0]","[1.0, 1.0, 1.0, 5.0, 8.0]",global_ECLAIR_intensity,global_ECLAIR_return_number,global_ECLAIR_number_of_returns,global_ECLAIR_class
ECLAIR,/csehome/m23csa510/lidar_experiments/datasets/eclair/pointclouds/pointcloud_928.laz,849648,365600.0,6674700.0,20.945,365699.999,6674799.999,90.625,99.99900000001071,99.99899999983609,69.68,84.96649932161995,"[14399.0, 41974.0, 47935.0, 52272.01000000001, 55846.0]","[1.0, 1.0, 1.0, 1.0, 2.0]","[1.0, 1.0, 1.0, 1.0, 2.0]",global_ECLAIR_intensity,global_ECLAIR_return_number,global_ECLAIR_number_of_returns,global_ECLAIR_class
ECLAIR,/csehome/m23csa510/lidar_experiments/datasets/eclair/pointclouds/pointcloud_929.laz,117081,365600.0,6674800.0,21.172,365659.304,6674899.998,32.903999999999996,59.304000000003725,99.99799999967217,11.731999999999996,19.742908010793506,"[13428.0, 29796.6, 45440.0, 52555.2, 65535.0]","[1.0, 1.0, 1.0, 2.0, 5.0]","[1.0, 1.0, 1.0, 2.0, 5.0]",global_ECLAIR_intensity,global_ECLAIR_return_number,global_ECLAIR_number_of_returns,global_ECLAIR_class
ECLAIR,/csehome/m23csa510/lidar_experiments/datasets/eclair/pointclouds/pointcloud_93.laz,453517,361500.0,6672300.0,30.237000000000002,361599.999,6672399.999,74.979,99.99900000001071,99.99899999983609,44.742,45.35260704767517,"[6185.0, 10928.0, 35587.0, 53241.0, 58720.0]","[1.0, 1.0, 2.0, 5.0, 8.0]","[1.0, 1.0, 3.0, 5.0, 8.0]",global_ECLAIR_intensity,global_ECLAIR_return_number,global_ECLAIR_number_of_returns,global_ECLAIR_class
ECLAIR,/csehome/m23csa510/lidar_experiments/datasets/eclair/pointclouds/pointcloud_930.laz,3063,365600.0,6674900.001,21.765,365611.618,6674925.148,23.313000000000002,11.618000000016764,25.14699999988079,1.5480000000000018,10.484058675631463,"[18680.0, 38419.72, 48588.0, 51667.740000000005, 53401.0]","[1.0, 1.0, 1.0, 1.0, 1.0]","[1.0, 1.0, 1.0, 1.0, 1.0]",global_ECLAIR_intensity,global_ECLAIR_return_number,global_ECLAIR_number_of_returns,global_ECLAIR_class
ECLAIR,/csehome/m23csa510/lidar_experiments/datasets/eclair/pointclouds/pointcloud_931.laz,22201,365600.0,6676585.703,30.739,365699.999,6676599.998,32.486,99.99900000001071,14.294999999925494,1.7469999999999963,15.530760414364085,"[17748.0, 34156.0, 46377.0, 50653.0, 53576.0]","[1.0, 1.0, 1.0, 1.0, 1.0]","[1.0, 1.0, 1.0, 1.0, 1.0]",global_ECLAIR_intensity,global_ECLAIR_return_number,global_ECLAIR_number_of_returns,global_ECLAIR_class
ECLAIR,/csehome/m23csa510/lidar_experiments/datasets/eclair/pointclouds/pointcloud_932.laz,483751,365600.0,6676600.0,30.765,365699.999,6676699.999,61.510000000000005,99.99900000001071,99.99899999983609,30.745000000000005,48.376067516586836,"[9152.0, 37512.0, 50493.0, 54022.0, 56764.0]","[1.0, 1.0, 1.0, 1.0, 2.0]","[1.0, 1.0, 1.0, 1.0, 2.0]",global_ECLAIR_intensity,global_ECLAIR_return_number,global_ECLAIR_number_of_returns,global_ECLAIR_class
ECLAIR,/csehome/m23csa510/lidar_experiments/datasets/eclair/pointclouds/pointcloud_933.laz,923223,365600.0,6676700.0,31.416,365699.999,6676799.999,100.386,99.99900000001071,99.99899999983609,68.97,92.3241464738385,"[3047.0, 26585.989999999998, 49339.0, 53794.0, 65535.0]","[1.0, 1.0, 1.0, 2.0, 5.0]","[1.0, 1.0, 1.0, 2.0, 5.0]",global_ECLAIR_intensity,global_ECLAIR_return_number,global_ECLAIR_number_of_returns,global_ECLAIR_class
ECLAIR,/csehome/m23csa510/lidar_experiments/datasets/eclair/pointclouds/pointcloud_934.laz,751348,365600.0,6676800.0,33.123,365699.999,6676899.999,43.356,99.99900000001071,99.99899999983609,10.233000000000004,75.13630271865586,"[9827.0, 22112.96, 47670.0, 52429.0, 55581.0]","[1.0, 1.0, 1.0, 1.0, 2.0]","[1.0, 1.0, 1.0, 1.0, 3.0]",global_ECLAIR_intensity,global_ECLAIR_return_number,global_ECLAIR_number_of_returns,global_ECLAIR_class
ECLAIR,/csehome/m23csa510/lidar_experiments/datasets/eclair/pointclouds/pointcloud_935.laz,544418,365600.0,6676900.0,37.361,365699.999,6676999.999,106.613,99.99900000001071,99.99899999983609,69.25200000000001,54.44288885241617,"[2233.0, 11800.99, 48526.0, 52253.0, 57072.0]","[1.0, 1.0, 1.0, 3.0, 6.0]","[1.0, 1.0, 1.0, 4.0, 7.0]",global_ECLAIR_intensity,global_ECLAIR_return_number,global_ECLAIR_number_of_returns,global_ECLAIR_class
ECLAIR,/csehome/m23csa510/lidar_experiments/datasets/eclair/pointclouds/pointcloud_936.laz,289016,365600.0,6677000.0,44.612,365699.999,6677088.212,91.30199999999999,99.99900000001071,88.21200000029057,46.68999999999999,32.76412395002028,"[3205.0, 8891.3, 39197.0, 53260.0, 57777.0]","[1.0, 1.0, 1.0, 4.0, 8.0]","[1.0, 1.0, 2.0, 5.0, 8.0]",global_ECLAIR_intensity,global_ECLAIR_return_number,global_ECLAIR_number_of_returns,global_ECLAIR_class
ECLAIR,/csehome/m23csa510/lidar_experiments/datasets/eclair/pointclouds/pointcloud_937.laz,23846,365700.001,6670265.274,45.961,365748.009,6670299.999,60.553,48.008000000030734,34.72499999962747,14.591999999999999,14.304071471793671,"[13514.0, 16855.9, 41230.0, 49219.0, 52394.0]","[1.0, 1.0, 1.0, 3.0, 4.0]","[1.0, 1.0, 1.0, 3.0, 4.0]",global_ECLAIR_intensity,global_ECLAIR_return_number,global_ECLAIR_number_of_returns,global_ECLAIR_class
ECLAIR,/csehome/m23csa510/lidar_experiments/datasets/eclair/pointclouds/pointcloud_938.laz,196577,365700.0,6670300.0,41.734,365748.454,6670399.999,70.718,48.45400000002701,99.99899999983609,28.984,40.57022449949861,"[4225.0, 9405.76, 43332.0, 53594.47999999998, 59422.0]","[1.0, 1.0, 1.0, 4.0, 7.0]","[1.0, 1.0, 1.0, 5.0, 7.0]",global_ECLAIR_intensity,global_ECLAIR_return_number,global_ECLAIR_number_of_returns,global_ECLAIR_class
ECLAIR,/csehome/m23csa510/lidar_experiments/datasets/eclair/pointclouds/pointcloud_939.laz,253455,365700.0,6670400.0,46.185,365748.897,6670499.999,112.437,48.896999999997206,99.99899999983609,66.252,51.834986722247926,"[1768.0, 10945.08, 44589.0, 54538.45999999999, 58607.0]","[1.0, 1.0, 1.0, 4.0, 7.0]","[1.0, 1.0, 2.0, 4.0, 7.0]",global_ECLAIR_intensity,global_ECLAIR_return_number,global_ECLAIR_number_of_returns,global_ECLAIR_class
ECLAIR,/csehome/m23csa510/lidar_experiments/datasets/eclair/pointclouds/pointcloud_94.laz,514691,361500.0,6672400.0,30.248,361599.999,6672499.999,104.995,99.99900000001071,99.99899999983609,74.747,51.47012939751979,"[146.0, 9687.0, 41996.0, 54716.01000000001, 63184.0]","[1.0, 1.0, 1.0, 4.0, 7.0]","[1.0, 1.0, 2.0, 5.0, 7.0]",global_ECLAIR_intensity,global_ECLAIR_return_number,global_ECLAIR_number_of_returns,global_ECLAIR_class
ECLAIR,/csehome/m23csa510/lidar_experiments/datasets/eclair/pointclouds/pointcloud_940.laz,23518,365700.004,6670500.0,49.591,365748.948,6670516.685,61.524,48.94399999995949,16.684999999590218,11.933,28.79882146057741,"[13649.0, 16429.17, 38187.5, 48476.149999999994, 52921.0]","[1.0, 1.0, 1.0, 3.0, 6.0]","[1.0, 1.0, 2.0, 4.0, 6.0]",global_ECLAIR_intensity,global_ECLAIR_return_number,global_ECLAIR_number_of_returns,global_ECLAIR_class
ECLAIR,/csehome/m23csa510/lidar_experiments/datasets/eclair/pointclouds/pointcloud_941.laz,2289,365700.002,6674369.088,20.48,365723.221,6674399.998,24.594,23.219000000040978,30.90999999921769,4.114000000000001,3.1893580388715352,"[19843.0, 37562.04, 43981.0, 48394.12, 51420.0]","[1.0, 1.0, 1.0, 1.0, 3.0]","[1.0, 1.0, 1.0, 2.0, 3.0]",global_ECLAIR_intensity,global_ECLAIR_return_number,global_ECLAIR_number_of_returns,global_ECLAIR_class
ECLAIR,/csehome/m23csa510/lidar_experiments/datasets/eclair/pointclouds/pointcloud_942.laz,146713,365700.0,6674400.003,18.127,365799.999,6674499.999,42.517,99.99900000001071,99.99600000027567,24.390000000000004,14.672033595768958,"[10411.0, 15553.12, 42706.0, 51116.880000000005, 55469.0]","[1.0, 1.0, 1.0, 4.0, 7.0]","[1.0, 1.0, 1.0, 4.0, 7.0]",global_ECLAIR_intensity,global_ECLAIR_return_number,global_ECLAIR_number_of_returns,global_ECLAIR_class
ECLAIR,/csehome/m23csa510/lidar_experiments/datasets/eclair/pointclouds/pointcloud_943.laz,1053829,365700.0,6674500.0,18.065,365799.999,6674599.999,90.408,99.99900000001071,99.99899999983609,72.343,105.38500768977674,"[0.0, 10077.0, 43410.0, 53343.0, 62128.0]","[1.0, 1.0, 1.0, 4.0, 8.0]","[1.0, 1.0, 2.0, 5.0, 8.0]",global_ECLAIR_intensity,global_ECLAIR_return_number,global_ECLAIR_number_of_returns,global_ECLAIR_class
ECLAIR,/csehome/m23csa510/lidar_experiments/datasets/eclair/pointclouds/pointcloud_944.laz,1237445,365700.0,6674600.0,18.085,365799.999,6674699.999,83.50200000000001,99.99900000001071,99.99899999983609,65.417,123.74697492731343,"[0.0, 8297.0, 43356.0, 53157.0, 65535.0]","[1.0, 1.0, 1.0, 4.0, 8.0]","[1.0, 1.0, 2.0, 5.0, 8.0]",global_ECLAIR_intensity,global_ECLAIR_return_number,global_ECLAIR_number_of_returns,global_ECLAIR_class
ECLAIR,/csehome/m23csa510/lidar_experiments/datasets/eclair/pointclouds/pointcloud_945.laz,174422,365700.0,6674700.0,21.046,365799.998,6674772.052,48.162,99.99800000002142,72.05200000014156,27.116,24.208278536250226,"[15044.0, 41698.0, 46959.0, 51983.79000000001, 54674.0]","[1.0, 1.0, 1.0, 1.0, 2.0]","[1.0, 1.0, 1.0, 1.0, 2.0]",global_ECLAIR_intensity,global_ECLAIR_return_number,global_ECLAIR_number_of_returns,global_ECLAIR_class
ECLAIR,/csehome/m23csa510/lidar_experiments/datasets/eclair/pointclouds/pointcloud_946.laz,3598,365700.007,6676590.945,31.722,365764.43,6676599.999,38.425,64.42300000000978,9.053999999538064,6.702999999999996,6.1685022009895185,"[16246.0, 17612.91, 43393.5, 49783.75999999998, 53080.0]","[1.0, 1.0, 1.0, 4.0, 5.0]","[1.0, 1.0, 1.0, 4.0, 5.0]",global_ECLAIR_intensity,global_ECLAIR_return_number,global_ECLAIR_number_of_returns,global_ECLAIR_class
ECLAIR,/csehome/m23csa510/lidar_experiments/datasets/eclair/pointclouds/pointcloud_947.laz,372157,365700.0,6676600.001,31.97,365799.999,6676699.999,108.539,99.99900000001071,99.99799999967217,76.569,37.21681649716957,"[137.0, 29159.239999999998, 51751.0, 54310.0, 56722.0]","[1.0, 1.0, 1.0, 2.0, 5.0]","[1.0, 1.0, 1.0, 2.0, 5.0]",global_ECLAIR_intensity,global_ECLAIR_return_number,global_ECLAIR_number_of_returns,global_ECLAIR_class
ECLAIR,/csehome/m23csa510/lidar_experiments/datasets/eclair/pointclouds/pointcloud_948.laz,723267,365700.0,6676700.0,-145.975,365799.999,6676799.999,104.065,99.99900000001071,99.99899999983609,250.04,72.32814655580911,"[1347.0, 29033.989999999998, 49724.0, 54247.0, 57251.0]","[1.0, 1.0, 1.0, 2.0, 4.0]","[1.0, 1.0, 1.0, 2.0, 4.0]",global_ECLAIR_intensity,global_ECLAIR_return_number,global_ECLAIR_number_of_returns,global_ECLAIR_class
ECLAIR,/csehome/m23csa510/lidar_experiments/datasets/eclair/pointclouds/pointcloud_949.laz,574266,365700.0,6676800.0,34.001,365799.999,6676899.999,106.46000000000001,99.99900000001071,99.99899999983609,72.459,57.42774854931619,"[272.0, 33331.979999999996, 48420.0, 52988.0, 57611.0]","[1.0, 1.0, 1.0, 2.0, 6.0]","[1.0, 1.0, 1.0, 2.0, 6.0]",global_ECLAIR_intensity,global_ECLAIR_return_number,global_ECLAIR_number_of_returns,global_ECLAIR_class
ECLAIR,/csehome/m23csa510/lidar_experiments/datasets/eclair/pointclouds/pointcloud_95.laz,394921,361500.0,6672500.0,30.727,361599.999,6672599.999,60.084,99.99900000001071,99.99899999983609,29.357000000000003,39.492889853908295,"[6425.0, 11275.0, 35469.0, 52453.0, 60571.0]","[1.0, 1.0, 1.0, 4.0, 8.0]","[1.0, 1.0, 2.0, 5.0, 8.0]",global_ECLAIR_intensity,global_ECLAIR_return_number,global_ECLAIR_number_of_returns,global_ECLAIR_class
ECLAIR,/csehome/m23csa510/lidar_experiments/datasets/eclair/pointclouds/pointcloud_950.laz,480024,365700.0,6676900.0,37.128,365799.999,6676999.999,115.512,99.99900000001071,99.99899999983609,78.384,48.00336006247446,"[1185.0, 10413.23, 46469.0, 53008.0, 65535.0]","[1.0, 1.0, 1.0, 4.0, 8.0]","[1.0, 1.0, 1.0, 5.0, 8.0]",global_ECLAIR_intensity,global_ECLAIR_return_number,global_ECLAIR_number_of_returns,global_ECLAIR_class
ECLAIR,/csehome/m23csa510/lidar_experiments/datasets/eclair/pointclouds/pointcloud_951.laz,115251,365700.001,6677000.0,48.115,365799.897,6677054.507,79.738,99.89600000000792,54.50700000021607,31.622999999999998,21.16626962129484,"[5552.0, 10546.0, 34681.0, 52155.0, 57076.0]","[1.0, 1.0, 2.0, 5.0, 8.0]","[1.0, 1.0, 3.0, 5.0, 8.0]",global_ECLAIR_intensity,global_ECLAIR_return_number,global_ECLAIR_number_of_returns,global_ECLAIR_class
ECLAIR,/csehome/m23csa510/lidar_experiments/datasets/eclair/pointclouds/pointcloud_952.laz,421213,365800.0,6674427.262,20.599,365899.999,6674499.999,55.425,99.99900000001071,72.73699999973178,34.82599999999999,57.90962126203031,"[7826.0, 13108.0, 41491.0, 52231.0, 65535.0]","[1.0, 1.0, 1.0, 4.0, 7.0]","[1.0, 1.0, 1.0, 5.0, 7.0]",global_ECLAIR_intensity,global_ECLAIR_return_number,global_ECLAIR_number_of_returns,global_ECLAIR_class
ECLAIR,/csehome/m23csa510/lidar_experiments/datasets/eclair/pointclouds/pointcloud_953.laz,1300981,365800.0,6674500.0,19.807000000000002,365899.999,6674599.999,93.086,99.99900000001071,99.99899999983609,73.279,130.10070200122928,"[0.0, 8573.99, 43276.0, 53368.0, 58087.0]","[1.0, 1.0, 1.0, 4.0, 8.0]","[1.0, 1.0, 2.0, 5.0, 8.0]",global_ECLAIR_intensity,global_ECLAIR_return_number,global_ECLAIR_number_of_returns,global_ECLAIR_class
ECLAIR,/csehome/m23csa510/lidar_experiments/datasets/eclair/pointclouds/pointcloud_954.laz,1088599,365800.0,6674600.0,18.076999999999998,365899.999,6674699.999,61.69,99.99900000001071,99.99899999983609,43.613,108.86207723082518,"[2707.0, 8787.0, 33986.0, 50861.0, 57935.0]","[1.0, 1.0, 2.0, 5.0, 8.0]","[1.0, 1.0, 3.0, 5.0, 8.0]",global_ECLAIR_intensity,global_ECLAIR_return_number,global_ECLAIR_number_of_returns,global_ECLAIR_class
ECLAIR,/csehome/m23csa510/lidar_experiments/datasets/eclair/pointclouds/pointcloud_955.laz,11995,365800.001,6674700.0,21.209,365844.137,6674716.622,21.814999999999998,44.1359999999986,16.622000000439584,0.6059999999999981,16.350235160522697,"[15192.0, 28741.68, 46369.0, 49836.119999999995, 51887.0]","[1.0, 1.0, 1.0, 3.0, 5.0]","[1.0, 1.0, 1.0, 3.0, 5.0]",global_ECLAIR_intensity,global_ECLAIR_return_number,global_ECLAIR_number_of_returns,global_ECLAIR_class
ECLAIR,/csehome/m23csa510/lidar_experiments/datasets/eclair/pointclouds/pointcloud_956.laz,276711,365800.0,6676600.321,32.405,365899.999,6676699.999,100.78,99.99900000001071,99.67799999937415,68.375,27.760766381686945,"[3485.0, 42809.0, 48147.0, 52730.0, 65535.0]","[1.0, 1.0, 1.0, 1.0, 4.0]","[1.0, 1.0, 1.0, 1.0, 4.0]",global_ECLAIR_intensity,global_ECLAIR_return_number,global_ECLAIR_number_of_returns,global_ECLAIR_class
ECLAIR,/csehome/m23csa510/lidar_experiments/datasets/eclair/pointclouds/pointcloud_957.laz,495057,365800.0,6676700.0,32.541,365899.999,6676799.999,114.078,99.99900000001071,99.99899999983609,81.537,49.50669012892775,"[0.0, 24074.480000000003, 48158.0, 52708.0, 65535.0]","[1.0, 1.0, 1.0, 2.0, 6.0]","[1.0, 1.0, 1.0, 2.0, 7.0]",global_ECLAIR_intensity,global_ECLAIR_return_number,global_ECLAIR_number_of_returns,global_ECLAIR_class
ECLAIR,/csehome/m23csa510/lidar_experiments/datasets/eclair/pointclouds/pointcloud_958.laz,240056,365800.0,6676800.0,36.448,365899.999,6676899.999,65.743,99.99900000001071,99.99899999983609,29.294999999999995,24.006080119238554,"[9047.0, 15120.1, 46832.0, 52419.0, 55150.0]","[1.0, 1.0, 1.0, 3.0, 7.0]","[1.0, 1.0, 1.0, 4.0, 7.0]",global_ECLAIR_intensity,global_ECLAIR_return_number,global_ECLAIR_number_of_returns,global_ECLAIR_class
ECLAIR,/csehome/m23csa510/lidar_experiments/datasets/eclair/pointclouds/pointcloud_959.laz,81353,365800.0,6676900.0,37.49,365867.187,6676999.977,63.81,67.18699999997625,99.9769999999553,26.32,12.111229180440994,"[11702.0, 16197.0, 45592.0, 51126.95999999999, 65535.0]","[1.0, 1.0, 1.0, 3.0, 6.0]","[1.0, 1.0, 1.0, 4.0, 6.0]",global_ECLAIR_intensity,global_ECLAIR_return_number,global_ECLAIR_number_of_returns,global_ECLAIR_class
ECLAIR,/csehome/m23csa510/lidar_experiments/datasets/eclair/pointclouds/pointcloud_96.laz,9572,361541.65,6672600.0,30.912,361599.999,6672643.067,55.547,58.34899999998743,43.066999999806285,24.634999999999998,3.8091199790013537,"[12381.0, 14318.55, 28935.5, 45964.58, 50768.0]","[1.0, 1.0, 2.0, 5.0, 6.0]","[1.0, 1.0, 3.0, 5.0, 6.0]",global_ECLAIR_intensity,global_ECLAIR_return_number,global_ECLAIR_number_of_returns,global_ECLAIR_class
ECLAIR,/csehome/m23csa510/lidar_experiments/datasets/eclair/pointclouds/pointcloud_960.laz,278,365800.001,6677000.015,46.731,365812.317,6677007.123,54.132000000000005,12.315999999991618,7.108000000007451,7.401000000000003,3.175613916992032,"[14735.0, 16247.2, 37413.0, 52689.9, 53282.0]","[1.0, 1.0, 2.0, 4.230000000000018, 5.0]","[1.0, 1.0, 2.0, 5.0, 5.0]",global_ECLAIR_intensity,global_ECLAIR_return_number,global_ECLAIR_number_of_returns,global_ECLAIR_class
ECLAIR,/csehome/m23csa510/lidar_experiments/datasets/eclair/pointclouds/pointcloud_961.laz,2987,365958.691,6674386.453,29.783,365999.995,6674399.999,37.449,41.304000000003725,13.546000000089407,7.665999999999997,5.3386572489178485,"[14006.0, 16828.18, 42452.0, 51470.84, 52577.0]","[1.0, 1.0, 1.0, 3.0, 4.0]","[1.0, 1.0, 1.0, 3.0, 4.0]",global_ECLAIR_intensity,global_ECLAIR_return_number,global_ECLAIR_number_of_returns,global_ECLAIR_class
ECLAIR,/csehome/m23csa510/lidar_experiments/datasets/eclair/pointclouds/pointcloud_962.laz,822729,365900.0,6674400.003,23.414,365999.999,6674499.999,86.531,99.99900000001071,99.99600000027567,63.117000000000004,82.27701381754444,"[3505.0, 10056.0, 40299.0, 53331.0, 65535.0]","[1.0, 1.0, 1.0, 4.0, 8.0]","[1.0, 1.0, 2.0, 5.0, 8.0]",global_ECLAIR_intensity,global_ECLAIR_return_number,global_ECLAIR_number_of_returns,global_ECLAIR_class
ECLAIR,/csehome/m23csa510/lidar_experiments/datasets/eclair/pointclouds/pointcloud_963.laz,1414860,365900.0,6674500.0,21.028,365999.999,6674599.999,88.90700000000001,99.99900000001071,99.99899999983609,67.87900000000002,141.48882976266313,"[0.0, 8860.0, 40107.0, 53515.0, 65535.0]","[1.0, 1.0, 1.0, 4.0, 7.0]","[1.0, 1.0, 2.0, 5.0, 8.0]",global_ECLAIR_intensity,global_ECLAIR_return_number,global_ECLAIR_number_of_returns,global_ECLAIR_class
ECLAIR,/csehome/m23csa510/lidar_experiments/datasets/eclair/pointclouds/pointcloud_964.laz,529361,365900.0,6674600.0,18.070999999999998,365999.999,6674683.827,46.495000000000005,99.99900000001071,83.82699999958277,28.424000000000007,63.149855495904035,"[5644.0, 11223.99, 32708.0, 50042.0, 56138.0]","[1.0, 1.0, 2.0, 4.0, 8.0]","[1.0, 1.0, 3.0, 5.0, 8.0]",global_ECLAIR_intensity,global_ECLAIR_return_number,global_ECLAIR_number_of_returns,global_ECLAIR_class
ECLAIR,/csehome/m23csa510/lidar_experiments/datasets/eclair/pointclouds/pointcloud_965.laz,236595,365900.0,6676604.765,32.847,365999.999,6676699.999,94.956,99.99900000001071,95.23400000017136,62.109,24.843791710230448,"[5267.0, 43139.0, 48456.0, 52839.0, 56291.0]","[1.0, 1.0, 1.0, 1.0, 2.0]","[1.0, 1.0, 1.0, 1.0, 2.0]",global_ECLAIR_intensity,global_ECLAIR_return_number,global_ECLAIR_number_of_returns,global_ECLAIR_class
ECLAIR,/csehome/m23csa510/lidar_experiments/datasets/eclair/pointclouds/pointcloud_966.laz,447273,365900.0,6676700.0,33.19,365999.999,6676799.999,113.349,99.99900000001071,99.99899999983609,80.159,44.728194559486894,"[580.0, 14160.0, 48061.0, 53138.0, 56218.0]","[1.0, 1.0, 1.0, 3.0, 6.0]","[1.0, 1.0, 1.0, 4.0, 7.0]",global_ECLAIR_intensity,global_ECLAIR_return_number,global_ECLAIR_number_of_returns,global_ECLAIR_class
ECLAIR,/csehome/m23csa510/lidar_experiments/datasets/eclair/pointclouds/pointcloud_967.laz,175182,365900.0,6676800.0,40.504,365999.999,6676861.953,76.338,99.99900000001071,61.95299999974668,35.833999999999996,28.276879543882607,"[7677.0, 11365.81, 37627.0, 50719.0, 55911.0]","[1.0, 1.0, 1.0, 4.0, 7.0]","[1.0, 1.0, 2.0, 5.0, 7.0]",global_ECLAIR_intensity,global_ECLAIR_return_number,global_ECLAIR_number_of_returns,global_ECLAIR_class
ECLAIR,/csehome/m23csa510/lidar_experiments/datasets/eclair/pointclouds/pointcloud_968.laz,68330,366000.002,6674359.141,22.113,366099.999,6674399.999,53.344,99.99700000003213,40.85800000000745,31.231,16.724276753992957,"[9532.0, 14327.58, 41266.0, 53340.840000000026, 65535.0]","[1.0, 1.0, 1.0, 4.0, 8.0]","[1.0, 1.0, 2.0, 5.0, 8.0]",global_ECLAIR_intensity,global_ECLAIR_return_number,global_ECLAIR_number_of_returns,global_ECLAIR_class
ECLAIR,/csehome/m23csa510/lidar_experiments/datasets/eclair/pointclouds/pointcloud_969.laz,992781,366000.0,6674400.0,21.169,366099.999,6674499.999,80.39099999999999,99.99900000001071,99.99899999983609,59.221999999999994,99.28008559193593,"[0.0, 8906.0, 42016.0, 53847.0, 65535.0]","[1.0, 1.0, 1.0, 4.0, 8.0]","[1.0, 1.0, 1.0, 5.0, 8.0]",global_ECLAIR_intensity,global_ECLAIR_return_number,global_ECLAIR_number_of_returns,global_ECLAIR_class
ECLAIR,/csehome/m23csa510/lidar_experiments/datasets/eclair/pointclouds/pointcloud_97.laz,164,361683.475,6671090.154,43.862,361699.919,6671099.991,50.327,16.444000000017695,9.837000000290573,6.464999999999996,1.0138500070918757,"[15392.0, 15591.11, 30005.0, 48532.590000000004, 49428.0]","[1.0, 1.0, 3.0, 5.0, 5.0]","[1.0, 2.0, 3.0, 5.0, 5.0]",global_ECLAIR_intensity,global_ECLAIR_return_number,global_ECLAIR_number_of_returns,global_ECLAIR_class
ECLAIR,/csehome/m23csa510/lidar_experiments/datasets/eclair/pointclouds/pointcloud_970.laz,1396343,366000.0,6674500.0,14.704,366099.999,6674599.999,84.86,99.99900000001071,99.99899999983609,70.156,139.6370927281048,"[1640.0, 8535.0, 37759.0, 52817.0, 65535.0]","[1.0, 1.0, 1.0, 4.0, 8.0]","[1.0, 1.0, 2.0, 5.0, 8.0]",global_ECLAIR_intensity,global_ECLAIR_return_number,global_ECLAIR_number_of_returns,global_ECLAIR_class
ECLAIR,/csehome/m23csa510/lidar_experiments/datasets/eclair/pointclouds/pointcloud_971.laz,118659,366000.001,6674600.0,21.802999999999997,366099.999,6674647.258,50.738,99.99800000002142,47.25800000037998,28.935000000000002,25.10926683873313,"[9333.0, 13131.0, 32165.0, 48699.42, 55975.0]","[1.0, 1.0, 2.0, 5.0, 7.0]","[1.0, 1.0, 3.0, 5.0, 7.0]",global_ECLAIR_intensity,global_ECLAIR_return_number,global_ECLAIR_number_of_returns,global_ECLAIR_class
ECLAIR,/csehome/m23csa510/lidar_experiments/datasets/eclair/pointclouds/pointcloud_972.laz,171388,366000.0,6676614.981,32.664,366099.998,6676699.999,34.793,99.99800000002142,85.01800000015646,2.128999999999998,20.159428336141104,"[14742.0, 42916.35, 49577.0, 52919.0, 55507.0]","[1.0, 1.0, 1.0, 1.0, 2.0]","[1.0, 1.0, 1.0, 1.0, 2.0]",global_ECLAIR_intensity,global_ECLAIR_return_number,global_ECLAIR_number_of_returns,global_ECLAIR_class
ECLAIR,/csehome/m23csa510/lidar_experiments/datasets/eclair/pointclouds/pointcloud_973.laz,387064,366000.0,6676700.0,33.577,366099.999,6676799.999,110.558,99.99900000001071,99.99899999983609,76.98100000000001,38.70717413967137,"[2056.0, 28873.0, 48789.0, 53305.0, 56052.0]","[1.0, 1.0, 1.0, 2.0, 3.0]","[1.0, 1.0, 1.0, 2.0, 4.0]",global_ECLAIR_intensity,global_ECLAIR_return_number,global_ECLAIR_number_of_returns,global_ECLAIR_class
ECLAIR,/csehome/m23csa510/lidar_experiments/datasets/eclair/pointclouds/pointcloud_974.laz,296761,366000.0,6676800.0,39.511,366099.999,6676872.113,88.242,99.99900000001071,72.11299999989569,48.731,41.15263095975398,"[6235.0, 11477.0, 38475.0, 51224.0, 55515.0]","[1.0, 1.0, 1.0, 4.0, 8.0]","[1.0, 1.0, 2.0, 5.0, 8.0]",global_ECLAIR_intensity,global_ECLAIR_return_number,global_ECLAIR_number_of_returns,global_ECLAIR_class
ECLAIR,/csehome/m23csa510/lidar_experiments/datasets/eclair/pointclouds/pointcloud_975.laz,194488,366100.0,6674341.57,21.264,366199.999,6674399.999,41.094,99.99900000001071,58.428999999538064,19.830000000000002,33.28654348028647,"[9702.0, 16021.87, 43985.0, 52292.0, 65535.0]","[1.0, 1.0, 1.0, 3.0, 7.0]","[1.0, 1.0, 1.0, 4.0, 7.0]",global_ECLAIR_intensity,global_ECLAIR_return_number,global_ECLAIR_number_of_returns,global_ECLAIR_class
ECLAIR,/csehome/m23csa510/lidar_experiments/datasets/eclair/pointclouds/pointcloud_976.laz,891867,366100.0,6674400.0,22.726,366199.999,6674499.999,94.543,99.99900000001071,99.99899999983609,71.81700000000001,89.188483760893,"[0.0, 9918.0, 45679.0, 53963.01000000001, 65535.0]","[1.0, 1.0, 1.0, 3.0, 7.0]","[1.0, 1.0, 1.0, 4.0, 8.0]",global_ECLAIR_intensity,global_ECLAIR_return_number,global_ECLAIR_number_of_returns,global_ECLAIR_class
ECLAIR,/csehome/m23csa510/lidar_experiments/datasets/eclair/pointclouds/pointcloud_977.laz,798075,366100.0,6674500.0,25.180999999999997,366199.999,6674599.996,63.46,99.99900000001071,99.99600000027567,38.279,79.81149054237396,"[5041.0, 10976.99, 41070.0, 53653.0, 65535.0]","[1.0, 1.0, 1.0, 4.0, 7.0]","[1.0, 1.0, 1.0, 4.0, 7.0]",global_ECLAIR_intensity,global_ECLAIR_return_number,global_ECLAIR_number_of_returns,global_ECLAIR_class
ECLAIR,/csehome/m23csa510/lidar_experiments/datasets/eclair/pointclouds/pointcloud_978.laz,4171,366100.002,6674600.002,28.971,366132.087,6674618.763,43.079,32.085000000020955,18.760999999940395,14.108,6.929185098860587,"[12905.0, 15010.0, 39834.0, 51150.90000000001, 53960.0]","[1.0, 1.0, 1.0, 4.0, 6.0]","[1.0, 1.0, 2.0, 4.0, 6.0]",global_ECLAIR_intensity,global_ECLAIR_return_number,global_ECLAIR_number_of_returns,global_ECLAIR_class
ECLAIR,/csehome/m23csa510/lidar_experiments/datasets/eclair/pointclouds/pointcloud_979.laz,138836,366100.0,6676630.981,33.254,366199.999,6676699.998,64.366,99.99900000001071,69.01699999999255,31.112000000000002,20.116404418314886,"[9756.0, 22052.250000000004, 49514.0, 52238.0, 55058.0]","[1.0, 1.0, 1.0, 3.0, 7.0]","[1.0, 1.0, 1.0, 4.0, 7.0]",global_ECLAIR_intensity,global_ECLAIR_return_number,global_ECLAIR_number_of_returns,global_ECLAIR_class
ECLAIR,/csehome/m23csa510/lidar_experiments/datasets/eclair/pointclouds/pointcloud_98.laz,310535,361600.0,6671100.026,40.866,361699.999,6671199.999,70.337,99.99900000001071,99.97300000023097,29.471000000000004,31.062197331309765,"[5199.0, 10917.34, 35742.0, 50927.659999999974, 57919.0]","[1.0, 1.0, 1.0, 4.0, 8.0]","[1.0, 1.0, 2.0, 5.0, 8.0]",global_ECLAIR_intensity,global_ECLAIR_return_number,global_ECLAIR_number_of_returns,global_ECLAIR_class
ECLAIR,/csehome/m23csa510/lidar_experiments/datasets/eclair/pointclouds/pointcloud_980.laz,526106,366100.0,6676700.0,33.323,366199.999,6676799.999,115.158,99.99900000001071,99.99899999983609,81.83500000000001,52.61165222786399,"[466.0, 9415.99, 46533.0, 53441.0, 65535.0]","[1.0, 1.0, 1.0, 4.0, 8.0]","[1.0, 1.0, 1.0, 5.0, 8.0]",global_ECLAIR_intensity,global_ECLAIR_return_number,global_ECLAIR_number_of_returns,global_ECLAIR_class
ECLAIR,/csehome/m23csa510/lidar_experiments/datasets/eclair/pointclouds/pointcloud_981.laz,468416,366100.0,6676800.0,37.035,366199.999,6676893.601,99.229,99.99900000001071,93.60099999979138,62.194,50.04441023149708,"[1109.0, 11222.0, 36603.0, 51591.84999999998, 57277.0]","[1.0, 1.0, 1.0, 4.0, 8.0]","[1.0, 1.0, 2.0, 5.0, 8.0]",global_ECLAIR_intensity,global_ECLAIR_return_number,global_ECLAIR_number_of_returns,global_ECLAIR_class
ECLAIR,/csehome/m23csa510/lidar_experiments/datasets/eclair/pointclouds/pointcloud_982.laz,299456,366200.0,6674331.873,18.064,366299.999,6674399.999,45.312,99.99900000001071,68.12600000016391,27.247999999999998,43.95663837436417,"[11091.0, 16305.55, 45235.0, 52459.90000000002, 64998.0]","[1.0, 1.0, 1.0, 3.0, 7.0]","[1.0, 1.0, 1.0, 4.0, 7.0]",global_ECLAIR_intensity,global_ECLAIR_return_number,global_ECLAIR_number_of_returns,global_ECLAIR_class
ECLAIR,/csehome/m23csa510/lidar_experiments/datasets/eclair/pointclouds/pointcloud_983.laz,848247,366200.0,6674400.0,20.694,366299.999,6674499.999,94.463,99.99900000001071,99.99899999983609,73.76899999999999,84.8263965195777,"[0.0, 12421.98, 47905.0, 53674.0, 65535.0]","[1.0, 1.0, 1.0, 3.0, 8.0]","[1.0, 1.0, 1.0, 4.0, 8.0]",global_ECLAIR_intensity,global_ECLAIR_return_number,global_ECLAIR_number_of_returns,global_ECLAIR_class
ECLAIR,/csehome/m23csa510/lidar_experiments/datasets/eclair/pointclouds/pointcloud_984.laz,632788,366200.0,6674500.0,21.488999999999997,366299.999,6674598.828,56.86,99.99900000001071,98.82799999974668,35.371,64.02986278633927,"[6122.0, 12095.0, 41724.0, 54372.0, 65535.0]","[1.0, 1.0, 1.0, 4.0, 7.0]","[1.0, 1.0, 1.0, 5.0, 7.0]",global_ECLAIR_intensity,global_ECLAIR_return_number,global_ECLAIR_number_of_returns,global_ECLAIR_class
ECLAIR,/csehome/m23csa510/lidar_experiments/datasets/eclair/pointclouds/pointcloud_985.laz,149482,366200.001,6676643.14,34.435,366299.999,6676699.999,73.267,99.99800000002142,56.85900000017136,38.831999999999994,26.290471112631504,"[9197.0, 13025.81, 35673.0, 51795.0, 57456.0]","[1.0, 1.0, 2.0, 5.0, 8.0]","[1.0, 1.0, 2.0, 6.0, 8.0]",global_ECLAIR_intensity,global_ECLAIR_return_number,global_ECLAIR_number_of_returns,global_ECLAIR_class
ECLAIR,/csehome/m23csa510/lidar_experiments/datasets/eclair/pointclouds/pointcloud_986.laz,701590,366200.0,6676700.0,38.543,366299.999,6676799.999,120.806,99.99900000001071,99.99899999983609,82.263,70.16040320115548,"[0.0, 8524.0, 43210.0, 54025.0, 65535.0]","[1.0, 1.0, 1.0, 4.0, 8.0]","[1.0, 1.0, 2.0, 5.0, 8.0]",global_ECLAIR_intensity,global_ECLAIR_return_number,global_ECLAIR_number_of_returns,global_ECLAIR_class
ECLAIR,/csehome/m23csa510/lidar_experiments/datasets/eclair/pointclouds/pointcloud_987.laz,554775,366200.0,6676800.0,39.932,366299.999,6676899.999,111.09700000000001,99.99900000001071,99.99899999983609,71.165,55.478609566728466,"[0.0, 11019.0, 39347.0, 52997.0, 57683.0]","[1.0, 1.0, 1.0, 4.0, 8.0]","[1.0, 1.0, 2.0, 5.0, 8.0]",global_ECLAIR_intensity,global_ECLAIR_return_number,global_ECLAIR_number_of_returns,global_ECLAIR_class
ECLAIR,/csehome/m23csa510/lidar_experiments/datasets/eclair/pointclouds/pointcloud_988.laz,5008,366213.992,6676900.001,40.885,366299.294,6676915.169,61.693,85.30199999996694,15.167999999597669,20.808,3.87058657921495,"[15129.0, 16702.21, 38884.0, 50349.37, 52535.0]","[1.0, 1.0, 2.0, 5.0, 7.0]","[1.0, 1.0, 2.0, 5.0, 7.0]",global_ECLAIR_intensity,global_ECLAIR_return_number,global_ECLAIR_number_of_returns,global_ECLAIR_class
ECLAIR,/csehome/m23csa510/lidar_experiments/datasets/eclair/pointclouds/pointcloud_989.laz,422900,366300.0,6674322.818,18.089,366399.999,6674399.999,45.565,99.99900000001071,77.18099999986589,27.476,54.79382607675205,"[7726.0, 14171.99, 42743.0, 52779.0, 65535.0]","[1.0, 1.0, 1.0, 4.0, 8.0]","[1.0, 1.0, 1.0, 4.0, 8.0]",global_ECLAIR_intensity,global_ECLAIR_return_number,global_ECLAIR_number_of_returns,global_ECLAIR_class
ECLAIR,/csehome/m23csa510/lidar_experiments/datasets/eclair/pointclouds/pointcloud_99.laz,630920,361600.0,6671200.0,40.666,361699.999,6671299.999,108.069,99.99900000001071,99.99899999983609,67.403,63.093261859024516,"[1372.0, 8845.0, 41424.0, 54033.0, 58461.0]","[1.0, 1.0, 1.0, 4.0, 8.0]","[1.0, 1.0, 2.0, 5.0, 8.0]",global_ECLAIR_intensity,global_ECLAIR_return_number,global_ECLAIR_number_of_returns,global_ECLAIR_class
ECLAIR,/csehome/m23csa510/lidar_experiments/datasets/eclair/pointclouds/pointcloud_990.laz,776226,366300.0,6674400.0,20.173000000000002,366399.999,6674499.999,93.89500000000001,99.99900000001071,99.99899999983609,73.72200000000001,77.624152475406,"[0.0, 25595.96, 47109.0, 53188.0, 65535.0]","[1.0, 1.0, 1.0, 2.0, 6.0]","[1.0, 1.0, 1.0, 2.0, 6.0]",global_ECLAIR_intensity,global_ECLAIR_return_number,global_ECLAIR_number_of_returns,global_ECLAIR_class
ECLAIR,/csehome/m23csa510/lidar_experiments/datasets/eclair/pointclouds/pointcloud_991.laz,609179,366300.0,6674500.0,21.017,366399.999,6674587.136,49.237,99.99900000001071,87.1359999999404,28.220000000000002,69.91198722127135,"[7383.0, 12793.0, 39680.0, 52185.0, 65535.0]","[1.0, 1.0, 1.0, 4.0, 8.0]","[1.0, 1.0, 2.0, 5.0, 8.0]",global_ECLAIR_intensity,global_ECLAIR_return_number,global_ECLAIR_number_of_returns,global_ECLAIR_class
ECLAIR,/csehome/m23csa510/lidar_experiments/datasets/eclair/pointclouds/pointcloud_992.laz,115184,366300.0,6676662.968,41.502,366399.998,6676699.999,69.564,99.99800000002142,37.03099999949336,28.06199999999999,31.105372182124643,"[12711.0, 15948.0, 39445.0, 52452.17, 65535.0]","[1.0, 1.0, 1.0, 4.0, 7.0]","[1.0, 1.0, 2.0, 5.0, 7.0]",global_ECLAIR_intensity,global_ECLAIR_return_number,global_ECLAIR_number_of_returns,global_ECLAIR_class
ECLAIR,/csehome/m23csa510/lidar_experiments/datasets/eclair/pointclouds/pointcloud_993.laz,755912,366300.0,6676700.0,40.742,366399.999,6676799.999,124.717,99.99900000001071,99.99899999983609,83.975,75.59271184679348,"[566.0, 9609.0, 38283.0, 53485.0, 65535.0]","[1.0, 1.0, 1.0, 4.0, 8.0]","[1.0, 1.0, 2.0, 5.0, 8.0]",global_ECLAIR_intensity,global_ECLAIR_return_number,global_ECLAIR_number_of_returns,global_ECLAIR_class
ECLAIR,/csehome/m23csa510/lidar_experiments/datasets/eclair/pointclouds/pointcloud_994.laz,681944,366300.0,6676800.0,49.275,366399.999,6676899.999,116.748,99.99900000001071,99.99899999983609,67.47300000000001,68.19576390856307,"[1438.0, 11676.0, 41030.0, 53082.0, 63280.0]","[1.0, 1.0, 1.0, 4.0, 8.0]","[1.0, 1.0, 2.0, 5.0, 8.0]",global_ECLAIR_intensity,global_ECLAIR_return_number,global_ECLAIR_number_of_returns,global_ECLAIR_class
ECLAIR,/csehome/m23csa510/lidar_experiments/datasets/eclair/pointclouds/pointcloud_995.laz,37265,366300.029,6676900.0,53.042,366399.999,6676930.896,77.154,99.97000000003027,30.895999999716878,24.111999999999995,12.06505141610136,"[12485.0, 15106.64, 35380.0, 50049.0, 53666.0]","[1.0, 1.0, 2.0, 4.0, 7.0]","[1.0, 1.0, 2.0, 5.0, 7.0]",global_ECLAIR_intensity,global_ECLAIR_return_number,global_ECLAIR_number_of_returns,global_ECLAIR_class
ECLAIR,/csehome/m23csa510/lidar_experiments/datasets/eclair/pointclouds/pointcloud_996.laz,425217,366400.0,6674316.251,18.846,366499.999,6674399.999,44.8,99.99900000001071,83.74799999967217,25.953999999999997,50.773899342568306,"[6592.0, 14192.32, 42959.0, 52671.0, 65535.0]","[1.0, 1.0, 1.0, 3.0, 7.0]","[1.0, 1.0, 1.0, 4.0, 7.0]",global_ECLAIR_intensity,global_ECLAIR_return_number,global_ECLAIR_number_of_returns,global_ECLAIR_class
ECLAIR,/csehome/m23csa510/lidar_experiments/datasets/eclair/pointclouds/pointcloud_997.laz,882790,366400.0,6674400.0,18.809,366499.999,6674499.999,89.759,99.99900000001071,99.99899999983609,70.95,88.2807656066193,"[440.0, 11253.99, 44246.0, 52834.0, 65535.0]","[1.0, 1.0, 1.0, 4.0, 8.0]","[1.0, 1.0, 1.0, 5.0, 8.0]",global_ECLAIR_intensity,global_ECLAIR_return_number,global_ECLAIR_number_of_returns,global_ECLAIR_class
ECLAIR,/csehome/m23csa510/lidar_experiments/datasets/eclair/pointclouds/pointcloud_998.laz,374066,366400.0,6674500.0,22.323,366499.999,6674585.918,46.423,99.99900000001071,85.91799999959767,24.1,43.537994448092206,"[8179.0, 16260.3, 42866.0, 54338.34999999998, 65535.0]","[1.0, 1.0, 1.0, 3.0, 7.0]","[1.0, 1.0, 1.0, 4.0, 7.0]",global_ECLAIR_intensity,global_ECLAIR_return_number,global_ECLAIR_number_of_returns,global_ECLAIR_class
ECLAIR,/csehome/m23csa510/lidar_experiments/datasets/eclair/pointclouds/pointcloud_999.laz,7765,366400.0,6676670.478,43.105000000000004,366459.337,6676699.999,68.029,59.336999999999534,29.520999999716878,24.923999999999992,4.432868110746744,"[14146.0, 16144.64, 32317.0, 51905.36, 54117.0]","[1.0, 1.0, 2.0, 5.0, 7.0]","[1.0, 1.0, 3.0, 6.0, 7.0]",global_ECLAIR_intensity,global_ECLAIR_return_number,global_ECLAIR_number_of_returns,global_ECLAIR_class
DALES,/scratch/m23csa510/dales/dales/all/5080_54400.las,12219779,508000.02,5439999.97,53.64,508500.05,5440500.0,104.2,500.02999999996973,500.03000000026077,50.56,48.873251033909696,"[0.0, 0.0, 0.0, 0.0, 0.0]","[1.0, 1.0, 1.0, 5.0, 7.0]","[1.0, 1.0, 1.0, 6.0, 7.0]",global_DALES_intensity,global_DALES_return_number,global_DALES_number_of_returns,global_DALES_class
DALES,/scratch/m23csa510/dales/dales/all/5080_54435.las,11345691,507999.99,5443499.98,79.61,508500.04000000004,5444000.0200000005,127.99000000000001,500.05000000004657,500.04000000003725,48.38000000000001,45.37459620967788,"[0.0, 0.0, 0.0, 0.0, 0.0]","[1.0, 1.0, 1.0, 4.0, 7.0]","[1.0, 1.0, 1.0, 5.0, 7.0]",global_DALES_intensity,global_DALES_return_number,global_DALES_number_of_returns,global_DALES_class
DALES,/scratch/m23csa510/dales/dales/all/5080_54470.las,11862897,508000.02,5447000.04,77.84,508500.06,5447500.07,128.94,500.03999999997905,500.03000000026077,51.099999999999994,47.44494547987432,"[0.0, 0.0, 0.0, 0.0, 0.0]","[1.0, 1.0, 1.0, 4.0, 7.0]","[1.0, 1.0, 1.0, 5.0, 7.0]",global_DALES_intensity,global_DALES_return_number,global_DALES_number_of_returns,global_DALES_class
DALES,/scratch/m23csa510/dales/dales/all/5085_54320.las,14394749,508500.01,5431999.92,-3.0,509000.05,5432499.96,87.60000000000001,500.03999999997905,500.04000000003725,90.60000000000001,57.56978446603694,"[0.0, 0.0, 0.0, 0.0, 0.0]","[1.0, 1.0, 1.0, 5.0, 7.0]","[1.0, 1.0, 2.0, 6.0, 7.0]",global_DALES_intensity,global_DALES_return_number,global_DALES_number_of_returns,global_DALES_class
DALES,/scratch/m23csa510/dales/dales/all/5095_54440.las,11703345,509500.01,5444000.0,60.11,510000.04000000004,5444500.04,111.81,500.03000000002794,500.04000000003725,51.7,46.80682681956639,"[0.0, 0.0, 0.0, 0.0, 0.0]","[1.0, 1.0, 1.0, 5.0, 7.0]","[1.0, 1.0, 1.0, 6.0, 7.0]",global_DALES_intensity,global_DALES_return_number,global_DALES_number_of_returns,global_DALES_class
DALES,/scratch/m23csa510/dales/dales/all/5095_54455.las,13561343,509500.0,5445500.01,62.58,510000.05,5446000.04,112.18,500.04999999998836,500.03000000026077,49.60000000000001,54.23669380354424,"[0.0, 0.0, 0.0, 0.0, 0.0]","[1.0, 1.0, 1.0, 5.0, 7.0]","[1.0, 1.0, 1.0, 6.0, 7.0]",global_DALES_intensity,global_DALES_return_number,global_DALES_number_of_returns,global_DALES_class
DALES,/scratch/m23csa510/dales/dales/all/5100_54440.las,11680495,510000.0,5443999.99,52.54,510500.03,5444500.03,127.27,500.03000000002794,500.04000000003725,74.72999999999999,46.71543961421381,"[0.0, 0.0, 0.0, 0.0, 0.0]","[1.0, 1.0, 1.0, 5.0, 7.0]","[1.0, 1.0, 1.0, 6.0, 7.0]",global_DALES_intensity,global_DALES_return_number,global_DALES_number_of_returns,global_DALES_class
DALES,/scratch/m23csa510/dales/dales/all/5100_54490.las,12045879,510000.05,5449000.01,72.71000000000001,510500.08,5449500.04,122.16,500.03000000002794,500.03000000026077,49.44999999999999,48.177734498392525,"[0.0, 0.0, 0.0, 0.0, 0.0]","[1.0, 1.0, 1.0, 4.0, 7.0]","[1.0, 1.0, 1.0, 5.0, 7.0]",global_DALES_intensity,global_DALES_return_number,global_DALES_number_of_returns,global_DALES_class
DALES,/scratch/m23csa510/dales/dales/all/5100_54495.las,12085953,510000.05,5449500.01,55.6,510500.08,5450000.05,111.26,500.03000000002794,500.04000000003725,55.660000000000004,48.33704458173444,"[0.0, 0.0, 0.0, 0.0, 0.0]","[1.0, 1.0, 1.0, 4.0, 7.0]","[1.0, 1.0, 1.0, 5.0, 7.0]",global_DALES_intensity,global_DALES_return_number,global_DALES_number_of_returns,global_DALES_class
DALES,/scratch/m23csa510/dales/dales/all/5105_54405.las,11915905,510500.0,5440499.98,60.34,511000.04000000004,5441000.01,116.48,500.04000000003725,500.02999999932945,56.14,47.656947798615214,"[0.0, 0.0, 0.0, 0.0, 0.0]","[1.0, 1.0, 1.0, 4.0, 7.0]","[1.0, 1.0, 1.0, 5.0, 7.0]",global_DALES_intensity,global_DALES_return_number,global_DALES_number_of_returns,global_DALES_class
DALES,/scratch/m23csa510/dales/dales/all/5105_54460.las,12954374,510500.01,5446000.0,48.74,511000.05,5446500.0200000005,109.85000000000001,500.03999999997905,500.0200000004843,61.11000000000001,51.81127848073821,"[0.0, 0.0, 0.0, 0.0, 0.0]","[1.0, 1.0, 1.0, 5.0, 7.0]","[1.0, 1.0, 1.0, 6.0, 7.0]",global_DALES_intensity,global_DALES_return_number,global_DALES_number_of_returns,global_DALES_class
DALES,/scratch/m23csa510/dales/dales/all/5110_54320.las,17747769,511000.01,5431999.97,60.59,511500.02,5432500.0,148.45000000000002,500.0100000000093,500.03000000026077,87.86000000000001,70.98539708301253,"[0.0, 0.0, 0.0, 0.0, 0.0]","[1.0, 1.0, 1.0, 5.0, 7.0]","[1.0, 1.0, 3.0, 6.0, 7.0]",global_DALES_intensity,global_DALES_return_number,global_DALES_number_of_returns,global_DALES_class
DALES,/scratch/m23csa510/dales/dales/all/5110_54460.las,13784200,511000.01,5446000.0,36.5,511500.04000000004,5446500.0200000005,90.54,500.03000000002794,500.0200000004843,54.040000000000006,55.13128673895453,"[0.0, 0.0, 0.0, 0.0, 0.0]","[1.0, 1.0, 1.0, 5.0, 7.0]","[1.0, 1.0, 1.0, 6.0, 7.0]",global_DALES_intensity,global_DALES_return_number,global_DALES_number_of_returns,global_DALES_class
DALES,/scratch/m23csa510/dales/dales/all/5110_54475.las,11981458,511000.02,5447499.99,28.63,511500.06,5448000.0200000005,197.03,500.03999999997905,500.03000000026077,168.4,47.91912309273224,"[0.0, 0.0, 0.0, 0.0, 0.0]","[1.0, 1.0, 1.0, 4.0, 7.0]","[1.0, 1.0, 1.0, 6.0, 7.0]",global_DALES_intensity,global_DALES_return_number,global_DALES_number_of_returns,global_DALES_class
DALES,/scratch/m23csa510/dales/dales/all/5110_54495.las,11930713,511000.05,5449500.0,68.22,511500.08,5450000.04,133.05,500.03000000002794,500.04000000003725,64.83000000000001,47.71617150694518,"[0.0, 0.0, 0.0, 0.0, 0.0]","[1.0, 1.0, 1.0, 4.0, 7.0]","[1.0, 1.0, 1.0, 5.0, 7.0]",global_DALES_intensity,global_DALES_return_number,global_DALES_number_of_returns,global_DALES_class
DALES,/scratch/m23csa510/dales/dales/all/5115_54480.las,13669819,511500.03,5447999.98,74.44,512000.06,5448500.0200000005,167.74,500.02999999996973,500.04000000003725,93.30000000000001,54.67162171053598,"[0.0, 0.0, 0.0, 0.0, 0.0]","[1.0, 1.0, 1.0, 5.0, 7.0]","[1.0, 1.0, 1.0, 6.0, 7.0]",global_DALES_intensity,global_DALES_return_number,global_DALES_number_of_returns,global_DALES_class
DALES,/scratch/m23csa510/dales/dales/all/5120_54445.las,13886734,512000.0,5444500.0,15.9,512500.04000000004,5445000.03,81.58,500.04000000003725,500.03000000026077,65.67999999999999,55.539160250943794,"[0.0, 0.0, 0.0, 0.0, 0.0]","[1.0, 1.0, 1.0, 5.0, 7.0]","[1.0, 1.0, 1.0, 6.0, 7.0]",global_DALES_intensity,global_DALES_return_number,global_DALES_number_of_returns,global_DALES_class
DALES,/scratch/m23csa510/dales/dales/all/5130_54355.las,12148800,512999.99,5435499.99,-5.19,513500.02,5436000.03,40.77,500.03000000002794,500.04000000003725,45.96,48.5883973911346,"[0.0, 0.0, 0.0, 0.0, 0.0]","[1.0, 1.0, 1.0, 4.0, 7.0]","[1.0, 1.0, 1.0, 5.0, 7.0]",global_DALES_intensity,global_DALES_return_number,global_DALES_number_of_returns,global_DALES_class
DALES,/scratch/m23csa510/dales/dales/all/5135_54430.las,12448577,513500.0,5443000.01,12.72,514000.04000000004,5443500.04,66.85,500.04000000003725,500.03000000026077,54.129999999999995,49.787337533736384,"[0.0, 0.0, 0.0, 0.0, 0.0]","[1.0, 1.0, 1.0, 5.0, 7.0]","[1.0, 1.0, 1.0, 6.0, 7.0]",global_DALES_intensity,global_DALES_return_number,global_DALES_number_of_returns,global_DALES_class
DALES,/scratch/m23csa510/dales/dales/all/5135_54435.las,14196538,513500.0,5443500.01,-2.7,514000.04000000004,5444000.04,56.64,500.04000000003725,500.03000000026077,59.34,56.77820277904172,"[0.0, 0.0, 0.0, 0.0, 0.0]","[1.0, 1.0, 1.0, 5.0, 7.0]","[1.0, 1.0, 2.0, 6.0, 7.0]",global_DALES_intensity,global_DALES_return_number,global_DALES_number_of_returns,global_DALES_class
DALES,/scratch/m23csa510/dales/dales/all/5135_54495.las,11843709,513500.01,5449499.99,77.13,514000.04000000004,5450000.03,127.63000000000001,500.03000000002794,500.04000000003725,50.500000000000014,47.36820422403508,"[0.0, 0.0, 0.0, 0.0, 0.0]","[1.0, 1.0, 1.0, 4.0, 7.0]","[1.0, 1.0, 1.0, 5.0, 7.0]",global_DALES_intensity,global_DALES_return_number,global_DALES_number_of_returns,global_DALES_class
DALES,/scratch/m23csa510/dales/dales/all/5140_54390.las,11988490,514000.01,5439000.0,11.92,514500.04000000004,5439500.03,80.32000000000001,500.03000000002794,500.03000000026077,68.4,47.94820604263365,"[0.0, 0.0, 0.0, 0.0, 0.0]","[1.0, 1.0, 1.0, 4.0, 7.0]","[1.0, 1.0, 1.0, 5.0, 7.0]",global_DALES_intensity,global_DALES_return_number,global_DALES_number_of_returns,global_DALES_class
DALES,/scratch/m23csa510/dales/dales/all/5140_54445.las,12247389,514000.0,5444500.0,34.74,514500.03,5445000.03,104.01,500.03000000002794,500.03000000026077,69.27000000000001,48.983677782296596,"[0.0, 0.0, 0.0, 0.0, 0.0]","[1.0, 1.0, 1.0, 4.0, 7.0]","[1.0, 1.0, 1.0, 5.0, 7.0]",global_DALES_intensity,global_DALES_return_number,global_DALES_number_of_returns,global_DALES_class
DALES,/scratch/m23csa510/dales/dales/all/5145_54340.las,12059123,514499.98000000004,5434000.0,32.7,515000.02,5434500.03,87.12,500.03999999997905,500.03000000026077,54.42,48.22973960492943,"[0.0, 0.0, 0.0, 0.0, 0.0]","[1.0, 1.0, 1.0, 4.0, 7.0]","[1.0, 1.0, 1.0, 5.0, 7.0]",global_DALES_intensity,global_DALES_return_number,global_DALES_number_of_returns,global_DALES_class
DALES,/scratch/m23csa510/dales/dales/all/5145_54405.las,12163352,514500.01,5440500.0,-3.65,515000.05,5441000.04,49.11,500.03999999997905,500.04000000003725,52.76,48.64562438876422,"[0.0, 0.0, 0.0, 0.0, 0.0]","[1.0, 1.0, 1.0, 4.0, 7.0]","[1.0, 1.0, 1.0, 6.0, 7.0]",global_DALES_intensity,global_DALES_return_number,global_DALES_number_of_returns,global_DALES_class
DALES,/scratch/m23csa510/dales/dales/all/5145_54460.las,12342171,514500.01,5445999.99,52.49,515000.04000000004,5446500.0200000005,137.77,500.03000000002794,500.03000000026077,85.28,49.36276029103063,"[0.0, 0.0, 0.0, 0.0, 0.0]","[1.0, 1.0, 1.0, 4.0, 7.0]","[1.0, 1.0, 1.0, 6.0, 7.0]",global_DALES_intensity,global_DALES_return_number,global_DALES_number_of_returns,global_DALES_class
DALES,/scratch/m23csa510/dales/dales/all/5145_54470.las,12105815,514500.01,5446999.99,83.57000000000001,515000.04000000004,5447500.0200000005,122.29,500.03000000002794,500.03000000026077,38.72,48.41744973170142,"[0.0, 0.0, 0.0, 0.0, 0.0]","[1.0, 1.0, 1.0, 4.0, 7.0]","[1.0, 1.0, 1.0, 5.0, 7.0]",global_DALES_intensity,global_DALES_return_number,global_DALES_number_of_returns,global_DALES_class
DALES,/scratch/m23csa510/dales/dales/all/5145_54480.las,12715003,514500.01,5447999.99,77.01,515000.03,5448500.0200000005,130.1,500.0200000000186,500.03000000026077,53.08999999999999,50.85492638528123,"[0.0, 0.0, 0.0, 0.0, 0.0]","[1.0, 1.0, 1.0, 5.0, 7.0]","[1.0, 1.0, 1.0, 6.0, 7.0]",global_DALES_intensity,global_DALES_return_number,global_DALES_number_of_returns,global_DALES_class
DALES,/scratch/m23csa510/dales/dales/all/5150_54325.las,11882667,514999.98000000004,5432499.99,66.94,515500.01,5433000.03,125.59,500.02999999996973,500.04000000003725,58.650000000000006,47.52401440986669,"[0.0, 0.0, 0.0, 0.0, 0.0]","[1.0, 1.0, 1.0, 4.0, 7.0]","[1.0, 1.0, 1.0, 6.0, 7.0]",global_DALES_intensity,global_DALES_return_number,global_DALES_number_of_returns,global_DALES_class
DALES,/scratch/m23csa510/dales/dales/all/5150_54340.las,13633297,514999.98000000004,5434000.0,20.650000000000002,515500.01,5434500.03,80.65,500.02999999996973,500.03000000026077,60.0,54.52664460632618,"[0.0, 0.0, 0.0, 0.0, 0.0]","[1.0, 1.0, 1.0, 5.0, 7.0]","[1.0, 1.0, 1.0, 6.0, 7.0]",global_DALES_intensity,global_DALES_return_number,global_DALES_number_of_returns,global_DALES_class
DALES,/scratch/m23csa510/dales/dales/all/5155_54335.las,12224031,515499.98000000004,5433500.01,17.47,516000.02,5434000.04,97.04,500.03999999997905,500.03000000026077,79.57000000000001,48.88927926621074,"[0.0, 0.0, 0.0, 0.0, 0.0]","[1.0, 1.0, 1.0, 5.0, 7.0]","[1.0, 1.0, 1.0, 6.0, 7.0]",global_DALES_intensity,global_DALES_return_number,global_DALES_number_of_returns,global_DALES_class
DALES,/scratch/m23csa510/dales/dales/all/5160_54330.las,12010545,515999.98000000004,5433000.0,35.84,516500.01,5433500.05,107.64,500.02999999996973,500.04999999981374,71.8,48.034494192743004,"[0.0, 0.0, 0.0, 0.0, 0.0]","[1.0, 1.0, 1.0, 4.0, 7.0]","[1.0, 1.0, 1.0, 6.0, 7.0]",global_DALES_intensity,global_DALES_return_number,global_DALES_number_of_returns,global_DALES_class
DALES,/scratch/m23csa510/dales/dales/all/5165_54390.las,12072791,516500.01,5439000.0200000005,-5.55,517000.06,5439500.05,42.11,500.04999999998836,500.02999999932945,47.66,48.28343836022762,"[0.0, 0.0, 0.0, 0.0, 0.0]","[1.0, 1.0, 1.0, 5.0, 7.0]","[1.0, 1.0, 1.0, 6.0, 7.0]",global_DALES_intensity,global_DALES_return_number,global_DALES_number_of_returns,global_DALES_class
DALES,/scratch/m23csa510/dales/dales/all/5165_54395.las,13736539,516500.02,5439500.0200000005,-1.74,517000.08,5440000.0600000005,82.68,500.0599999999977,500.04000000003725,84.42,54.93516843893076,"[0.0, 0.0, 0.0, 0.0, 0.0]","[1.0, 1.0, 1.0, 5.0, 7.0]","[1.0, 1.0, 2.0, 6.0, 7.0]",global_DALES_intensity,global_DALES_return_number,global_DALES_number_of_returns,global_DALES_class
DALES,/scratch/m23csa510/dales/dales/all/5175_54395.las,12207804,517500.02,5439500.0200000005,12.36,518000.06,5440000.05,67.69,500.03999999997905,500.02999999932945,55.33,48.82438035246116,"[0.0, 0.0, 0.0, 0.0, 0.0]","[1.0, 1.0, 1.0, 4.0, 7.0]","[1.0, 1.0, 1.0, 5.0, 7.0]",global_DALES_intensity,global_DALES_return_number,global_DALES_number_of_returns,global_DALES_class
DALES,/scratch/m23csa510/dales/dales/all/5180_54435.las,12108283,518000.0,5443500.0,2.2800000000000002,518500.03,5444000.04,57.1,500.03000000002794,500.04000000003725,54.82,48.426352078256244,"[0.0, 0.0, 0.0, 0.0, 0.0]","[1.0, 1.0, 1.0, 4.0, 7.0]","[1.0, 1.0, 1.0, 5.0, 7.0]",global_DALES_intensity,global_DALES_return_number,global_DALES_number_of_returns,global_DALES_class
DALES,/scratch/m23csa510/dales/dales/all/5180_54485.las,11950032,518000.0,5448499.98,8.790000000000001,518500.03,5449000.01,81.96000000000001,500.03000000002794,500.02999999932945,73.17,47.79439250090151,"[0.0, 0.0, 0.0, 0.0, 0.0]","[1.0, 1.0, 1.0, 5.0, 7.0]","[1.0, 1.0, 1.0, 6.0, 7.0]",global_DALES_intensity,global_DALES_return_number,global_DALES_number_of_returns,global_DALES_class
DALES,/scratch/m23csa510/dales/dales/all/5185_54390.las,11887408,518500.02,5439000.0200000005,-5.49,519000.06,5439500.04,40.64,500.03999999997905,500.01999999955297,46.13,47.54392657671473,"[0.0, 0.0, 0.0, 0.0, 0.0]","[1.0, 1.0, 1.0, 4.0, 7.0]","[1.0, 1.0, 1.0, 5.0, 7.0]",global_DALES_intensity,global_DALES_return_number,global_DALES_number_of_returns,global_DALES_class
DALES,/scratch/m23csa510/dales/dales/all/5185_54485.las,14539130,518500.0,5448499.98,4.01,519000.03,5449000.0200000005,99.17,500.03000000002794,500.04000000003725,95.16,58.1483789478275,"[0.0, 0.0, 0.0, 0.0, 0.0]","[1.0, 1.0, 1.0, 5.0, 7.0]","[1.0, 1.0, 2.0, 6.0, 7.0]",global_DALES_intensity,global_DALES_return_number,global_DALES_number_of_returns,global_DALES_class
DALES,/scratch/m23csa510/dales/dales/all/5190_54400.las,12028976,519000.02,5440000.0200000005,4.69,519500.05,5440500.05,48.370000000000005,500.02999999996973,500.02999999932945,43.68000000000001,48.110130611197626,"[0.0, 0.0, 0.0, 0.0, 0.0]","[1.0, 1.0, 1.0, 4.0, 7.0]","[1.0, 1.0, 1.0, 5.0, 7.0]",global_DALES_intensity,global_DALES_return_number,global_DALES_number_of_returns,global_DALES_class
